head	relation	tail
Rotigotine	contraindication	hypertensive disorder
Rotigotine	contraindication	hypertension
Estradiol valerate	contraindication	hypertensive disorder
Estradiol valerate	contraindication	hypertension
Synephrine	contraindication	hypertensive disorder
Synephrine	contraindication	hypertension
Venlafaxine	contraindication	hypertensive disorder
Venlafaxine	contraindication	hypertension
Desvenlafaxine	contraindication	hypertensive disorder
Desvenlafaxine	contraindication	hypertension
Guaifenesin	contraindication	hypertensive disorder
Guaifenesin	contraindication	hypertension
Milnacipran	contraindication	hypertensive disorder
Milnacipran	contraindication	hypertension
Phenyltoloxamine	contraindication	hypertensive disorder
Phenyltoloxamine	contraindication	hypertension
Mepyramine	contraindication	hypertensive disorder
Mepyramine	contraindication	hypertension
Tripelennamine	contraindication	hypertensive disorder
Tripelennamine	contraindication	hypertension
Methapyrilene	contraindication	hypertensive disorder
Methapyrilene	contraindication	hypertension
Antazoline	contraindication	hypertensive disorder
Antazoline	contraindication	hypertension
Polyvinyl alcohol	contraindication	hypertensive disorder
Polyvinyl alcohol	contraindication	hypertension
Diethylpropion	contraindication	hypertensive disorder
Diethylpropion	contraindication	hypertension
Pseudoephedrine	contraindication	hypertensive disorder
Pseudoephedrine	contraindication	hypertension
Guaiacol	contraindication	hypertensive disorder
Guaiacol	contraindication	hypertension
Salmeterol	contraindication	hypertensive disorder
Salmeterol	contraindication	hypertension
Acrivastine	contraindication	hypertensive disorder
Acrivastine	contraindication	hypertension
Homatropine	contraindication	hypertensive disorder
Homatropine	contraindication	hypertension
Potassium citrate	contraindication	hypertensive disorder
Potassium citrate	contraindication	hypertension
Brompheniramine	contraindication	hypertensive disorder
Brompheniramine	contraindication	hypertension
Pheniramine	contraindication	hypertensive disorder
Pheniramine	contraindication	hypertension
Benzatropine	contraindication	hypertensive disorder
Benzatropine	contraindication	hypertension
Raloxifene	contraindication	hypertensive disorder
Raloxifene	contraindication	hypertension
Perazine	contraindication	hypertensive disorder
Perazine	contraindication	hypertension
Mometasone furoate	contraindication	hypertensive disorder
Mometasone furoate	contraindication	hypertension
Cetirizine	contraindication	hypertensive disorder
Cetirizine	contraindication	hypertension
Fexofenadine	contraindication	hypertensive disorder
Fexofenadine	contraindication	hypertension
Atomoxetine	contraindication	hypertensive disorder
Atomoxetine	contraindication	hypertension
Orphenadrine	contraindication	hypertensive disorder
Orphenadrine	contraindication	hypertension
Riboflavin	contraindication	hypertensive disorder
Riboflavin	contraindication	hypertension
Methylprednisolone	contraindication	hypertensive disorder
Methylprednisolone	contraindication	hypertension
Chlorcyclizine	contraindication	hypertensive disorder
Chlorcyclizine	contraindication	hypertension
Cyclizine	contraindication	hypertensive disorder
Cyclizine	contraindication	hypertension
Warfarin	contraindication	hypertensive disorder
Warfarin	contraindication	hypertension
Fluticasone propionate	contraindication	hypertensive disorder
Fluticasone propionate	contraindication	hypertension
Homatropine methylbromide	contraindication	hypertensive disorder
Homatropine methylbromide	contraindication	hypertension
Loratadine	contraindication	hypertensive disorder
Loratadine	contraindication	hypertension
Levonorgestrel	contraindication	hypertensive disorder
Levonorgestrel	contraindication	hypertension
Clofedanol	contraindication	hypertensive disorder
Clofedanol	contraindication	hypertension
Citric acid	contraindication	hypertensive disorder
Citric acid	contraindication	hypertension
Tromethamine	contraindication	hypertensive disorder
Tromethamine	contraindication	hypertension
Procyclidine	contraindication	hypertensive disorder
Procyclidine	contraindication	hypertension
Pentoxyverine	contraindication	hypertensive disorder
Pentoxyverine	contraindication	hypertension
Dicyclomine	contraindication	hypertensive disorder
Dicyclomine	contraindication	hypertension
Nafarelin	contraindication	hypertensive disorder
Nafarelin	contraindication	hypertension
Isoprenaline	contraindication	hypertensive disorder
Isoprenaline	contraindication	hypertension
Potassium Iodide	contraindication	hypertensive disorder
Potassium Iodide	contraindication	hypertension
Histrelin	contraindication	hypertensive disorder
Histrelin	contraindication	hypertension
Pentobarbital	contraindication	hypertensive disorder
Pentobarbital	contraindication	hypertension
Secobarbital	contraindication	hypertensive disorder
Secobarbital	contraindication	hypertension
Codeine	contraindication	hypertensive disorder
Codeine	contraindication	hypertension
Fluoxymesterone	contraindication	hypertensive disorder
Fluoxymesterone	contraindication	hypertension
Sodium phosphate, monobasic	contraindication	hypertensive disorder
Sodium phosphate, monobasic	contraindication	hypertension
Isopropamide	contraindication	hypertensive disorder
Isopropamide	contraindication	hypertension
Potassium chloride	contraindication	hypertensive disorder
Potassium chloride	contraindication	hypertension
Ketorolac	contraindication	hypertensive disorder
Ketorolac	contraindication	hypertension
Formoterol	contraindication	hypertensive disorder
Formoterol	contraindication	hypertension
Prilocaine	contraindication	hypertensive disorder
Prilocaine	contraindication	hypertension
Mestranol	contraindication	hypertensive disorder
Mestranol	contraindication	hypertension
Meloxicam	contraindication	hypertensive disorder
Meloxicam	contraindication	hypertension
Medroxyprogesterone acetate	contraindication	hypertensive disorder
Medroxyprogesterone acetate	contraindication	hypertension
Clidinium	contraindication	hypertensive disorder
Clidinium	contraindication	hypertension
Didanosine	contraindication	hypertensive disorder
Didanosine	contraindication	hypertension
Liothyronine	contraindication	hypertensive disorder
Liothyronine	contraindication	hypertension
Modafinil	contraindication	hypertensive disorder
Modafinil	contraindication	hypertension
Hydroxyzine	contraindication	hypertensive disorder
Hydroxyzine	contraindication	hypertension
Norethisterone	contraindication	hypertensive disorder
Norethisterone	contraindication	hypertension
Sodium citrate	contraindication	hypertensive disorder
Sodium citrate	contraindication	hypertension
Drospirenone	contraindication	hypertensive disorder
Drospirenone	contraindication	hypertension
Echothiophate	contraindication	hypertensive disorder
Echothiophate	contraindication	hypertension
Cholecalciferol	contraindication	hypertensive disorder
Cholecalciferol	contraindication	hypertension
Apraclonidine	contraindication	hypertensive disorder
Apraclonidine	contraindication	hypertension
Dicoumarol	contraindication	hypertensive disorder
Dicoumarol	contraindication	hypertension
Goserelin	contraindication	hypertensive disorder
Goserelin	contraindication	hypertension
Benzoic acid	contraindication	hypertensive disorder
Benzoic acid	contraindication	hypertension
Salicylamide	contraindication	hypertensive disorder
Salicylamide	contraindication	hypertension
Meclofenamic acid	contraindication	hypertensive disorder
Meclofenamic acid	contraindication	hypertension
Nilotinib	contraindication	hypertensive disorder
Nilotinib	contraindication	hypertension
Desonide	contraindication	hypertensive disorder
Desonide	contraindication	hypertension
Phendimetrazine	contraindication	hypertensive disorder
Phendimetrazine	contraindication	hypertension
Methylene blue	contraindication	hypertensive disorder
Methylene blue	contraindication	hypertension
Lisdexamfetamine	contraindication	hypertensive disorder
Lisdexamfetamine	contraindication	hypertension
Ipratropium	contraindication	hypertensive disorder
Ipratropium	contraindication	hypertension
Cyclosporine	contraindication	hypertensive disorder
Cyclosporine	contraindication	hypertension
Megestrol acetate	contraindication	hypertensive disorder
Megestrol acetate	contraindication	hypertension
Acyclovir	contraindication	hypertensive disorder
Acyclovir	contraindication	hypertension
Isocarboxazid	contraindication	hypertensive disorder
Isocarboxazid	contraindication	hypertension
Phenylephrine	contraindication	hypertensive disorder
Phenylephrine	contraindication	hypertension
Orciprenaline	contraindication	hypertensive disorder
Orciprenaline	contraindication	hypertension
Theophylline	contraindication	hypertensive disorder
Theophylline	contraindication	hypertension
Prochlorperazine	contraindication	hypertensive disorder
Prochlorperazine	contraindication	hypertension
Chlordiazepoxide	contraindication	hypertensive disorder
Chlordiazepoxide	contraindication	hypertension
Testosterone	contraindication	hypertensive disorder
Testosterone	contraindication	hypertension
Testosterone cypionate	contraindication	hypertensive disorder
Testosterone cypionate	contraindication	hypertension
Methyltestosterone	contraindication	hypertensive disorder
Methyltestosterone	contraindication	hypertension
Caffeine	contraindication	hypertensive disorder
Caffeine	contraindication	hypertension
Progesterone	contraindication	hypertensive disorder
Progesterone	contraindication	hypertension
Ethinylestradiol	contraindication	hypertensive disorder
Ethinylestradiol	contraindication	hypertension
Meprobamate	contraindication	hypertensive disorder
Meprobamate	contraindication	hypertension
Amobarbital	contraindication	hypertensive disorder
Amobarbital	contraindication	hypertension
Morphine	contraindication	hypertensive disorder
Morphine	contraindication	hypertension
Oxybutynin	contraindication	hypertensive disorder
Oxybutynin	contraindication	hypertension
Dinoprost	contraindication	hypertensive disorder
Dinoprost	contraindication	hypertension
Leuprolide	contraindication	hypertensive disorder
Leuprolide	contraindication	hypertension
Metamfetamine	contraindication	hypertensive disorder
Metamfetamine	contraindication	hypertension
Sirolimus	contraindication	hypertensive disorder
Sirolimus	contraindication	hypertension
Indomethacin	contraindication	hypertensive disorder
Indomethacin	contraindication	hypertension
Estrone	contraindication	hypertensive disorder
Estrone	contraindication	hypertension
Prednisone	contraindication	hypertensive disorder
Prednisone	contraindication	hypertension
Xylometazoline	contraindication	hypertensive disorder
Xylometazoline	contraindication	hypertension
Dimenhydrinate	contraindication	hypertensive disorder
Dimenhydrinate	contraindication	hypertension
Biperiden	contraindication	hypertensive disorder
Biperiden	contraindication	hypertension
Budesonide	contraindication	hypertensive disorder
Budesonide	contraindication	hypertension
Cyclopentolate	contraindication	hypertensive disorder
Cyclopentolate	contraindication	hypertension
Dihydroergotamine	contraindication	hypertensive disorder
Dihydroergotamine	contraindication	hypertension
Flurbiprofen	contraindication	hypertensive disorder
Flurbiprofen	contraindication	hypertension
Phenelzine	contraindication	hypertensive disorder
Phenelzine	contraindication	hypertension
Dextroamphetamine	contraindication	hypertensive disorder
Dextroamphetamine	contraindication	hypertension
Levothyroxine	contraindication	hypertensive disorder
Levothyroxine	contraindication	hypertension
Histamine	contraindication	hypertensive disorder
Histamine	contraindication	hypertension
Epinephrine	contraindication	hypertensive disorder
Epinephrine	contraindication	hypertension
Norepinephrine	contraindication	hypertensive disorder
Norepinephrine	contraindication	hypertension
Scopolamine	contraindication	hypertensive disorder
Scopolamine	contraindication	hypertension
Terfenadine	contraindication	hypertensive disorder
Terfenadine	contraindication	hypertension
Sodium oxybate	contraindication	hypertensive disorder
Sodium oxybate	contraindication	hypertension
Ascorbic acid	contraindication	hypertensive disorder
Ascorbic acid	contraindication	hypertension
Oxytocin	contraindication	hypertensive disorder
Oxytocin	contraindication	hypertension
Estradiol	contraindication	hypertensive disorder
Estradiol	contraindication	hypertension
Prednisolone	contraindication	hypertensive disorder
Prednisolone	contraindication	hypertension
Hydrocortisone	contraindication	hypertensive disorder
Hydrocortisone	contraindication	hypertension
Ergocalciferol	contraindication	hypertensive disorder
Ergocalciferol	contraindication	hypertension
Phenobarbital	contraindication	hypertensive disorder
Phenobarbital	contraindication	hypertension
Cortisone acetate	contraindication	hypertensive disorder
Cortisone acetate	contraindication	hypertension
Hydrocortisone acetate	contraindication	hypertensive disorder
Hydrocortisone acetate	contraindication	hypertension
Dexamethasone	contraindication	hypertensive disorder
Dexamethasone	contraindication	hypertension
Carbinoxamine	contraindication	hypertensive disorder
Carbinoxamine	contraindication	hypertension
Triprolidine	contraindication	hypertensive disorder
Triprolidine	contraindication	hypertension
Dyphylline	contraindication	hypertensive disorder
Dyphylline	contraindication	hypertension
Doxylamine	contraindication	hypertensive disorder
Doxylamine	contraindication	hypertension
Chlorphentermine	contraindication	hypertensive disorder
Chlorphentermine	contraindication	hypertension
Fenfluramine	contraindication	hypertensive disorder
Fenfluramine	contraindication	hypertension
Zinc gluconate	contraindication	hypertensive disorder
Zinc gluconate	contraindication	hypertension
Pazopanib	contraindication	hypertensive disorder
Pazopanib	contraindication	hypertension
Vandetanib	contraindication	hypertensive disorder
Vandetanib	contraindication	hypertension
Nabumetone	contraindication	hypertensive disorder
Nabumetone	contraindication	hypertension
Etodolac	contraindication	hypertensive disorder
Etodolac	contraindication	hypertension
Dexmethylphenidate	contraindication	hypertensive disorder
Dexmethylphenidate	contraindication	hypertension
Capsaicin	contraindication	hypertensive disorder
Capsaicin	contraindication	hypertension
Azatadine	contraindication	hypertensive disorder
Azatadine	contraindication	hypertension
Pirbuterol	contraindication	hypertensive disorder
Pirbuterol	contraindication	hypertension
Bupivacaine	contraindication	hypertensive disorder
Bupivacaine	contraindication	hypertension
Sulindac	contraindication	hypertensive disorder
Sulindac	contraindication	hypertension
Betamethasone	contraindication	hypertensive disorder
Betamethasone	contraindication	hypertension
Telavancin	contraindication	hypertensive disorder
Telavancin	contraindication	hypertension
Metoclopramide	contraindication	hypertensive disorder
Metoclopramide	contraindication	hypertension
Piroxicam	contraindication	hypertensive disorder
Piroxicam	contraindication	hypertension
Dinoprostone	contraindication	hypertensive disorder
Dinoprostone	contraindication	hypertension
Norgestimate	contraindication	hypertensive disorder
Norgestimate	contraindication	hypertension
Bupropion	contraindication	hypertensive disorder
Bupropion	contraindication	hypertension
Levosalbutamol	contraindication	hypertensive disorder
Levosalbutamol	contraindication	hypertension
Auranofin	contraindication	hypertensive disorder
Auranofin	contraindication	hypertension
Dexfenfluramine	contraindication	hypertensive disorder
Dexfenfluramine	contraindication	hypertension
Levomefolic acid	contraindication	hypertensive disorder
Levomefolic acid	contraindication	hypertension
Testosterone enanthate	contraindication	hypertensive disorder
Testosterone enanthate	contraindication	hypertension
Estradiol cypionate	contraindication	hypertensive disorder
Estradiol cypionate	contraindication	hypertension
Amphetamine	contraindication	hypertensive disorder
Amphetamine	contraindication	hypertension
Estramustine	contraindication	hypertensive disorder
Estramustine	contraindication	hypertension
Ephedrine	contraindication	hypertensive disorder
Ephedrine	contraindication	hypertension
Calcium gluconate	contraindication	hypertensive disorder
Calcium gluconate	contraindication	hypertension
Propantheline	contraindication	hypertensive disorder
Propantheline	contraindication	hypertension
Carbamazepine	contraindication	hypertensive disorder
Carbamazepine	contraindication	hypertension
Fenoprofen	contraindication	hypertensive disorder
Fenoprofen	contraindication	hypertension
Difenoxin	contraindication	hypertensive disorder
Difenoxin	contraindication	hypertension
Sorafenib	contraindication	hypertensive disorder
Sorafenib	contraindication	hypertension
Tramadol	contraindication	hypertensive disorder
Tramadol	contraindication	hypertension
Tolmetin	contraindication	hypertensive disorder
Tolmetin	contraindication	hypertension
Mepenzolate	contraindication	hypertensive disorder
Mepenzolate	contraindication	hypertension
Bromocriptine	contraindication	hypertensive disorder
Bromocriptine	contraindication	hypertension
Dexchlorpheniramine	contraindication	hypertensive disorder
Dexchlorpheniramine	contraindication	hypertension
Polyethylene glycol	contraindication	hypertensive disorder
Polyethylene glycol	contraindication	hypertension
Polyethylene glycol 400	contraindication	hypertensive disorder
Polyethylene glycol 400	contraindication	hypertension
Polyethylene glycol 300	contraindication	hypertensive disorder
Polyethylene glycol 300	contraindication	hypertension
Polyethylene glycol 3500	contraindication	hypertensive disorder
Polyethylene glycol 3500	contraindication	hypertension
Terbutaline	contraindication	hypertensive disorder
Terbutaline	contraindication	hypertension
Fosamprenavir	contraindication	hypertensive disorder
Fosamprenavir	contraindication	hypertension
Diflunisal	contraindication	hypertensive disorder
Diflunisal	contraindication	hypertension
Mirabegron	contraindication	hypertensive disorder
Mirabegron	contraindication	hypertension
Naproxen	contraindication	hypertensive disorder
Naproxen	contraindication	hypertension
Ketoprofen	contraindication	hypertensive disorder
Ketoprofen	contraindication	hypertension
Oxaprozin	contraindication	hypertensive disorder
Oxaprozin	contraindication	hypertension
Bremelanotide	contraindication	hypertensive disorder
Bremelanotide	contraindication	hypertension
Magnesium salicylate	contraindication	hypertensive disorder
Magnesium salicylate	contraindication	hypertension
Salbutamol	contraindication	hypertensive disorder
Salbutamol	contraindication	hypertension
Celecoxib	contraindication	hypertensive disorder
Celecoxib	contraindication	hypertension
Desmopressin	contraindication	hypertensive disorder
Desmopressin	contraindication	hypertension
Linezolid	contraindication	hypertensive disorder
Linezolid	contraindication	hypertension
Amprenavir	contraindication	hypertensive disorder
Amprenavir	contraindication	hypertension
Frovatriptan	contraindication	hypertensive disorder
Frovatriptan	contraindication	hypertension
Ibuprofen	contraindication	hypertensive disorder
Ibuprofen	contraindication	hypertension
Clemastine	contraindication	hypertensive disorder
Clemastine	contraindication	hypertension
Benzphetamine	contraindication	hypertensive disorder
Benzphetamine	contraindication	hypertension
Tranylcypromine	contraindication	hypertensive disorder
Tranylcypromine	contraindication	hypertension
Almotriptan	contraindication	hypertensive disorder
Almotriptan	contraindication	hypertension
Diclofenac	contraindication	hypertensive disorder
Diclofenac	contraindication	hypertension
Imatinib	contraindication	hypertensive disorder
Imatinib	contraindication	hypertension
Quinestrol	contraindication	hypertensive disorder
Quinestrol	contraindication	hypertension
Tropicamide	contraindication	hypertensive disorder
Tropicamide	contraindication	hypertension
Oxymetazoline	contraindication	hypertensive disorder
Oxymetazoline	contraindication	hypertension
Butacaine	contraindication	hypertensive disorder
Butacaine	contraindication	hypertension
Phenylpropanolamine	contraindication	hypertensive disorder
Phenylpropanolamine	contraindication	hypertension
Diphenylpyraline	contraindication	hypertensive disorder
Diphenylpyraline	contraindication	hypertension
Rizatriptan	contraindication	hypertensive disorder
Rizatriptan	contraindication	hypertension
Sulfacetamide	contraindication	hypertensive disorder
Sulfacetamide	contraindication	hypertension
Trihexyphenidyl	contraindication	hypertensive disorder
Trihexyphenidyl	contraindication	hypertension
Eletriptan	contraindication	hypertensive disorder
Eletriptan	contraindication	hypertension
Ferrous fumarate	contraindication	hypertensive disorder
Ferrous fumarate	contraindication	hypertension
Pramocaine	contraindication	hypertensive disorder
Pramocaine	contraindication	hypertension
Zolmitriptan	contraindication	hypertensive disorder
Zolmitriptan	contraindication	hypertension
Lidocaine	contraindication	hypertensive disorder
Lidocaine	contraindication	hypertension
Rasagiline	contraindication	hypertensive disorder
Rasagiline	contraindication	hypertension
Hydroxocobalamin	contraindication	hypertensive disorder
Hydroxocobalamin	contraindication	hypertension
Cobalamin	contraindication	hypertensive disorder
Cobalamin	contraindication	hypertension
Phenmetrazine	contraindication	hypertensive disorder
Phenmetrazine	contraindication	hypertension
Methscopolamine	contraindication	hypertensive disorder
Methscopolamine	contraindication	hypertension
Chlorpheniramine	contraindication	hypertensive disorder
Chlorpheniramine	contraindication	hypertension
Dexbrompheniramine	contraindication	hypertensive disorder
Dexbrompheniramine	contraindication	hypertension
Zinc oxide	contraindication	hypertensive disorder
Zinc oxide	contraindication	hypertension
Cyproheptadine	contraindication	hypertensive disorder
Cyproheptadine	contraindication	hypertension
Dextromethorphan	contraindication	hypertensive disorder
Dextromethorphan	contraindication	hypertension
Butabarbital	contraindication	hypertensive disorder
Butabarbital	contraindication	hypertension
Hydrocodone	contraindication	hypertensive disorder
Hydrocodone	contraindication	hypertension
Dihydrocodeine	contraindication	hypertensive disorder
Dihydrocodeine	contraindication	hypertension
Triamcinolone	contraindication	hypertensive disorder
Triamcinolone	contraindication	hypertension
Phentermine	contraindication	hypertensive disorder
Phentermine	contraindication	hypertension
Aurothioglucose	contraindication	hypertensive disorder
Aurothioglucose	contraindication	hypertension
Naratriptan	contraindication	hypertensive disorder
Naratriptan	contraindication	hypertension
Ammonium chloride	contraindication	hypertensive disorder
Ammonium chloride	contraindication	hypertension
Tranexamic acid	contraindication	hypertensive disorder
Tranexamic acid	contraindication	hypertension
Duloxetine	contraindication	hypertensive disorder
Duloxetine	contraindication	hypertension
Methylphenidate	contraindication	hypertensive disorder
Methylphenidate	contraindication	hypertension
Ergotamine	contraindication	hypertensive disorder
Ergotamine	contraindication	hypertension
Armodafinil	contraindication	hypertensive disorder
Armodafinil	contraindication	hypertension
Triethylenetetramine	contraindication	hypertensive disorder
Triethylenetetramine	contraindication	hypertension
Quetiapine	contraindication	hypertensive disorder
Quetiapine	contraindication	hypertension
Lanreotide	contraindication	hypertensive disorder
Lanreotide	contraindication	hypertension
Tramazoline	contraindication	hypertensive disorder
Tramazoline	contraindication	hypertension
Sibutramine	contraindication	hypertensive disorder
Sibutramine	contraindication	hypertension
Tacrolimus	contraindication	hypertensive disorder
Tacrolimus	contraindication	hypertension
Sumatriptan	contraindication	hypertensive disorder
Sumatriptan	contraindication	hypertension
Lansoprazole	contraindication	hypertensive disorder
Lansoprazole	contraindication	hypertension
Hyoscyamine	contraindication	hypertensive disorder
Hyoscyamine	contraindication	hypertension
Desloratadine	contraindication	hypertensive disorder
Desloratadine	contraindication	hypertension
Calcium chloride	contraindication	hypertensive disorder
Calcium chloride	contraindication	hypertension
Methenamine	contraindication	hypertensive disorder
Methenamine	contraindication	hypertension
Benzyl alcohol	contraindication	hypertensive disorder
Benzyl alcohol	contraindication	hypertension
Pentamidine	contraindication	hypertensive disorder
Pentamidine	contraindication	hypertension
Rotigotine	contraindication	multiple system atrophy
Rotigotine	contraindication	postural orthostatic tachycardia syndrome
Rotigotine	contraindication	orthostatic hypotension
Ropinirole	contraindication	multiple system atrophy
Ropinirole	contraindication	postural orthostatic tachycardia syndrome
Ropinirole	contraindication	orthostatic hypotension
Mirtazapine	contraindication	multiple system atrophy
Mirtazapine	contraindication	postural orthostatic tachycardia syndrome
Mirtazapine	contraindication	orthostatic hypotension
Perazine	contraindication	multiple system atrophy
Perazine	contraindication	postural orthostatic tachycardia syndrome
Perazine	contraindication	orthostatic hypotension
Alimemazine	contraindication	multiple system atrophy
Alimemazine	contraindication	postural orthostatic tachycardia syndrome
Alimemazine	contraindication	orthostatic hypotension
Atomoxetine	contraindication	multiple system atrophy
Atomoxetine	contraindication	postural orthostatic tachycardia syndrome
Atomoxetine	contraindication	orthostatic hypotension
Alfuzosin	contraindication	multiple system atrophy
Alfuzosin	contraindication	postural orthostatic tachycardia syndrome
Alfuzosin	contraindication	orthostatic hypotension
Amyl Nitrite	contraindication	multiple system atrophy
Amyl Nitrite	contraindication	postural orthostatic tachycardia syndrome
Amyl Nitrite	contraindication	orthostatic hypotension
Amantadine	contraindication	multiple system atrophy
Amantadine	contraindication	postural orthostatic tachycardia syndrome
Amantadine	contraindication	orthostatic hypotension
Isopropamide	contraindication	multiple system atrophy
Isopropamide	contraindication	postural orthostatic tachycardia syndrome
Isopropamide	contraindication	orthostatic hypotension
Doxazosin	contraindication	multiple system atrophy
Doxazosin	contraindication	postural orthostatic tachycardia syndrome
Doxazosin	contraindication	orthostatic hypotension
Fluphenazine	contraindication	multiple system atrophy
Fluphenazine	contraindication	postural orthostatic tachycardia syndrome
Fluphenazine	contraindication	orthostatic hypotension
Pergolide	contraindication	multiple system atrophy
Pergolide	contraindication	postural orthostatic tachycardia syndrome
Pergolide	contraindication	orthostatic hypotension
Asenapine	contraindication	multiple system atrophy
Asenapine	contraindication	postural orthostatic tachycardia syndrome
Asenapine	contraindication	orthostatic hypotension
Terazosin	contraindication	multiple system atrophy
Terazosin	contraindication	postural orthostatic tachycardia syndrome
Terazosin	contraindication	orthostatic hypotension
Brimonidine	contraindication	multiple system atrophy
Brimonidine	contraindication	postural orthostatic tachycardia syndrome
Brimonidine	contraindication	orthostatic hypotension
Levodopa	contraindication	multiple system atrophy
Levodopa	contraindication	postural orthostatic tachycardia syndrome
Levodopa	contraindication	orthostatic hypotension
Isocarboxazid	contraindication	multiple system atrophy
Isocarboxazid	contraindication	postural orthostatic tachycardia syndrome
Isocarboxazid	contraindication	orthostatic hypotension
Etacrynic acid	contraindication	multiple system atrophy
Etacrynic acid	contraindication	postural orthostatic tachycardia syndrome
Etacrynic acid	contraindication	orthostatic hypotension
Tetrabenazine	contraindication	multiple system atrophy
Tetrabenazine	contraindication	postural orthostatic tachycardia syndrome
Tetrabenazine	contraindication	orthostatic hypotension
Promazine	contraindication	multiple system atrophy
Promazine	contraindication	postural orthostatic tachycardia syndrome
Promazine	contraindication	orthostatic hypotension
Perphenazine	contraindication	multiple system atrophy
Perphenazine	contraindication	postural orthostatic tachycardia syndrome
Perphenazine	contraindication	orthostatic hypotension
Prochlorperazine	contraindication	multiple system atrophy
Prochlorperazine	contraindication	postural orthostatic tachycardia syndrome
Prochlorperazine	contraindication	orthostatic hypotension
Chlordiazepoxide	contraindication	multiple system atrophy
Chlordiazepoxide	contraindication	postural orthostatic tachycardia syndrome
Chlordiazepoxide	contraindication	orthostatic hypotension
Caffeine	contraindication	multiple system atrophy
Caffeine	contraindication	postural orthostatic tachycardia syndrome
Caffeine	contraindication	orthostatic hypotension
Apomorphine	contraindication	multiple system atrophy
Apomorphine	contraindication	postural orthostatic tachycardia syndrome
Apomorphine	contraindication	orthostatic hypotension
Morphine	contraindication	multiple system atrophy
Morphine	contraindication	postural orthostatic tachycardia syndrome
Morphine	contraindication	orthostatic hypotension
Mesoridazine	contraindication	multiple system atrophy
Mesoridazine	contraindication	postural orthostatic tachycardia syndrome
Mesoridazine	contraindication	orthostatic hypotension
Fluoxetine	contraindication	multiple system atrophy
Fluoxetine	contraindication	postural orthostatic tachycardia syndrome
Fluoxetine	contraindication	orthostatic hypotension
Furosemide	contraindication	multiple system atrophy
Furosemide	contraindication	postural orthostatic tachycardia syndrome
Furosemide	contraindication	orthostatic hypotension
Buprenorphine	contraindication	multiple system atrophy
Buprenorphine	contraindication	postural orthostatic tachycardia syndrome
Buprenorphine	contraindication	orthostatic hypotension
Phenelzine	contraindication	multiple system atrophy
Phenelzine	contraindication	postural orthostatic tachycardia syndrome
Phenelzine	contraindication	orthostatic hypotension
Guanabenz	contraindication	multiple system atrophy
Guanabenz	contraindication	postural orthostatic tachycardia syndrome
Guanabenz	contraindication	orthostatic hypotension
Chlorpromazine	contraindication	multiple system atrophy
Chlorpromazine	contraindication	postural orthostatic tachycardia syndrome
Chlorpromazine	contraindication	orthostatic hypotension
Amitriptyline	contraindication	multiple system atrophy
Amitriptyline	contraindication	postural orthostatic tachycardia syndrome
Amitriptyline	contraindication	orthostatic hypotension
Thalidomide	contraindication	multiple system atrophy
Thalidomide	contraindication	postural orthostatic tachycardia syndrome
Thalidomide	contraindication	orthostatic hypotension
Naloxone	contraindication	multiple system atrophy
Naloxone	contraindication	postural orthostatic tachycardia syndrome
Naloxone	contraindication	orthostatic hypotension
Minoxidil	contraindication	multiple system atrophy
Minoxidil	contraindication	postural orthostatic tachycardia syndrome
Minoxidil	contraindication	orthostatic hypotension
Lurasidone	contraindication	multiple system atrophy
Lurasidone	contraindication	postural orthostatic tachycardia syndrome
Lurasidone	contraindication	orthostatic hypotension
Diazoxide	contraindication	multiple system atrophy
Diazoxide	contraindication	postural orthostatic tachycardia syndrome
Diazoxide	contraindication	orthostatic hypotension
Guanfacine	contraindication	multiple system atrophy
Guanfacine	contraindication	postural orthostatic tachycardia syndrome
Guanfacine	contraindication	orthostatic hypotension
Carbidopa	contraindication	multiple system atrophy
Carbidopa	contraindication	postural orthostatic tachycardia syndrome
Carbidopa	contraindication	orthostatic hypotension
Acetophenazine	contraindication	multiple system atrophy
Acetophenazine	contraindication	postural orthostatic tachycardia syndrome
Acetophenazine	contraindication	orthostatic hypotension
Timolol	contraindication	multiple system atrophy
Timolol	contraindication	postural orthostatic tachycardia syndrome
Timolol	contraindication	orthostatic hypotension
Trazodone	contraindication	multiple system atrophy
Trazodone	contraindication	postural orthostatic tachycardia syndrome
Trazodone	contraindication	orthostatic hypotension
Bortezomib	contraindication	multiple system atrophy
Bortezomib	contraindication	postural orthostatic tachycardia syndrome
Bortezomib	contraindication	orthostatic hypotension
Metolazone	contraindication	multiple system atrophy
Metolazone	contraindication	postural orthostatic tachycardia syndrome
Metolazone	contraindication	orthostatic hypotension
Doxepin	contraindication	multiple system atrophy
Doxepin	contraindication	postural orthostatic tachycardia syndrome
Doxepin	contraindication	orthostatic hypotension
Dutasteride	contraindication	multiple system atrophy
Dutasteride	contraindication	postural orthostatic tachycardia syndrome
Dutasteride	contraindication	orthostatic hypotension
Silodosin	contraindication	multiple system atrophy
Silodosin	contraindication	postural orthostatic tachycardia syndrome
Silodosin	contraindication	orthostatic hypotension
Tranylcypromine	contraindication	multiple system atrophy
Tranylcypromine	contraindication	postural orthostatic tachycardia syndrome
Tranylcypromine	contraindication	orthostatic hypotension
Ziprasidone	contraindication	multiple system atrophy
Ziprasidone	contraindication	postural orthostatic tachycardia syndrome
Ziprasidone	contraindication	orthostatic hypotension
Selegiline	contraindication	multiple system atrophy
Selegiline	contraindication	postural orthostatic tachycardia syndrome
Selegiline	contraindication	orthostatic hypotension
Triflupromazine	contraindication	multiple system atrophy
Triflupromazine	contraindication	postural orthostatic tachycardia syndrome
Triflupromazine	contraindication	orthostatic hypotension
Paliperidone	contraindication	multiple system atrophy
Paliperidone	contraindication	postural orthostatic tachycardia syndrome
Paliperidone	contraindication	orthostatic hypotension
Rasagiline	contraindication	multiple system atrophy
Rasagiline	contraindication	postural orthostatic tachycardia syndrome
Rasagiline	contraindication	orthostatic hypotension
Iloperidone	contraindication	multiple system atrophy
Iloperidone	contraindication	postural orthostatic tachycardia syndrome
Iloperidone	contraindication	orthostatic hypotension
Olanzapine	contraindication	multiple system atrophy
Olanzapine	contraindication	postural orthostatic tachycardia syndrome
Olanzapine	contraindication	orthostatic hypotension
Entacapone	contraindication	multiple system atrophy
Entacapone	contraindication	postural orthostatic tachycardia syndrome
Entacapone	contraindication	orthostatic hypotension
Aripiprazole	contraindication	multiple system atrophy
Aripiprazole	contraindication	postural orthostatic tachycardia syndrome
Aripiprazole	contraindication	orthostatic hypotension
Trifluoperazine	contraindication	multiple system atrophy
Trifluoperazine	contraindication	postural orthostatic tachycardia syndrome
Trifluoperazine	contraindication	orthostatic hypotension
Duloxetine	contraindication	multiple system atrophy
Duloxetine	contraindication	postural orthostatic tachycardia syndrome
Duloxetine	contraindication	orthostatic hypotension
Quetiapine	contraindication	multiple system atrophy
Quetiapine	contraindication	postural orthostatic tachycardia syndrome
Quetiapine	contraindication	orthostatic hypotension
Risperidone	contraindication	multiple system atrophy
Risperidone	contraindication	postural orthostatic tachycardia syndrome
Risperidone	contraindication	orthostatic hypotension
Tamsulosin	contraindication	multiple system atrophy
Tamsulosin	contraindication	postural orthostatic tachycardia syndrome
Tamsulosin	contraindication	orthostatic hypotension
Pramipexole	contraindication	multiple system atrophy
Pramipexole	contraindication	postural orthostatic tachycardia syndrome
Pramipexole	contraindication	orthostatic hypotension
Estradiol valerate	contraindication	epilepsy
Disulfiram	contraindication	epilepsy
Meropenem	contraindication	epilepsy
Butamben	contraindication	epilepsy
Tetracaine	contraindication	epilepsy
Benzocaine	contraindication	epilepsy
Venlafaxine	contraindication	epilepsy
Desvenlafaxine	contraindication	epilepsy
Guaifenesin	contraindication	epilepsy
Milnacipran	contraindication	epilepsy
Phenyltoloxamine	contraindication	epilepsy
Mepyramine	contraindication	epilepsy
Povidone	contraindication	epilepsy
Povidone K30	contraindication	epilepsy
Diethylpropion	contraindication	epilepsy
Pseudoephedrine	contraindication	epilepsy
Guaiacol	contraindication	epilepsy
Salmeterol	contraindication	epilepsy
Racementhol	contraindication	epilepsy
Cefepime	contraindication	epilepsy
Homatropine	contraindication	epilepsy
Hydralazine	contraindication	epilepsy
Brompheniramine	contraindication	epilepsy
Pheniramine	contraindication	epilepsy
Ciprofloxacin	contraindication	epilepsy
Mirtazapine	contraindication	epilepsy
Cinchocaine	contraindication	epilepsy
Perazine	contraindication	epilepsy
Alimemazine	contraindication	epilepsy
Mometasone furoate	contraindication	epilepsy
Nefazodone	contraindication	epilepsy
Atomoxetine	contraindication	epilepsy
Orphenadrine	contraindication	epilepsy
Riboflavin	contraindication	epilepsy
Methylprednisolone	contraindication	epilepsy
Ofloxacin	contraindication	epilepsy
Cilastatin	contraindication	epilepsy
Chlorcyclizine	contraindication	epilepsy
Cyclizine	contraindication	epilepsy
Cisapride	contraindication	epilepsy
Fluticasone propionate	contraindication	epilepsy
Homatropine methylbromide	contraindication	epilepsy
Levonorgestrel	contraindication	epilepsy
Sertraline	contraindication	epilepsy
Chlorthalidone	contraindication	epilepsy
Potassium Iodide	contraindication	epilepsy
Amantadine	contraindication	epilepsy
Codeine	contraindication	epilepsy
Fluoxymesterone	contraindication	epilepsy
Sodium phosphate, monobasic	contraindication	epilepsy
Isopropamide	contraindication	epilepsy
Potassium chloride	contraindication	epilepsy
Molindone	contraindication	epilepsy
Trimipramine	contraindication	epilepsy
Formoterol	contraindication	epilepsy
Prilocaine	contraindication	epilepsy
Nortriptyline	contraindication	epilepsy
Medroxyprogesterone acetate	contraindication	epilepsy
Norfloxacin	contraindication	epilepsy
Fluphenazine	contraindication	epilepsy
Hydroxyzine	contraindication	epilepsy
Cycloserine	contraindication	epilepsy
Norethisterone	contraindication	epilepsy
Drospirenone	contraindication	epilepsy
Echothiophate	contraindication	epilepsy
Asenapine	contraindication	epilepsy
Mitoxantrone	contraindication	epilepsy
Salicylamide	contraindication	epilepsy
Imipenem	contraindication	epilepsy
Desonide	contraindication	epilepsy
Paroxetine	contraindication	epilepsy
Lisdexamfetamine	contraindication	epilepsy
Bisacodyl	contraindication	epilepsy
Ipratropium	contraindication	epilepsy
Tetracycline	contraindication	epilepsy
Tridihexethyl	contraindication	epilepsy
Cysteamine	contraindication	epilepsy
Edetic acid	contraindication	epilepsy
Cyclosporine	contraindication	epilepsy
Citalopram	contraindication	epilepsy
Neostigmine	contraindication	epilepsy
Levodopa	contraindication	epilepsy
Isocarboxazid	contraindication	epilepsy
Phenylephrine	contraindication	epilepsy
Dyclonine	contraindication	epilepsy
Orciprenaline	contraindication	epilepsy
Chlorothiazide	contraindication	epilepsy
Hydrochlorothiazide	contraindication	epilepsy
Lindane	contraindication	epilepsy
Theophylline	contraindication	epilepsy
Promazine	contraindication	epilepsy
Perphenazine	contraindication	epilepsy
Prochlorperazine	contraindication	epilepsy
Chlordiazepoxide	contraindication	epilepsy
Testosterone	contraindication	epilepsy
Testosterone cypionate	contraindication	epilepsy
Methyltestosterone	contraindication	epilepsy
Pyrimethamine	contraindication	epilepsy
Caffeine	contraindication	epilepsy
Progesterone	contraindication	epilepsy
Ethinylestradiol	contraindication	epilepsy
Meprobamate	contraindication	epilepsy
Physostigmine	contraindication	epilepsy
Morphine	contraindication	epilepsy
Serine	contraindication	epilepsy
Mesoridazine	contraindication	epilepsy
Sunitinib	contraindication	epilepsy
Praziquantel	contraindication	epilepsy
Dinoprost	contraindication	epilepsy
Fluoxetine	contraindication	epilepsy
Fluvoxamine	contraindication	epilepsy
Chloroquine	contraindication	epilepsy
Metamfetamine	contraindication	epilepsy
Mefloquine	contraindication	epilepsy
Indomethacin	contraindication	epilepsy
Estrone	contraindication	epilepsy
Prednisone	contraindication	epilepsy
Haloperidol	contraindication	epilepsy
Budesonide	contraindication	epilepsy
Phenelzine	contraindication	epilepsy
Dextroamphetamine	contraindication	epilepsy
Epinephrine	contraindication	epilepsy
Scopolamine	contraindication	epilepsy
Dalfampridine	contraindication	epilepsy
Sodium oxybate	contraindication	epilepsy
Ascorbic acid	contraindication	epilepsy
Reserpine	contraindication	epilepsy
Chlorpromazine	contraindication	epilepsy
Imipramine	contraindication	epilepsy
Amitriptyline	contraindication	epilepsy
Desipramine	contraindication	epilepsy
Thalidomide	contraindication	epilepsy
Estradiol	contraindication	epilepsy
Prednisolone	contraindication	epilepsy
Hydrocortisone	contraindication	epilepsy
Cortisone acetate	contraindication	epilepsy
Hydrocortisone acetate	contraindication	epilepsy
Dexamethasone	contraindication	epilepsy
Carbinoxamine	contraindication	epilepsy
Triprolidine	contraindication	epilepsy
Hydromorphone	contraindication	epilepsy
Naloxone	contraindication	epilepsy
Metronidazole	contraindication	epilepsy
Protriptyline	contraindication	epilepsy
Dexmethylphenidate	contraindication	epilepsy
Capsaicin	contraindication	epilepsy
Bupivacaine	contraindication	epilepsy
Betamethasone	contraindication	epilepsy
Lurasidone	contraindication	epilepsy
Metoclopramide	contraindication	epilepsy
Dinoprostone	contraindication	epilepsy
Galantamine	contraindication	epilepsy
Norgestimate	contraindication	epilepsy
Bupropion	contraindication	epilepsy
Polythiazide	contraindication	epilepsy
Levosalbutamol	contraindication	epilepsy
Thiothixene	contraindication	epilepsy
Tacrine	contraindication	epilepsy
Levomefolic acid	contraindication	epilepsy
Testosterone enanthate	contraindication	epilepsy
Estradiol cypionate	contraindication	epilepsy
Doxapram	contraindication	epilepsy
Chlorambucil	contraindication	epilepsy
Acetylcarnitine	contraindication	epilepsy
Clomipramine	contraindication	epilepsy
Amphetamine	contraindication	epilepsy
Estramustine	contraindication	epilepsy
Ephedrine	contraindication	epilepsy
Calcium gluconate	contraindication	epilepsy
Carbidopa	contraindication	epilepsy
Acetophenazine	contraindication	epilepsy
Tramadol	contraindication	epilepsy
Dexchlorpheniramine	contraindication	epilepsy
Polyethylene glycol	contraindication	epilepsy
Polyethylene glycol 400	contraindication	epilepsy
Polyethylene glycol 300	contraindication	epilepsy
Polyethylene glycol 3500	contraindication	epilepsy
Terbutaline	contraindication	epilepsy
Naproxen	contraindication	epilepsy
Daunorubicin	contraindication	epilepsy
Pimozide	contraindication	epilepsy
Tenofovir disoproxil	contraindication	epilepsy
Loxapine	contraindication	epilepsy
Tinidazole	contraindication	epilepsy
Magnesium salicylate	contraindication	epilepsy
Salbutamol	contraindication	epilepsy
Gemifloxacin	contraindication	epilepsy
Danazol	contraindication	epilepsy
Tadalafil	contraindication	epilepsy
Doxepin	contraindication	epilepsy
Naltrexone	contraindication	epilepsy
Linezolid	contraindication	epilepsy
Vilazodone	contraindication	epilepsy
Ibuprofen	contraindication	epilepsy
Tranylcypromine	contraindication	epilepsy
Efavirenz	contraindication	epilepsy
Carmustine	contraindication	epilepsy
Ertapenem	contraindication	epilepsy
Quinestrol	contraindication	epilepsy
Moxifloxacin	contraindication	epilepsy
Bismuth subsalicylate	contraindication	epilepsy
Phenylpropanolamine	contraindication	epilepsy
Tenofovir	contraindication	epilepsy
Ziprasidone	contraindication	epilepsy
Triflupromazine	contraindication	epilepsy
Paliperidone	contraindication	epilepsy
Emtricitabine	contraindication	epilepsy
Bacitracin	contraindication	epilepsy
Amoxapine	contraindication	epilepsy
Zanamivir	contraindication	epilepsy
Lidocaine	contraindication	epilepsy
Rasagiline	contraindication	epilepsy
Hydroflumethiazide	contraindication	epilepsy
Methyclothiazide	contraindication	epilepsy
Phenmetrazine	contraindication	epilepsy
Iloperidone	contraindication	epilepsy
Trichlormethiazide	contraindication	epilepsy
Olanzapine	contraindication	epilepsy
Chlorpheniramine	contraindication	epilepsy
Dexbrompheniramine	contraindication	epilepsy
Entacapone	contraindication	epilepsy
Magnesium oxide	contraindication	epilepsy
Aripiprazole	contraindication	epilepsy
Escitalopram	contraindication	epilepsy
Dextromethorphan	contraindication	epilepsy
Butabarbital	contraindication	epilepsy
Hydrocodone	contraindication	epilepsy
Dihydrocodeine	contraindication	epilepsy
Triamcinolone	contraindication	epilepsy
Rivastigmine	contraindication	epilepsy
Ammonium chloride	contraindication	epilepsy
Nelarabine	contraindication	epilepsy
Donepezil	contraindication	epilepsy
Bromodiphenhydramine	contraindication	epilepsy
Trifluoperazine	contraindication	epilepsy
Duloxetine	contraindication	epilepsy
Chlorprothixene	contraindication	epilepsy
Methylphenidate	contraindication	epilepsy
Ergotamine	contraindication	epilepsy
Quetiapine	contraindication	epilepsy
Piperazine	contraindication	epilepsy
Phenol	contraindication	epilepsy
Resorcinol	contraindication	epilepsy
Sibutramine	contraindication	epilepsy
Risperidone	contraindication	epilepsy
Tacrolimus	contraindication	epilepsy
Sumatriptan	contraindication	epilepsy
Maprotiline	contraindication	epilepsy
Levofloxacin	contraindication	epilepsy
Perazine	contraindication	basal ganglia disease
Perazine	contraindication	focal hand dystonia
Perazine	contraindication	blepharospasm
Alimemazine	contraindication	basal ganglia disease
Alimemazine	contraindication	focal hand dystonia
Alimemazine	contraindication	blepharospasm
Isopropamide	contraindication	basal ganglia disease
Isopropamide	contraindication	focal hand dystonia
Isopropamide	contraindication	blepharospasm
Fluphenazine	contraindication	basal ganglia disease
Fluphenazine	contraindication	focal hand dystonia
Fluphenazine	contraindication	blepharospasm
Metyrosine	contraindication	basal ganglia disease
Metyrosine	contraindication	focal hand dystonia
Metyrosine	contraindication	blepharospasm
Promazine	contraindication	basal ganglia disease
Promazine	contraindication	focal hand dystonia
Promazine	contraindication	blepharospasm
Perphenazine	contraindication	basal ganglia disease
Perphenazine	contraindication	focal hand dystonia
Perphenazine	contraindication	blepharospasm
Prochlorperazine	contraindication	basal ganglia disease
Prochlorperazine	contraindication	focal hand dystonia
Prochlorperazine	contraindication	blepharospasm
Estrone	contraindication	basal ganglia disease
Estrone	contraindication	focal hand dystonia
Estrone	contraindication	blepharospasm
Haloperidol	contraindication	basal ganglia disease
Haloperidol	contraindication	focal hand dystonia
Haloperidol	contraindication	blepharospasm
Chlorpromazine	contraindication	basal ganglia disease
Chlorpromazine	contraindication	focal hand dystonia
Chlorpromazine	contraindication	blepharospasm
Amitriptyline	contraindication	basal ganglia disease
Amitriptyline	contraindication	focal hand dystonia
Amitriptyline	contraindication	blepharospasm
Acetophenazine	contraindication	basal ganglia disease
Acetophenazine	contraindication	focal hand dystonia
Acetophenazine	contraindication	blepharospasm
Ziprasidone	contraindication	basal ganglia disease
Ziprasidone	contraindication	focal hand dystonia
Ziprasidone	contraindication	blepharospasm
Triflupromazine	contraindication	basal ganglia disease
Triflupromazine	contraindication	focal hand dystonia
Triflupromazine	contraindication	blepharospasm
Paliperidone	contraindication	basal ganglia disease
Paliperidone	contraindication	focal hand dystonia
Paliperidone	contraindication	blepharospasm
Rivastigmine	contraindication	basal ganglia disease
Rivastigmine	contraindication	focal hand dystonia
Rivastigmine	contraindication	blepharospasm
Quetiapine	contraindication	basal ganglia disease
Quetiapine	contraindication	focal hand dystonia
Quetiapine	contraindication	blepharospasm
Guaifenesin	contraindication	insomnia (disease)
Phenyltoloxamine	contraindication	insomnia (disease)
Pheniramine	contraindication	insomnia (disease)
Orphenadrine	contraindication	insomnia (disease)
Riboflavin	contraindication	insomnia (disease)
Codeine	contraindication	insomnia (disease)
Salicylamide	contraindication	insomnia (disease)
Phenylephrine	contraindication	insomnia (disease)
Caffeine	contraindication	insomnia (disease)
Phenobarbital	contraindication	insomnia (disease)
Calcium gluconate	contraindication	insomnia (disease)
Magnesium salicylate	contraindication	insomnia (disease)
Phenylpropanolamine	contraindication	insomnia (disease)
Chlorpheniramine	contraindication	insomnia (disease)
Dihydrocodeine	contraindication	insomnia (disease)
Ammonium chloride	contraindication	insomnia (disease)
Ergotamine	contraindication	insomnia (disease)
Zafirlukast	contraindication	insomnia (disease)
Guaifenesin	contraindication	chronic obstructive pulmonary disease
Guaifenesin	contraindication	COPD, severe early onset
Pilocarpine	contraindication	chronic obstructive pulmonary disease
Pilocarpine	contraindication	COPD, severe early onset
Phenyltoloxamine	contraindication	chronic obstructive pulmonary disease
Phenyltoloxamine	contraindication	COPD, severe early onset
Mepyramine	contraindication	chronic obstructive pulmonary disease
Mepyramine	contraindication	COPD, severe early onset
Pseudoephedrine	contraindication	chronic obstructive pulmonary disease
Pseudoephedrine	contraindication	COPD, severe early onset
Brompheniramine	contraindication	chronic obstructive pulmonary disease
Brompheniramine	contraindication	COPD, severe early onset
Pheniramine	contraindication	chronic obstructive pulmonary disease
Pheniramine	contraindication	COPD, severe early onset
Benzatropine	contraindication	chronic obstructive pulmonary disease
Benzatropine	contraindication	COPD, severe early onset
Itraconazole	contraindication	chronic obstructive pulmonary disease
Itraconazole	contraindication	COPD, severe early onset
Ganciclovir	contraindication	chronic obstructive pulmonary disease
Ganciclovir	contraindication	COPD, severe early onset
Iloprost	contraindication	chronic obstructive pulmonary disease
Iloprost	contraindication	COPD, severe early onset
Butobarbital	contraindication	chronic obstructive pulmonary disease
Butobarbital	contraindication	COPD, severe early onset
Pentoxyverine	contraindication	chronic obstructive pulmonary disease
Pentoxyverine	contraindication	COPD, severe early onset
Potassium Iodide	contraindication	chronic obstructive pulmonary disease
Potassium Iodide	contraindication	COPD, severe early onset
Pentobarbital	contraindication	chronic obstructive pulmonary disease
Pentobarbital	contraindication	COPD, severe early onset
Secobarbital	contraindication	chronic obstructive pulmonary disease
Secobarbital	contraindication	COPD, severe early onset
Codeine	contraindication	chronic obstructive pulmonary disease
Codeine	contraindication	COPD, severe early onset
Potassium chloride	contraindication	chronic obstructive pulmonary disease
Potassium chloride	contraindication	COPD, severe early onset
Salicylamide	contraindication	chronic obstructive pulmonary disease
Salicylamide	contraindication	COPD, severe early onset
Midazolam	contraindication	chronic obstructive pulmonary disease
Midazolam	contraindication	COPD, severe early onset
Phenylephrine	contraindication	chronic obstructive pulmonary disease
Phenylephrine	contraindication	COPD, severe early onset
Adenosine	contraindication	chronic obstructive pulmonary disease
Adenosine	contraindication	COPD, severe early onset
Caffeine	contraindication	chronic obstructive pulmonary disease
Caffeine	contraindication	COPD, severe early onset
Amobarbital	contraindication	chronic obstructive pulmonary disease
Amobarbital	contraindication	COPD, severe early onset
Morphine	contraindication	chronic obstructive pulmonary disease
Morphine	contraindication	COPD, severe early onset
Metamfetamine	contraindication	chronic obstructive pulmonary disease
Metamfetamine	contraindication	COPD, severe early onset
Buprenorphine	contraindication	chronic obstructive pulmonary disease
Buprenorphine	contraindication	COPD, severe early onset
Biperiden	contraindication	chronic obstructive pulmonary disease
Biperiden	contraindication	COPD, severe early onset
Scopolamine	contraindication	chronic obstructive pulmonary disease
Scopolamine	contraindication	COPD, severe early onset
Phenobarbital	contraindication	chronic obstructive pulmonary disease
Phenobarbital	contraindication	COPD, severe early onset
Naloxone	contraindication	chronic obstructive pulmonary disease
Naloxone	contraindication	COPD, severe early onset
Bupivacaine	contraindication	chronic obstructive pulmonary disease
Bupivacaine	contraindication	COPD, severe early onset
Ribavirin	contraindication	chronic obstructive pulmonary disease
Ribavirin	contraindication	COPD, severe early onset
Galantamine	contraindication	chronic obstructive pulmonary disease
Galantamine	contraindication	COPD, severe early onset
Doxapram	contraindication	chronic obstructive pulmonary disease
Doxapram	contraindication	COPD, severe early onset
Amphetamine	contraindication	chronic obstructive pulmonary disease
Amphetamine	contraindication	COPD, severe early onset
Ephedrine	contraindication	chronic obstructive pulmonary disease
Ephedrine	contraindication	COPD, severe early onset
Metipranolol	contraindication	chronic obstructive pulmonary disease
Metipranolol	contraindication	COPD, severe early onset
Naltrexone	contraindication	chronic obstructive pulmonary disease
Naltrexone	contraindication	COPD, severe early onset
Ibuprofen	contraindication	chronic obstructive pulmonary disease
Ibuprofen	contraindication	COPD, severe early onset
Phenylpropanolamine	contraindication	chronic obstructive pulmonary disease
Phenylpropanolamine	contraindication	COPD, severe early onset
Trihexyphenidyl	contraindication	chronic obstructive pulmonary disease
Trihexyphenidyl	contraindication	COPD, severe early onset
Zanamivir	contraindication	chronic obstructive pulmonary disease
Zanamivir	contraindication	COPD, severe early onset
Methscopolamine	contraindication	chronic obstructive pulmonary disease
Methscopolamine	contraindication	COPD, severe early onset
Chlorpheniramine	contraindication	chronic obstructive pulmonary disease
Chlorpheniramine	contraindication	COPD, severe early onset
Dextromethorphan	contraindication	chronic obstructive pulmonary disease
Dextromethorphan	contraindication	COPD, severe early onset
Butabarbital	contraindication	chronic obstructive pulmonary disease
Butabarbital	contraindication	COPD, severe early onset
Hydrocodone	contraindication	chronic obstructive pulmonary disease
Hydrocodone	contraindication	COPD, severe early onset
Dihydrocodeine	contraindication	chronic obstructive pulmonary disease
Dihydrocodeine	contraindication	COPD, severe early onset
Rivastigmine	contraindication	chronic obstructive pulmonary disease
Rivastigmine	contraindication	COPD, severe early onset
Methylphenobarbital	contraindication	chronic obstructive pulmonary disease
Methylphenobarbital	contraindication	COPD, severe early onset
Ergotamine	contraindication	chronic obstructive pulmonary disease
Ergotamine	contraindication	COPD, severe early onset
Tramazoline	contraindication	chronic obstructive pulmonary disease
Tramazoline	contraindication	COPD, severe early onset
Hyoscyamine	contraindication	chronic obstructive pulmonary disease
Hyoscyamine	contraindication	COPD, severe early onset
Calcium chloride	contraindication	chronic obstructive pulmonary disease
Calcium chloride	contraindication	COPD, severe early onset
Benzyl alcohol	contraindication	chronic obstructive pulmonary disease
Benzyl alcohol	contraindication	COPD, severe early onset
Carvedilol	contraindication	bronchitis
Chlorothiazide	contraindication	bronchitis
Hydrochlorothiazide	contraindication	bronchitis
Propranolol	contraindication	bronchitis
Carteolol	contraindication	bronchitis
Metipranolol	contraindication	bronchitis
Guaifenesin	contraindication	gastric ulcer (disease)
Pseudoephedrine	contraindication	gastric ulcer (disease)
Homatropine	contraindication	gastric ulcer (disease)
Brompheniramine	contraindication	gastric ulcer (disease)
Pheniramine	contraindication	gastric ulcer (disease)
Benzatropine	contraindication	gastric ulcer (disease)
Perazine	contraindication	gastric ulcer (disease)
Homatropine methylbromide	contraindication	gastric ulcer (disease)
Tromethamine	contraindication	gastric ulcer (disease)
Procyclidine	contraindication	gastric ulcer (disease)
Dicyclomine	contraindication	gastric ulcer (disease)
Isopropamide	contraindication	gastric ulcer (disease)
Potassium chloride	contraindication	gastric ulcer (disease)
Ketorolac	contraindication	gastric ulcer (disease)
Clidinium	contraindication	gastric ulcer (disease)
Aminosalicylic acid	contraindication	gastric ulcer (disease)
Levodopa	contraindication	gastric ulcer (disease)
Phenylephrine	contraindication	gastric ulcer (disease)
Methotrexate	contraindication	gastric ulcer (disease)
Prochlorperazine	contraindication	gastric ulcer (disease)
Chlordiazepoxide	contraindication	gastric ulcer (disease)
Caffeine	contraindication	gastric ulcer (disease)
Morphine	contraindication	gastric ulcer (disease)
Indomethacin	contraindication	gastric ulcer (disease)
Biperiden	contraindication	gastric ulcer (disease)
Scopolamine	contraindication	gastric ulcer (disease)
Hydrocortisone	contraindication	gastric ulcer (disease)
Phenobarbital	contraindication	gastric ulcer (disease)
Cortisone acetate	contraindication	gastric ulcer (disease)
Hydrocortisone acetate	contraindication	gastric ulcer (disease)
Carbinoxamine	contraindication	gastric ulcer (disease)
Ephedrine	contraindication	gastric ulcer (disease)
Propantheline	contraindication	gastric ulcer (disease)
Carbidopa	contraindication	gastric ulcer (disease)
Difenoxin	contraindication	gastric ulcer (disease)
Dexchlorpheniramine	contraindication	gastric ulcer (disease)
Trihexyphenidyl	contraindication	gastric ulcer (disease)
Methscopolamine	contraindication	gastric ulcer (disease)
Chlorpheniramine	contraindication	gastric ulcer (disease)
Entacapone	contraindication	gastric ulcer (disease)
Dextromethorphan	contraindication	gastric ulcer (disease)
Hydrocodone	contraindication	gastric ulcer (disease)
Ergotamine	contraindication	gastric ulcer (disease)
Hyoscyamine	contraindication	gastric ulcer (disease)
Calcium chloride	contraindication	gastric ulcer (disease)
Pimecrolimus	contraindication	common wart
Pimecrolimus	contraindication	epidermodysplasia verruciformis
Pimecrolimus	contraindication	anogenital human papillomavirus infection
Imiquimod	contraindication	photoparoxysmal response
Imiquimod	contraindication	photosensitivity disease
Benzoyl peroxide	contraindication	photoparoxysmal response
Benzoyl peroxide	contraindication	photosensitivity disease
Methoxsalen	contraindication	photoparoxysmal response
Methoxsalen	contraindication	photosensitivity disease
Tazarotene	contraindication	photoparoxysmal response
Tazarotene	contraindication	photosensitivity disease
Adapalene	contraindication	photoparoxysmal response
Adapalene	contraindication	photosensitivity disease
Aminolevulinic acid	contraindication	photoparoxysmal response
Aminolevulinic acid	contraindication	photosensitivity disease
Benzoyl peroxide	contraindication	anogenital human papillomavirus infection
Benzoyl peroxide	contraindication	common wart
Racementhol	contraindication	anogenital human papillomavirus infection
Racementhol	contraindication	common wart
Ammonia	contraindication	anogenital human papillomavirus infection
Ammonia	contraindication	common wart
Hydrocortisone	contraindication	anogenital human papillomavirus infection
Hydrocortisone	contraindication	common wart
Cortisone acetate	contraindication	anogenital human papillomavirus infection
Cortisone acetate	contraindication	common wart
Phenol	contraindication	anogenital human papillomavirus infection
Phenol	contraindication	common wart
Resorcinol	contraindication	anogenital human papillomavirus infection
Resorcinol	contraindication	common wart
Imiquimod	contraindication	autoimmune disease
Melatonin	contraindication	autoimmune disease
Pyridoxine	contraindication	autoimmune disease
Imiquimod	contraindication	graft versus host disease
Valproic acid	contraindication	anxiety disorder
Valproic acid	contraindication	neurotic disorder
Valproic acid	contraindication	dysthymic disorder
Estradiol valerate	contraindication	anxiety disorder
Estradiol valerate	contraindication	neurotic disorder
Estradiol valerate	contraindication	dysthymic disorder
Topiramate	contraindication	anxiety disorder
Topiramate	contraindication	neurotic disorder
Topiramate	contraindication	dysthymic disorder
Benzocaine	contraindication	anxiety disorder
Benzocaine	contraindication	neurotic disorder
Benzocaine	contraindication	dysthymic disorder
Guaifenesin	contraindication	anxiety disorder
Guaifenesin	contraindication	neurotic disorder
Guaifenesin	contraindication	dysthymic disorder
Clomifene	contraindication	anxiety disorder
Clomifene	contraindication	neurotic disorder
Clomifene	contraindication	dysthymic disorder
Homatropine	contraindication	anxiety disorder
Homatropine	contraindication	neurotic disorder
Homatropine	contraindication	dysthymic disorder
Vinblastine	contraindication	anxiety disorder
Vinblastine	contraindication	neurotic disorder
Vinblastine	contraindication	dysthymic disorder
Hydralazine	contraindication	anxiety disorder
Hydralazine	contraindication	neurotic disorder
Hydralazine	contraindication	dysthymic disorder
Ethotoin	contraindication	anxiety disorder
Ethotoin	contraindication	neurotic disorder
Ethotoin	contraindication	dysthymic disorder
Temazepam	contraindication	anxiety disorder
Temazepam	contraindication	neurotic disorder
Temazepam	contraindication	dysthymic disorder
Lorazepam	contraindication	anxiety disorder
Lorazepam	contraindication	neurotic disorder
Lorazepam	contraindication	dysthymic disorder
Lamotrigine	contraindication	anxiety disorder
Lamotrigine	contraindication	neurotic disorder
Lamotrigine	contraindication	dysthymic disorder
Zolpidem	contraindication	anxiety disorder
Zolpidem	contraindication	neurotic disorder
Zolpidem	contraindication	dysthymic disorder
Levonorgestrel	contraindication	anxiety disorder
Levonorgestrel	contraindication	neurotic disorder
Levonorgestrel	contraindication	dysthymic disorder
Ethosuximide	contraindication	anxiety disorder
Ethosuximide	contraindication	neurotic disorder
Ethosuximide	contraindication	dysthymic disorder
Methsuximide	contraindication	anxiety disorder
Methsuximide	contraindication	neurotic disorder
Methsuximide	contraindication	dysthymic disorder
Chlorthalidone	contraindication	anxiety disorder
Chlorthalidone	contraindication	neurotic disorder
Chlorthalidone	contraindication	dysthymic disorder
Butobarbital	contraindication	anxiety disorder
Butobarbital	contraindication	neurotic disorder
Butobarbital	contraindication	dysthymic disorder
Dicyclomine	contraindication	anxiety disorder
Dicyclomine	contraindication	neurotic disorder
Dicyclomine	contraindication	dysthymic disorder
Potassium Iodide	contraindication	anxiety disorder
Potassium Iodide	contraindication	neurotic disorder
Potassium Iodide	contraindication	dysthymic disorder
Pentobarbital	contraindication	anxiety disorder
Pentobarbital	contraindication	neurotic disorder
Pentobarbital	contraindication	dysthymic disorder
Secobarbital	contraindication	anxiety disorder
Secobarbital	contraindication	neurotic disorder
Secobarbital	contraindication	dysthymic disorder
Codeine	contraindication	anxiety disorder
Codeine	contraindication	neurotic disorder
Codeine	contraindication	dysthymic disorder
Bendroflumethiazide	contraindication	anxiety disorder
Bendroflumethiazide	contraindication	neurotic disorder
Bendroflumethiazide	contraindication	dysthymic disorder
Melatonin	contraindication	anxiety disorder
Melatonin	contraindication	neurotic disorder
Melatonin	contraindication	dysthymic disorder
Mestranol	contraindication	anxiety disorder
Mestranol	contraindication	neurotic disorder
Mestranol	contraindication	dysthymic disorder
Medroxyprogesterone acetate	contraindication	anxiety disorder
Medroxyprogesterone acetate	contraindication	neurotic disorder
Medroxyprogesterone acetate	contraindication	dysthymic disorder
Norfloxacin	contraindication	anxiety disorder
Norfloxacin	contraindication	neurotic disorder
Norfloxacin	contraindication	dysthymic disorder
Clidinium	contraindication	anxiety disorder
Clidinium	contraindication	neurotic disorder
Clidinium	contraindication	dysthymic disorder
Mannitol	contraindication	anxiety disorder
Mannitol	contraindication	neurotic disorder
Mannitol	contraindication	dysthymic disorder
Modafinil	contraindication	anxiety disorder
Modafinil	contraindication	neurotic disorder
Modafinil	contraindication	dysthymic disorder
Cycloserine	contraindication	anxiety disorder
Cycloserine	contraindication	neurotic disorder
Cycloserine	contraindication	dysthymic disorder
Norethisterone	contraindication	anxiety disorder
Norethisterone	contraindication	neurotic disorder
Norethisterone	contraindication	dysthymic disorder
Drospirenone	contraindication	anxiety disorder
Drospirenone	contraindication	neurotic disorder
Drospirenone	contraindication	dysthymic disorder
Metyrosine	contraindication	anxiety disorder
Metyrosine	contraindication	neurotic disorder
Metyrosine	contraindication	dysthymic disorder
Bisoprolol	contraindication	anxiety disorder
Bisoprolol	contraindication	neurotic disorder
Bisoprolol	contraindication	dysthymic disorder
Pyridoxine	contraindication	anxiety disorder
Pyridoxine	contraindication	neurotic disorder
Pyridoxine	contraindication	dysthymic disorder
Betaxolol	contraindication	anxiety disorder
Betaxolol	contraindication	neurotic disorder
Betaxolol	contraindication	dysthymic disorder
Oxazepam	contraindication	anxiety disorder
Oxazepam	contraindication	neurotic disorder
Oxazepam	contraindication	dysthymic disorder
Gabapentin	contraindication	anxiety disorder
Gabapentin	contraindication	neurotic disorder
Gabapentin	contraindication	dysthymic disorder
Cysteamine	contraindication	anxiety disorder
Cysteamine	contraindication	neurotic disorder
Cysteamine	contraindication	dysthymic disorder
Brimonidine	contraindication	anxiety disorder
Brimonidine	contraindication	neurotic disorder
Brimonidine	contraindication	dysthymic disorder
Levodopa	contraindication	anxiety disorder
Levodopa	contraindication	neurotic disorder
Levodopa	contraindication	dysthymic disorder
Chlorothiazide	contraindication	anxiety disorder
Chlorothiazide	contraindication	neurotic disorder
Chlorothiazide	contraindication	dysthymic disorder
Hydrochlorothiazide	contraindication	anxiety disorder
Hydrochlorothiazide	contraindication	neurotic disorder
Hydrochlorothiazide	contraindication	dysthymic disorder
Theophylline	contraindication	anxiety disorder
Theophylline	contraindication	neurotic disorder
Theophylline	contraindication	dysthymic disorder
Tetrabenazine	contraindication	anxiety disorder
Tetrabenazine	contraindication	neurotic disorder
Tetrabenazine	contraindication	dysthymic disorder
Chlordiazepoxide	contraindication	anxiety disorder
Chlordiazepoxide	contraindication	neurotic disorder
Chlordiazepoxide	contraindication	dysthymic disorder
Caffeine	contraindication	anxiety disorder
Caffeine	contraindication	neurotic disorder
Caffeine	contraindication	dysthymic disorder
Progesterone	contraindication	anxiety disorder
Progesterone	contraindication	neurotic disorder
Progesterone	contraindication	dysthymic disorder
Ethinylestradiol	contraindication	anxiety disorder
Ethinylestradiol	contraindication	neurotic disorder
Ethinylestradiol	contraindication	dysthymic disorder
Amobarbital	contraindication	anxiety disorder
Amobarbital	contraindication	neurotic disorder
Amobarbital	contraindication	dysthymic disorder
Phenytoin	contraindication	anxiety disorder
Phenytoin	contraindication	neurotic disorder
Phenytoin	contraindication	dysthymic disorder
Morphine	contraindication	anxiety disorder
Morphine	contraindication	neurotic disorder
Morphine	contraindication	dysthymic disorder
Serine	contraindication	anxiety disorder
Serine	contraindication	neurotic disorder
Serine	contraindication	dysthymic disorder
Methyldopa	contraindication	anxiety disorder
Methyldopa	contraindication	neurotic disorder
Methyldopa	contraindication	dysthymic disorder
Dinoprost	contraindication	anxiety disorder
Dinoprost	contraindication	neurotic disorder
Dinoprost	contraindication	dysthymic disorder
Magnesium carbonate	contraindication	anxiety disorder
Magnesium carbonate	contraindication	neurotic disorder
Magnesium carbonate	contraindication	dysthymic disorder
Metamfetamine	contraindication	anxiety disorder
Metamfetamine	contraindication	neurotic disorder
Metamfetamine	contraindication	dysthymic disorder
Mefloquine	contraindication	anxiety disorder
Mefloquine	contraindication	neurotic disorder
Mefloquine	contraindication	dysthymic disorder
Indomethacin	contraindication	anxiety disorder
Indomethacin	contraindication	neurotic disorder
Indomethacin	contraindication	dysthymic disorder
Estrone	contraindication	anxiety disorder
Estrone	contraindication	neurotic disorder
Estrone	contraindication	dysthymic disorder
Propranolol	contraindication	anxiety disorder
Propranolol	contraindication	neurotic disorder
Propranolol	contraindication	dysthymic disorder
Metoprolol	contraindication	anxiety disorder
Metoprolol	contraindication	neurotic disorder
Metoprolol	contraindication	dysthymic disorder
Scopolamine	contraindication	anxiety disorder
Scopolamine	contraindication	neurotic disorder
Scopolamine	contraindication	dysthymic disorder
Sodium oxybate	contraindication	anxiety disorder
Sodium oxybate	contraindication	neurotic disorder
Sodium oxybate	contraindication	dysthymic disorder
Reserpine	contraindication	anxiety disorder
Reserpine	contraindication	neurotic disorder
Reserpine	contraindication	dysthymic disorder
Estradiol	contraindication	anxiety disorder
Estradiol	contraindication	neurotic disorder
Estradiol	contraindication	dysthymic disorder
Phenobarbital	contraindication	anxiety disorder
Phenobarbital	contraindication	neurotic disorder
Phenobarbital	contraindication	dysthymic disorder
Dyphylline	contraindication	anxiety disorder
Dyphylline	contraindication	neurotic disorder
Dyphylline	contraindication	dysthymic disorder
Gabapentin enacarbil	contraindication	anxiety disorder
Gabapentin enacarbil	contraindication	neurotic disorder
Gabapentin enacarbil	contraindication	dysthymic disorder
Isotretinoin	contraindication	anxiety disorder
Isotretinoin	contraindication	neurotic disorder
Isotretinoin	contraindication	dysthymic disorder
Diazepam	contraindication	anxiety disorder
Diazepam	contraindication	neurotic disorder
Diazepam	contraindication	dysthymic disorder
Zopiclone	contraindication	anxiety disorder
Zopiclone	contraindication	neurotic disorder
Zopiclone	contraindication	dysthymic disorder
Nadolol	contraindication	anxiety disorder
Nadolol	contraindication	neurotic disorder
Nadolol	contraindication	dysthymic disorder
Clonidine	contraindication	anxiety disorder
Clonidine	contraindication	neurotic disorder
Clonidine	contraindication	dysthymic disorder
Penbutolol	contraindication	anxiety disorder
Penbutolol	contraindication	neurotic disorder
Penbutolol	contraindication	dysthymic disorder
Acebutolol	contraindication	anxiety disorder
Acebutolol	contraindication	neurotic disorder
Acebutolol	contraindication	dysthymic disorder
Labetalol	contraindication	anxiety disorder
Labetalol	contraindication	neurotic disorder
Labetalol	contraindication	dysthymic disorder
Quazepam	contraindication	anxiety disorder
Quazepam	contraindication	neurotic disorder
Quazepam	contraindication	dysthymic disorder
Metoclopramide	contraindication	anxiety disorder
Metoclopramide	contraindication	neurotic disorder
Metoclopramide	contraindication	dysthymic disorder
Norgestimate	contraindication	anxiety disorder
Norgestimate	contraindication	neurotic disorder
Norgestimate	contraindication	dysthymic disorder
Polythiazide	contraindication	anxiety disorder
Polythiazide	contraindication	neurotic disorder
Polythiazide	contraindication	dysthymic disorder
Paclitaxel	contraindication	anxiety disorder
Paclitaxel	contraindication	neurotic disorder
Paclitaxel	contraindication	dysthymic disorder
Levomefolic acid	contraindication	anxiety disorder
Levomefolic acid	contraindication	neurotic disorder
Levomefolic acid	contraindication	dysthymic disorder
Estradiol cypionate	contraindication	anxiety disorder
Estradiol cypionate	contraindication	neurotic disorder
Estradiol cypionate	contraindication	dysthymic disorder
Tretinoin	contraindication	anxiety disorder
Tretinoin	contraindication	neurotic disorder
Tretinoin	contraindication	dysthymic disorder
Amphetamine	contraindication	anxiety disorder
Amphetamine	contraindication	neurotic disorder
Amphetamine	contraindication	dysthymic disorder
Ephedrine	contraindication	anxiety disorder
Ephedrine	contraindication	neurotic disorder
Ephedrine	contraindication	dysthymic disorder
Carbamazepine	contraindication	anxiety disorder
Carbamazepine	contraindication	neurotic disorder
Carbamazepine	contraindication	dysthymic disorder
Prazepam	contraindication	anxiety disorder
Prazepam	contraindication	neurotic disorder
Prazepam	contraindication	dysthymic disorder
Atenolol	contraindication	anxiety disorder
Atenolol	contraindication	neurotic disorder
Atenolol	contraindication	dysthymic disorder
Guanfacine	contraindication	anxiety disorder
Guanfacine	contraindication	neurotic disorder
Guanfacine	contraindication	dysthymic disorder
Alprazolam	contraindication	anxiety disorder
Alprazolam	contraindication	neurotic disorder
Alprazolam	contraindication	dysthymic disorder
Triazolam	contraindication	anxiety disorder
Triazolam	contraindication	neurotic disorder
Triazolam	contraindication	dysthymic disorder
Carbidopa	contraindication	anxiety disorder
Carbidopa	contraindication	neurotic disorder
Carbidopa	contraindication	dysthymic disorder
Oxcarbazepine	contraindication	anxiety disorder
Oxcarbazepine	contraindication	neurotic disorder
Oxcarbazepine	contraindication	dysthymic disorder
Sorafenib	contraindication	anxiety disorder
Sorafenib	contraindication	neurotic disorder
Sorafenib	contraindication	dysthymic disorder
Tramadol	contraindication	anxiety disorder
Tramadol	contraindication	neurotic disorder
Tramadol	contraindication	dysthymic disorder
Timolol	contraindication	anxiety disorder
Timolol	contraindication	neurotic disorder
Timolol	contraindication	dysthymic disorder
Felbamate	contraindication	anxiety disorder
Felbamate	contraindication	neurotic disorder
Felbamate	contraindication	dysthymic disorder
Tenofovir disoproxil	contraindication	anxiety disorder
Tenofovir disoproxil	contraindication	neurotic disorder
Tenofovir disoproxil	contraindication	dysthymic disorder
Flurazepam	contraindication	anxiety disorder
Flurazepam	contraindication	neurotic disorder
Flurazepam	contraindication	dysthymic disorder
Gemifloxacin	contraindication	anxiety disorder
Gemifloxacin	contraindication	neurotic disorder
Gemifloxacin	contraindication	dysthymic disorder
Naltrexone	contraindication	anxiety disorder
Naltrexone	contraindication	neurotic disorder
Naltrexone	contraindication	dysthymic disorder
Clonazepam	contraindication	anxiety disorder
Clonazepam	contraindication	neurotic disorder
Clonazepam	contraindication	dysthymic disorder
Nelfinavir	contraindication	anxiety disorder
Nelfinavir	contraindication	neurotic disorder
Nelfinavir	contraindication	dysthymic disorder
Montelukast	contraindication	anxiety disorder
Montelukast	contraindication	neurotic disorder
Montelukast	contraindication	dysthymic disorder
Efavirenz	contraindication	anxiety disorder
Efavirenz	contraindication	neurotic disorder
Efavirenz	contraindication	dysthymic disorder
Zaleplon	contraindication	anxiety disorder
Zaleplon	contraindication	neurotic disorder
Zaleplon	contraindication	dysthymic disorder
Pregabalin	contraindication	anxiety disorder
Pregabalin	contraindication	neurotic disorder
Pregabalin	contraindication	dysthymic disorder
Tenofovir	contraindication	anxiety disorder
Tenofovir	contraindication	neurotic disorder
Tenofovir	contraindication	dysthymic disorder
Emtricitabine	contraindication	anxiety disorder
Emtricitabine	contraindication	neurotic disorder
Emtricitabine	contraindication	dysthymic disorder
Ferrous fumarate	contraindication	anxiety disorder
Ferrous fumarate	contraindication	neurotic disorder
Ferrous fumarate	contraindication	dysthymic disorder
Eszopiclone	contraindication	anxiety disorder
Eszopiclone	contraindication	neurotic disorder
Eszopiclone	contraindication	dysthymic disorder
Pindolol	contraindication	anxiety disorder
Pindolol	contraindication	neurotic disorder
Pindolol	contraindication	dysthymic disorder
Hydroflumethiazide	contraindication	anxiety disorder
Hydroflumethiazide	contraindication	neurotic disorder
Hydroflumethiazide	contraindication	dysthymic disorder
Methyclothiazide	contraindication	anxiety disorder
Methyclothiazide	contraindication	neurotic disorder
Methyclothiazide	contraindication	dysthymic disorder
Trichlormethiazide	contraindication	anxiety disorder
Trichlormethiazide	contraindication	neurotic disorder
Trichlormethiazide	contraindication	dysthymic disorder
Rifampicin	contraindication	anxiety disorder
Rifampicin	contraindication	neurotic disorder
Rifampicin	contraindication	dysthymic disorder
Methscopolamine	contraindication	anxiety disorder
Methscopolamine	contraindication	neurotic disorder
Methscopolamine	contraindication	dysthymic disorder
Entacapone	contraindication	anxiety disorder
Entacapone	contraindication	neurotic disorder
Entacapone	contraindication	dysthymic disorder
Oxyphencyclimine	contraindication	anxiety disorder
Oxyphencyclimine	contraindication	neurotic disorder
Oxyphencyclimine	contraindication	dysthymic disorder
Butabarbital	contraindication	anxiety disorder
Butabarbital	contraindication	neurotic disorder
Butabarbital	contraindication	dysthymic disorder
Primidone	contraindication	anxiety disorder
Primidone	contraindication	neurotic disorder
Primidone	contraindication	dysthymic disorder
Tranexamic acid	contraindication	anxiety disorder
Tranexamic acid	contraindication	neurotic disorder
Tranexamic acid	contraindication	dysthymic disorder
Tiagabine	contraindication	anxiety disorder
Tiagabine	contraindication	neurotic disorder
Tiagabine	contraindication	dysthymic disorder
Methylphenobarbital	contraindication	anxiety disorder
Methylphenobarbital	contraindication	neurotic disorder
Methylphenobarbital	contraindication	dysthymic disorder
Ergotamine	contraindication	anxiety disorder
Ergotamine	contraindication	neurotic disorder
Ergotamine	contraindication	dysthymic disorder
Armodafinil	contraindication	anxiety disorder
Armodafinil	contraindication	neurotic disorder
Armodafinil	contraindication	dysthymic disorder
Zileuton	contraindication	anxiety disorder
Zileuton	contraindication	neurotic disorder
Zileuton	contraindication	dysthymic disorder
Zafirlukast	contraindication	anxiety disorder
Zafirlukast	contraindication	neurotic disorder
Zafirlukast	contraindication	dysthymic disorder
Rufinamide	contraindication	anxiety disorder
Rufinamide	contraindication	neurotic disorder
Rufinamide	contraindication	dysthymic disorder
Levetiracetam	contraindication	anxiety disorder
Levetiracetam	contraindication	neurotic disorder
Levetiracetam	contraindication	dysthymic disorder
Hyoscyamine	contraindication	anxiety disorder
Hyoscyamine	contraindication	neurotic disorder
Hyoscyamine	contraindication	dysthymic disorder
Valproic acid	contraindication	carbamoyl phosphate synthetase I deficiency disease
Methylprednisolone	contraindication	carbamoyl phosphate synthetase I deficiency disease
Desonide	contraindication	carbamoyl phosphate synthetase I deficiency disease
Prednisone	contraindication	carbamoyl phosphate synthetase I deficiency disease
Budesonide	contraindication	carbamoyl phosphate synthetase I deficiency disease
Prednisolone	contraindication	carbamoyl phosphate synthetase I deficiency disease
Dexamethasone	contraindication	carbamoyl phosphate synthetase I deficiency disease
Betamethasone	contraindication	carbamoyl phosphate synthetase I deficiency disease
Triamcinolone	contraindication	carbamoyl phosphate synthetase I deficiency disease
Valproic acid	contraindication	hyperargininemia
Methylprednisolone	contraindication	hyperargininemia
Desonide	contraindication	hyperargininemia
Prednisone	contraindication	hyperargininemia
Budesonide	contraindication	hyperargininemia
Prednisolone	contraindication	hyperargininemia
Dexamethasone	contraindication	hyperargininemia
Betamethasone	contraindication	hyperargininemia
Triamcinolone	contraindication	hyperargininemia
Venlafaxine	contraindication	bipolar disorder
Venlafaxine	contraindication	major affective disorder
Desvenlafaxine	contraindication	bipolar disorder
Desvenlafaxine	contraindication	major affective disorder
Atomoxetine	contraindication	bipolar disorder
Atomoxetine	contraindication	major affective disorder
Sertraline	contraindication	bipolar disorder
Sertraline	contraindication	major affective disorder
Trimipramine	contraindication	bipolar disorder
Trimipramine	contraindication	major affective disorder
Paroxetine	contraindication	bipolar disorder
Paroxetine	contraindication	major affective disorder
Lisdexamfetamine	contraindication	bipolar disorder
Lisdexamfetamine	contraindication	major affective disorder
Citalopram	contraindication	bipolar disorder
Citalopram	contraindication	major affective disorder
Isocarboxazid	contraindication	bipolar disorder
Isocarboxazid	contraindication	major affective disorder
Folic acid	contraindication	bipolar disorder
Folic acid	contraindication	major affective disorder
Fluoxetine	contraindication	bipolar disorder
Fluoxetine	contraindication	major affective disorder
Fluvoxamine	contraindication	bipolar disorder
Fluvoxamine	contraindication	major affective disorder
Metamfetamine	contraindication	bipolar disorder
Metamfetamine	contraindication	major affective disorder
Phenelzine	contraindication	bipolar disorder
Phenelzine	contraindication	major affective disorder
Dextroamphetamine	contraindication	bipolar disorder
Dextroamphetamine	contraindication	major affective disorder
Imipramine	contraindication	bipolar disorder
Imipramine	contraindication	major affective disorder
Desipramine	contraindication	bipolar disorder
Desipramine	contraindication	major affective disorder
Protriptyline	contraindication	bipolar disorder
Protriptyline	contraindication	major affective disorder
Dexmethylphenidate	contraindication	bipolar disorder
Dexmethylphenidate	contraindication	major affective disorder
Amphetamine	contraindication	bipolar disorder
Amphetamine	contraindication	major affective disorder
Vilazodone	contraindication	bipolar disorder
Vilazodone	contraindication	major affective disorder
Benzphetamine	contraindication	bipolar disorder
Benzphetamine	contraindication	major affective disorder
Tranylcypromine	contraindication	bipolar disorder
Tranylcypromine	contraindication	major affective disorder
Selegiline	contraindication	bipolar disorder
Selegiline	contraindication	major affective disorder
Amoxapine	contraindication	bipolar disorder
Amoxapine	contraindication	major affective disorder
Rasagiline	contraindication	bipolar disorder
Rasagiline	contraindication	major affective disorder
Olanzapine	contraindication	bipolar disorder
Olanzapine	contraindication	major affective disorder
Magnesium oxide	contraindication	bipolar disorder
Magnesium oxide	contraindication	major affective disorder
Escitalopram	contraindication	bipolar disorder
Escitalopram	contraindication	major affective disorder
Butabarbital	contraindication	bipolar disorder
Butabarbital	contraindication	major affective disorder
Duloxetine	contraindication	bipolar disorder
Duloxetine	contraindication	major affective disorder
Methylphenidate	contraindication	bipolar disorder
Methylphenidate	contraindication	major affective disorder
Maprotiline	contraindication	bipolar disorder
Maprotiline	contraindication	major affective disorder
Mirtazapine	contraindication	manic bipolar affective disorder
Nortriptyline	contraindication	manic bipolar affective disorder
Perphenazine	contraindication	manic bipolar affective disorder
Chlordiazepoxide	contraindication	manic bipolar affective disorder
Amitriptyline	contraindication	manic bipolar affective disorder
Bupropion	contraindication	manic bipolar affective disorder
Clomipramine	contraindication	manic bipolar affective disorder
Doxepin	contraindication	manic bipolar affective disorder
Valproic acid	contraindication	pancreatitis
Stavudine	contraindication	pancreatitis
Zidovudine	contraindication	pancreatitis
Bexarotene	contraindication	pancreatitis
Abacavir	contraindication	pancreatitis
Lamivudine	contraindication	pancreatitis
Valproic acid	contraindication	citrullinemia
Methylprednisolone	contraindication	citrullinemia
Desonide	contraindication	citrullinemia
Prednisone	contraindication	citrullinemia
Budesonide	contraindication	citrullinemia
Prednisolone	contraindication	citrullinemia
Dexamethasone	contraindication	citrullinemia
Betamethasone	contraindication	citrullinemia
Triamcinolone	contraindication	citrullinemia
Fosinopril	contraindication	pancreatitis
Irinotecan	contraindication	pancreatitis
Synephrine	contraindication	pancreatitis
Guaifenesin	contraindication	pancreatitis
Phenyltoloxamine	contraindication	pancreatitis
Mepyramine	contraindication	pancreatitis
Pseudoephedrine	contraindication	pancreatitis
Guaiacol	contraindication	pancreatitis
Amlodipine	contraindication	pancreatitis
Potassium citrate	contraindication	pancreatitis
Benazepril	contraindication	pancreatitis
Hydralazine	contraindication	pancreatitis
Brompheniramine	contraindication	pancreatitis
Pheniramine	contraindication	pancreatitis
Quinapril	contraindication	pancreatitis
Chlorcyclizine	contraindication	pancreatitis
Cyclizine	contraindication	pancreatitis
Simvastatin	contraindication	pancreatitis
Clofedanol	contraindication	pancreatitis
Chlorthalidone	contraindication	pancreatitis
Pentoxyverine	contraindication	pancreatitis
Potassium Iodide	contraindication	pancreatitis
Lisinopril	contraindication	pancreatitis
Codeine	contraindication	pancreatitis
Potassium chloride	contraindication	pancreatitis
Bendroflumethiazide	contraindication	pancreatitis
Sodium citrate	contraindication	pancreatitis
Bisoprolol	contraindication	pancreatitis
Metformin	contraindication	pancreatitis
Captopril	contraindication	pancreatitis
Phenylephrine	contraindication	pancreatitis
Chlorothiazide	contraindication	pancreatitis
Hydrochlorothiazide	contraindication	pancreatitis
Etacrynic acid	contraindication	pancreatitis
Caffeine	contraindication	pancreatitis
Morphine	contraindication	pancreatitis
Methyldopa	contraindication	pancreatitis
Guanethidine	contraindication	pancreatitis
Propranolol	contraindication	pancreatitis
Spironolactone	contraindication	pancreatitis
Metoprolol	contraindication	pancreatitis
Scopolamine	contraindication	pancreatitis
Reserpine	contraindication	pancreatitis
Mercaptopurine	contraindication	pancreatitis
Fenofibrate	contraindication	pancreatitis
Sitagliptin	contraindication	pancreatitis
Carbinoxamine	contraindication	pancreatitis
Triprolidine	contraindication	pancreatitis
Isotretinoin	contraindication	pancreatitis
Doxylamine	contraindication	pancreatitis
Azathioprine	contraindication	pancreatitis
Nadolol	contraindication	pancreatitis
Clonidine	contraindication	pancreatitis
Fenofibric acid	contraindication	pancreatitis
Triamterene	contraindication	pancreatitis
Labetalol	contraindication	pancreatitis
Tretinoin	contraindication	pancreatitis
Ephedrine	contraindication	pancreatitis
Atenolol	contraindication	pancreatitis
Timolol	contraindication	pancreatitis
Amiloride	contraindication	pancreatitis
Dexchlorpheniramine	contraindication	pancreatitis
Lopinavir	contraindication	pancreatitis
Metolazone	contraindication	pancreatitis
Aliskiren	contraindication	pancreatitis
Naltrexone	contraindication	pancreatitis
Ezetimibe	contraindication	pancreatitis
Ritonavir	contraindication	pancreatitis
Phenylpropanolamine	contraindication	pancreatitis
Cytarabine	contraindication	pancreatitis
Candesartan cilexetil	contraindication	pancreatitis
Telmisartan	contraindication	pancreatitis
Irbesartan	contraindication	pancreatitis
Valsartan	contraindication	pancreatitis
Methyclothiazide	contraindication	pancreatitis
Eprosartan	contraindication	pancreatitis
Methscopolamine	contraindication	pancreatitis
Chlorpheniramine	contraindication	pancreatitis
Dexbrompheniramine	contraindication	pancreatitis
Dextromethorphan	contraindication	pancreatitis
Hydrocodone	contraindication	pancreatitis
Dihydrocodeine	contraindication	pancreatitis
Losartan	contraindication	pancreatitis
Moexipril	contraindication	pancreatitis
Calcium chloride	contraindication	pancreatitis
Pentamidine	contraindication	pancreatitis
Valproic acid	contraindication	thrombocytopenia
Irinotecan	contraindication	thrombocytopenia
Meropenem	contraindication	thrombocytopenia
Gemcitabine	contraindication	thrombocytopenia
Benzocaine	contraindication	thrombocytopenia
Fosphenytoin	contraindication	thrombocytopenia
Guaifenesin	contraindication	thrombocytopenia
Phenyltoloxamine	contraindication	thrombocytopenia
Ardeparin	contraindication	thrombocytopenia
Heparin	contraindication	thrombocytopenia
Enoxaparin	contraindication	thrombocytopenia
Adomiparin	contraindication	thrombocytopenia
Dalteparin	contraindication	thrombocytopenia
Parnaparin	contraindication	thrombocytopenia
Heparin, bovine	contraindication	thrombocytopenia
Inositol	contraindication	thrombocytopenia
Homatropine	contraindication	thrombocytopenia
Vinblastine	contraindication	thrombocytopenia
Pheniramine	contraindication	thrombocytopenia
Temozolomide	contraindication	thrombocytopenia
Lamotrigine	contraindication	thrombocytopenia
Perazine	contraindication	thrombocytopenia
Alimemazine	contraindication	thrombocytopenia
Orphenadrine	contraindication	thrombocytopenia
Ofloxacin	contraindication	thrombocytopenia
Ganciclovir	contraindication	thrombocytopenia
Pravastatin	contraindication	thrombocytopenia
Simvastatin	contraindication	thrombocytopenia
Citric acid	contraindication	thrombocytopenia
Butobarbital	contraindication	thrombocytopenia
Dicyclomine	contraindication	thrombocytopenia
Potassium Iodide	contraindication	thrombocytopenia
Pentobarbital	contraindication	thrombocytopenia
Secobarbital	contraindication	thrombocytopenia
Codeine	contraindication	thrombocytopenia
Leflunomide	contraindication	thrombocytopenia
Lovastatin	contraindication	thrombocytopenia
Isopropamide	contraindication	thrombocytopenia
Trimipramine	contraindication	thrombocytopenia
Trimethoprim	contraindication	thrombocytopenia
Sulfamethoxazole	contraindication	thrombocytopenia
Norfloxacin	contraindication	thrombocytopenia
Mannitol	contraindication	thrombocytopenia
Fluphenazine	contraindication	thrombocytopenia
Anagrelide	contraindication	thrombocytopenia
Sulfadiazine	contraindication	thrombocytopenia
Procarbazine	contraindication	thrombocytopenia
Apraclonidine	contraindication	thrombocytopenia
Inositol nicotinate	contraindication	thrombocytopenia
Mitoxantrone	contraindication	thrombocytopenia
Salicylamide	contraindication	thrombocytopenia
Altretamine	contraindication	thrombocytopenia
Choline magnesium trisalicylate	contraindication	thrombocytopenia
Nilotinib	contraindication	thrombocytopenia
Colchicine	contraindication	thrombocytopenia
Methimazole	contraindication	thrombocytopenia
Phenylephrine	contraindication	thrombocytopenia
Methotrexate	contraindication	thrombocytopenia
Theophylline	contraindication	thrombocytopenia
Promazine	contraindication	thrombocytopenia
Perphenazine	contraindication	thrombocytopenia
Prochlorperazine	contraindication	thrombocytopenia
Dipyridamole	contraindication	thrombocytopenia
Pyrimethamine	contraindication	thrombocytopenia
Caffeine	contraindication	thrombocytopenia
Probenecid	contraindication	thrombocytopenia
Meprobamate	contraindication	thrombocytopenia
Amobarbital	contraindication	thrombocytopenia
Phenytoin	contraindication	thrombocytopenia
Epirubicin	contraindication	thrombocytopenia
Chloramphenicol	contraindication	thrombocytopenia
Quinidine	contraindication	thrombocytopenia
Sunitinib	contraindication	thrombocytopenia
Magnesium carbonate	contraindication	thrombocytopenia
Acetohydroxamic acid	contraindication	thrombocytopenia
Nicotine	contraindication	thrombocytopenia
Pentostatin	contraindication	thrombocytopenia
Metamfetamine	contraindication	thrombocytopenia
Indomethacin	contraindication	thrombocytopenia
Dimenhydrinate	contraindication	thrombocytopenia
Ethadione	contraindication	thrombocytopenia
Penicillamine	contraindication	thrombocytopenia
Thiotepa	contraindication	thrombocytopenia
Mechlorethamine	contraindication	thrombocytopenia
Propylthiouracil	contraindication	thrombocytopenia
Scopolamine	contraindication	thrombocytopenia
Fluorouracil	contraindication	thrombocytopenia
Tretamine	contraindication	thrombocytopenia
Floxuridine	contraindication	thrombocytopenia
Dactinomycin	contraindication	thrombocytopenia
Chlorpromazine	contraindication	thrombocytopenia
Imipramine	contraindication	thrombocytopenia
Amitriptyline	contraindication	thrombocytopenia
Mercaptopurine	contraindication	thrombocytopenia
Mitomycin	contraindication	thrombocytopenia
Phenobarbital	contraindication	thrombocytopenia
Fenofibrate	contraindication	thrombocytopenia
Dyphylline	contraindication	thrombocytopenia
Azathioprine	contraindication	thrombocytopenia
Dacarbazine	contraindication	thrombocytopenia
Cladribine	contraindication	thrombocytopenia
Fenofibric acid	contraindication	thrombocytopenia
Carboplatin	contraindication	thrombocytopenia
Dexmethylphenidate	contraindication	thrombocytopenia
Pentosan polysulfate	contraindication	thrombocytopenia
Auranofin	contraindication	thrombocytopenia
Etoposide	contraindication	thrombocytopenia
Paclitaxel	contraindication	thrombocytopenia
Azacitidine	contraindication	thrombocytopenia
Chlorambucil	contraindication	thrombocytopenia
Dasatinib	contraindication	thrombocytopenia
Amphetamine	contraindication	thrombocytopenia
Ephedrine	contraindication	thrombocytopenia
Calcium gluconate	contraindication	thrombocytopenia
Carbamazepine	contraindication	thrombocytopenia
Sorafenib	contraindication	thrombocytopenia
Bumetanide	contraindication	thrombocytopenia
Acetophenazine	contraindication	thrombocytopenia
Gemfibrozil	contraindication	thrombocytopenia
Eribulin	contraindication	thrombocytopenia
Decitabine	contraindication	thrombocytopenia
Doxorubicin	contraindication	thrombocytopenia
Ixabepilone	contraindication	thrombocytopenia
Deferasirox	contraindication	thrombocytopenia
Tiopronin	contraindication	thrombocytopenia
Lenalidomide	contraindication	thrombocytopenia
Magnesium salicylate	contraindication	thrombocytopenia
Eptifibatide	contraindication	thrombocytopenia
Erlotinib	contraindication	thrombocytopenia
Bortezomib	contraindication	thrombocytopenia
Linezolid	contraindication	thrombocytopenia
Bendamustine	contraindication	thrombocytopenia
Everolimus	contraindication	thrombocytopenia
Ibuprofen	contraindication	thrombocytopenia
Capecitabine	contraindication	thrombocytopenia
Carmustine	contraindication	thrombocytopenia
Tioguanine	contraindication	thrombocytopenia
Imatinib	contraindication	thrombocytopenia
Vorinostat	contraindication	thrombocytopenia
Pregabalin	contraindication	thrombocytopenia
Phenylpropanolamine	contraindication	thrombocytopenia
Melphalan	contraindication	thrombocytopenia
Bosentan	contraindication	thrombocytopenia
Cytarabine	contraindication	thrombocytopenia
Pralatrexate	contraindication	thrombocytopenia
Triflupromazine	contraindication	thrombocytopenia
Tirofiban	contraindication	thrombocytopenia
Amoxapine	contraindication	thrombocytopenia
Pemetrexed	contraindication	thrombocytopenia
Rifampicin	contraindication	thrombocytopenia
Chlorpheniramine	contraindication	thrombocytopenia
Lomustine	contraindication	thrombocytopenia
Quinine	contraindication	thrombocytopenia
Romidepsin	contraindication	thrombocytopenia
Trimethadione	contraindication	thrombocytopenia
Hydroxyurea	contraindication	thrombocytopenia
Dextromethorphan	contraindication	thrombocytopenia
Oxyphencyclimine	contraindication	thrombocytopenia
Butabarbital	contraindication	thrombocytopenia
Primidone	contraindication	thrombocytopenia
Hydrocodone	contraindication	thrombocytopenia
Dihydrocodeine	contraindication	thrombocytopenia
Topotecan	contraindication	thrombocytopenia
Clofarabine	contraindication	thrombocytopenia
Aurothioglucose	contraindication	thrombocytopenia
Nelarabine	contraindication	thrombocytopenia
Trifluoperazine	contraindication	thrombocytopenia
Methylphenobarbital	contraindication	thrombocytopenia
Docetaxel	contraindication	thrombocytopenia
Methylphenidate	contraindication	thrombocytopenia
Ergotamine	contraindication	thrombocytopenia
Guanidine	contraindication	thrombocytopenia
Plerixafor	contraindication	thrombocytopenia
Tamoxifen	contraindication	thrombocytopenia
Fondaparinux	contraindication	thrombocytopenia
Nitisinone	contraindication	thrombocytopenia
Hyoscyamine	contraindication	thrombocytopenia
Levofloxacin	contraindication	thrombocytopenia
Pentamidine	contraindication	thrombocytopenia
Carbamazepine	contraindication	absence epilepsy
Benzocaine	contraindication	exanthem (disease)
Eflornithine	contraindication	exanthem (disease)
Auranofin	contraindication	exanthem (disease)
Sulfacetamide	contraindication	exanthem (disease)
Nevirapine	contraindication	exanthem (disease)
Aurothioglucose	contraindication	exanthem (disease)
Resorcinol	contraindication	exanthem (disease)
Estradiol valerate	contraindication	congestive heart failure
Glimepiride	contraindication	congestive heart failure
Pseudoephedrine	contraindication	congestive heart failure
Itraconazole	contraindication	congestive heart failure
Methylprednisolone	contraindication	congestive heart failure
Warfarin	contraindication	congestive heart failure
Citric acid	contraindication	congestive heart failure
Amantadine	contraindication	congestive heart failure
Silicon dioxide	contraindication	congestive heart failure
Fluoxymesterone	contraindication	congestive heart failure
Sodium phosphate, monobasic	contraindication	congestive heart failure
Potassium chloride	contraindication	congestive heart failure
Omeprazole	contraindication	congestive heart failure
Meloxicam	contraindication	congestive heart failure
Vigabatrin	contraindication	congestive heart failure
Dicoumarol	contraindication	congestive heart failure
Metformin	contraindication	congestive heart failure
Desonide	contraindication	congestive heart failure
Methylene blue	contraindication	congestive heart failure
Bisacodyl	contraindication	congestive heart failure
Testosterone	contraindication	congestive heart failure
Testosterone cypionate	contraindication	congestive heart failure
Methyltestosterone	contraindication	congestive heart failure
Testosterone propionate	contraindication	congestive heart failure
Ethinylestradiol	contraindication	congestive heart failure
Methyldopa	contraindication	congestive heart failure
Prednisone	contraindication	congestive heart failure
Budesonide	contraindication	congestive heart failure
Histamine	contraindication	congestive heart failure
Estradiol	contraindication	congestive heart failure
Prednisolone	contraindication	congestive heart failure
Dexamethasone	contraindication	congestive heart failure
Chlorphentermine	contraindication	congestive heart failure
Metronidazole	contraindication	congestive heart failure
Oxymetholone	contraindication	congestive heart failure
Sulindac	contraindication	congestive heart failure
Betamethasone	contraindication	congestive heart failure
Diazoxide	contraindication	congestive heart failure
Piroxicam	contraindication	congestive heart failure
Testosterone enanthate	contraindication	congestive heart failure
Estradiol cypionate	contraindication	congestive heart failure
Dasatinib	contraindication	congestive heart failure
Tretinoin	contraindication	congestive heart failure
Estramustine	contraindication	congestive heart failure
Ephedrine	contraindication	congestive heart failure
Potassium bicarbonate	contraindication	congestive heart failure
Fenoprofen	contraindication	congestive heart failure
Polyethylene glycol	contraindication	congestive heart failure
Polyethylene glycol 400	contraindication	congestive heart failure
Polyethylene glycol 300	contraindication	congestive heart failure
Polyethylene glycol 3500	contraindication	congestive heart failure
Naproxen	contraindication	congestive heart failure
Dexrabeprazole	contraindication	congestive heart failure
Ambrisentan	contraindication	congestive heart failure
Celecoxib	contraindication	congestive heart failure
Everolimus	contraindication	congestive heart failure
Diclofenac	contraindication	congestive heart failure
Imatinib	contraindication	congestive heart failure
Magnesium trisilicate	contraindication	congestive heart failure
Bosentan	contraindication	congestive heart failure
Triamcinolone	contraindication	congestive heart failure
Phentermine	contraindication	congestive heart failure
Pioglitazone	contraindication	congestive heart failure
Sumatriptan	contraindication	congestive heart failure
Lansoprazole	contraindication	congestive heart failure
Hyoscyamine	contraindication	congestive heart failure
Methenamine	contraindication	congestive heart failure
Salmeterol	contraindication	herpes simplex virus keratitis
Mometasone furoate	contraindication	herpes simplex virus keratitis
Methylprednisolone	contraindication	herpes simplex virus keratitis
Fluticasone propionate	contraindication	herpes simplex virus keratitis
Formoterol	contraindication	herpes simplex virus keratitis
Fusidic acid	contraindication	herpes simplex virus keratitis
Fluocinolone acetonide	contraindication	herpes simplex virus keratitis
Desonide	contraindication	herpes simplex virus keratitis
Beclomethasone dipropionate	contraindication	herpes simplex virus keratitis
Prednisone	contraindication	herpes simplex virus keratitis
Prednisolone acetate	contraindication	herpes simplex virus keratitis
Budesonide	contraindication	herpes simplex virus keratitis
Prednisolone	contraindication	herpes simplex virus keratitis
Hydrocortisone	contraindication	herpes simplex virus keratitis
Cortisone acetate	contraindication	herpes simplex virus keratitis
Hydrocortisone acetate	contraindication	herpes simplex virus keratitis
Dexamethasone	contraindication	herpes simplex virus keratitis
Rimexolone	contraindication	herpes simplex virus keratitis
Fluorometholone	contraindication	herpes simplex virus keratitis
Fluticasone furoate	contraindication	herpes simplex virus keratitis
Betamethasone	contraindication	herpes simplex virus keratitis
Flunisolide	contraindication	herpes simplex virus keratitis
Tobramycin	contraindication	herpes simplex virus keratitis
Sulfacetamide	contraindication	herpes simplex virus keratitis
Bacitracin	contraindication	herpes simplex virus keratitis
Pramocaine	contraindication	herpes simplex virus keratitis
Lidocaine	contraindication	herpes simplex virus keratitis
Ciclesonide	contraindication	herpes simplex virus keratitis
Triamcinolone	contraindication	herpes simplex virus keratitis
Chlorpropamide	contraindication	hypopituitarism
Chlorpropamide	contraindication	isolated congenital growth hormone deficiency
Chlorpropamide	contraindication	hypogonadotropic hypogonadism with or without anosmia
Chlorpropamide	contraindication	isolated growth hormone deficiency
Chlorpropamide	contraindication	short stature due to growth hormone qualitative anomaly
Chlorpropamide	contraindication	combined pituitary hormone deficiencies, genetic form
Chlorpropamide	contraindication	pituitary deficiency
Chlorpropamide	contraindication	congenital hypogonadotropic hypogonadism
Chlorpropamide	contraindication	non-acquired combined pituitary hormone deficiencies without extra-pituitary malformations
Chlorpropamide	contraindication	hypogonadotropic hypogonadism-frontoparietal alopecia syndrome
Chlorpropamide	contraindication	hypogonadotropic hypogonadism
Chlorpropamide	contraindication	non-acquired combined pituitary hormone deficiency
Chlorpropamide	contraindication	Kallmann syndrome
Chlorpropamide	contraindication	short stature due to isolated growth hormone deficiency with X-linked hypogammaglobulinemia
Chlorpropamide	contraindication	X-linked intellectual disability with isolated growth hormone deficiency
Chlorpropamide	contraindication	pituitary deficiency due to Rathke's pouch cysts
Chlorpropamide	contraindication	pituitary deficiency due to empty sella turcica syndrome
Chlorpropamide	contraindication	Sheehan syndrome
Chlorpropamide	contraindication	non-acquired pituitary hormone deficiency
Chlorpropamide	contraindication	acquired pituitary hormone deficiency
Chlorpropamide	contraindication	pituitary hormone defiency from vascular origin
Chlorpropamide	contraindication	thymus gland disease
Glimepiride	contraindication	hypopituitarism
Glimepiride	contraindication	isolated congenital growth hormone deficiency
Glimepiride	contraindication	hypogonadotropic hypogonadism with or without anosmia
Glimepiride	contraindication	isolated growth hormone deficiency
Glimepiride	contraindication	short stature due to growth hormone qualitative anomaly
Glimepiride	contraindication	combined pituitary hormone deficiencies, genetic form
Glimepiride	contraindication	pituitary deficiency
Glimepiride	contraindication	congenital hypogonadotropic hypogonadism
Glimepiride	contraindication	non-acquired combined pituitary hormone deficiencies without extra-pituitary malformations
Glimepiride	contraindication	hypogonadotropic hypogonadism-frontoparietal alopecia syndrome
Glimepiride	contraindication	hypogonadotropic hypogonadism
Glimepiride	contraindication	non-acquired combined pituitary hormone deficiency
Glimepiride	contraindication	Kallmann syndrome
Glimepiride	contraindication	short stature due to isolated growth hormone deficiency with X-linked hypogammaglobulinemia
Glimepiride	contraindication	X-linked intellectual disability with isolated growth hormone deficiency
Glimepiride	contraindication	pituitary deficiency due to Rathke's pouch cysts
Glimepiride	contraindication	pituitary deficiency due to empty sella turcica syndrome
Glimepiride	contraindication	Sheehan syndrome
Glimepiride	contraindication	non-acquired pituitary hormone deficiency
Glimepiride	contraindication	acquired pituitary hormone deficiency
Glimepiride	contraindication	pituitary hormone defiency from vascular origin
Glimepiride	contraindication	thymus gland disease
Salmeterol	contraindication	hypopituitarism
Salmeterol	contraindication	isolated congenital growth hormone deficiency
Salmeterol	contraindication	hypogonadotropic hypogonadism with or without anosmia
Salmeterol	contraindication	isolated growth hormone deficiency
Salmeterol	contraindication	short stature due to growth hormone qualitative anomaly
Salmeterol	contraindication	combined pituitary hormone deficiencies, genetic form
Salmeterol	contraindication	pituitary deficiency
Salmeterol	contraindication	congenital hypogonadotropic hypogonadism
Salmeterol	contraindication	non-acquired combined pituitary hormone deficiencies without extra-pituitary malformations
Salmeterol	contraindication	hypogonadotropic hypogonadism-frontoparietal alopecia syndrome
Salmeterol	contraindication	hypogonadotropic hypogonadism
Salmeterol	contraindication	non-acquired combined pituitary hormone deficiency
Salmeterol	contraindication	Kallmann syndrome
Salmeterol	contraindication	short stature due to isolated growth hormone deficiency with X-linked hypogammaglobulinemia
Salmeterol	contraindication	X-linked intellectual disability with isolated growth hormone deficiency
Salmeterol	contraindication	pituitary deficiency due to Rathke's pouch cysts
Salmeterol	contraindication	pituitary deficiency due to empty sella turcica syndrome
Salmeterol	contraindication	Sheehan syndrome
Salmeterol	contraindication	non-acquired pituitary hormone deficiency
Salmeterol	contraindication	acquired pituitary hormone deficiency
Salmeterol	contraindication	pituitary hormone defiency from vascular origin
Salmeterol	contraindication	thymus gland disease
Mometasone furoate	contraindication	hypopituitarism
Mometasone furoate	contraindication	isolated congenital growth hormone deficiency
Mometasone furoate	contraindication	hypogonadotropic hypogonadism with or without anosmia
Mometasone furoate	contraindication	isolated growth hormone deficiency
Mometasone furoate	contraindication	short stature due to growth hormone qualitative anomaly
Mometasone furoate	contraindication	combined pituitary hormone deficiencies, genetic form
Mometasone furoate	contraindication	pituitary deficiency
Mometasone furoate	contraindication	congenital hypogonadotropic hypogonadism
Mometasone furoate	contraindication	non-acquired combined pituitary hormone deficiencies without extra-pituitary malformations
Mometasone furoate	contraindication	hypogonadotropic hypogonadism-frontoparietal alopecia syndrome
Mometasone furoate	contraindication	hypogonadotropic hypogonadism
Mometasone furoate	contraindication	non-acquired combined pituitary hormone deficiency
Mometasone furoate	contraindication	Kallmann syndrome
Mometasone furoate	contraindication	short stature due to isolated growth hormone deficiency with X-linked hypogammaglobulinemia
Mometasone furoate	contraindication	X-linked intellectual disability with isolated growth hormone deficiency
Mometasone furoate	contraindication	pituitary deficiency due to Rathke's pouch cysts
Mometasone furoate	contraindication	pituitary deficiency due to empty sella turcica syndrome
Mometasone furoate	contraindication	Sheehan syndrome
Mometasone furoate	contraindication	non-acquired pituitary hormone deficiency
Mometasone furoate	contraindication	acquired pituitary hormone deficiency
Mometasone furoate	contraindication	pituitary hormone defiency from vascular origin
Mometasone furoate	contraindication	thymus gland disease
Methylprednisolone	contraindication	hypopituitarism
Methylprednisolone	contraindication	isolated congenital growth hormone deficiency
Methylprednisolone	contraindication	hypogonadotropic hypogonadism with or without anosmia
Methylprednisolone	contraindication	isolated growth hormone deficiency
Methylprednisolone	contraindication	short stature due to growth hormone qualitative anomaly
Methylprednisolone	contraindication	combined pituitary hormone deficiencies, genetic form
Methylprednisolone	contraindication	pituitary deficiency
Methylprednisolone	contraindication	congenital hypogonadotropic hypogonadism
Methylprednisolone	contraindication	non-acquired combined pituitary hormone deficiencies without extra-pituitary malformations
Methylprednisolone	contraindication	hypogonadotropic hypogonadism-frontoparietal alopecia syndrome
Methylprednisolone	contraindication	hypogonadotropic hypogonadism
Methylprednisolone	contraindication	non-acquired combined pituitary hormone deficiency
Methylprednisolone	contraindication	Kallmann syndrome
Methylprednisolone	contraindication	short stature due to isolated growth hormone deficiency with X-linked hypogammaglobulinemia
Methylprednisolone	contraindication	X-linked intellectual disability with isolated growth hormone deficiency
Methylprednisolone	contraindication	pituitary deficiency due to Rathke's pouch cysts
Methylprednisolone	contraindication	pituitary deficiency due to empty sella turcica syndrome
Methylprednisolone	contraindication	Sheehan syndrome
Methylprednisolone	contraindication	non-acquired pituitary hormone deficiency
Methylprednisolone	contraindication	acquired pituitary hormone deficiency
Methylprednisolone	contraindication	pituitary hormone defiency from vascular origin
Methylprednisolone	contraindication	thymus gland disease
Fluticasone propionate	contraindication	hypopituitarism
Fluticasone propionate	contraindication	isolated congenital growth hormone deficiency
Fluticasone propionate	contraindication	hypogonadotropic hypogonadism with or without anosmia
Fluticasone propionate	contraindication	isolated growth hormone deficiency
Fluticasone propionate	contraindication	short stature due to growth hormone qualitative anomaly
Fluticasone propionate	contraindication	combined pituitary hormone deficiencies, genetic form
Fluticasone propionate	contraindication	pituitary deficiency
Fluticasone propionate	contraindication	congenital hypogonadotropic hypogonadism
Fluticasone propionate	contraindication	non-acquired combined pituitary hormone deficiencies without extra-pituitary malformations
Fluticasone propionate	contraindication	hypogonadotropic hypogonadism-frontoparietal alopecia syndrome
Fluticasone propionate	contraindication	hypogonadotropic hypogonadism
Fluticasone propionate	contraindication	non-acquired combined pituitary hormone deficiency
Fluticasone propionate	contraindication	Kallmann syndrome
Fluticasone propionate	contraindication	short stature due to isolated growth hormone deficiency with X-linked hypogammaglobulinemia
Fluticasone propionate	contraindication	X-linked intellectual disability with isolated growth hormone deficiency
Fluticasone propionate	contraindication	pituitary deficiency due to Rathke's pouch cysts
Fluticasone propionate	contraindication	pituitary deficiency due to empty sella turcica syndrome
Fluticasone propionate	contraindication	Sheehan syndrome
Fluticasone propionate	contraindication	non-acquired pituitary hormone deficiency
Fluticasone propionate	contraindication	acquired pituitary hormone deficiency
Fluticasone propionate	contraindication	pituitary hormone defiency from vascular origin
Fluticasone propionate	contraindication	thymus gland disease
Formoterol	contraindication	hypopituitarism
Formoterol	contraindication	isolated congenital growth hormone deficiency
Formoterol	contraindication	hypogonadotropic hypogonadism with or without anosmia
Formoterol	contraindication	isolated growth hormone deficiency
Formoterol	contraindication	short stature due to growth hormone qualitative anomaly
Formoterol	contraindication	combined pituitary hormone deficiencies, genetic form
Formoterol	contraindication	pituitary deficiency
Formoterol	contraindication	congenital hypogonadotropic hypogonadism
Formoterol	contraindication	non-acquired combined pituitary hormone deficiencies without extra-pituitary malformations
Formoterol	contraindication	hypogonadotropic hypogonadism-frontoparietal alopecia syndrome
Formoterol	contraindication	hypogonadotropic hypogonadism
Formoterol	contraindication	non-acquired combined pituitary hormone deficiency
Formoterol	contraindication	Kallmann syndrome
Formoterol	contraindication	short stature due to isolated growth hormone deficiency with X-linked hypogammaglobulinemia
Formoterol	contraindication	X-linked intellectual disability with isolated growth hormone deficiency
Formoterol	contraindication	pituitary deficiency due to Rathke's pouch cysts
Formoterol	contraindication	pituitary deficiency due to empty sella turcica syndrome
Formoterol	contraindication	Sheehan syndrome
Formoterol	contraindication	non-acquired pituitary hormone deficiency
Formoterol	contraindication	acquired pituitary hormone deficiency
Formoterol	contraindication	pituitary hormone defiency from vascular origin
Formoterol	contraindication	thymus gland disease
Liothyronine	contraindication	hypopituitarism
Liothyronine	contraindication	isolated congenital growth hormone deficiency
Liothyronine	contraindication	hypogonadotropic hypogonadism with or without anosmia
Liothyronine	contraindication	isolated growth hormone deficiency
Liothyronine	contraindication	short stature due to growth hormone qualitative anomaly
Liothyronine	contraindication	combined pituitary hormone deficiencies, genetic form
Liothyronine	contraindication	pituitary deficiency
Liothyronine	contraindication	congenital hypogonadotropic hypogonadism
Liothyronine	contraindication	non-acquired combined pituitary hormone deficiencies without extra-pituitary malformations
Liothyronine	contraindication	hypogonadotropic hypogonadism-frontoparietal alopecia syndrome
Liothyronine	contraindication	hypogonadotropic hypogonadism
Liothyronine	contraindication	non-acquired combined pituitary hormone deficiency
Liothyronine	contraindication	Kallmann syndrome
Liothyronine	contraindication	short stature due to isolated growth hormone deficiency with X-linked hypogammaglobulinemia
Liothyronine	contraindication	X-linked intellectual disability with isolated growth hormone deficiency
Liothyronine	contraindication	pituitary deficiency due to Rathke's pouch cysts
Liothyronine	contraindication	pituitary deficiency due to empty sella turcica syndrome
Liothyronine	contraindication	Sheehan syndrome
Liothyronine	contraindication	non-acquired pituitary hormone deficiency
Liothyronine	contraindication	acquired pituitary hormone deficiency
Liothyronine	contraindication	pituitary hormone defiency from vascular origin
Liothyronine	contraindication	thymus gland disease
Metformin	contraindication	hypopituitarism
Metformin	contraindication	isolated congenital growth hormone deficiency
Metformin	contraindication	hypogonadotropic hypogonadism with or without anosmia
Metformin	contraindication	isolated growth hormone deficiency
Metformin	contraindication	short stature due to growth hormone qualitative anomaly
Metformin	contraindication	combined pituitary hormone deficiencies, genetic form
Metformin	contraindication	pituitary deficiency
Metformin	contraindication	congenital hypogonadotropic hypogonadism
Metformin	contraindication	non-acquired combined pituitary hormone deficiencies without extra-pituitary malformations
Metformin	contraindication	hypogonadotropic hypogonadism-frontoparietal alopecia syndrome
Metformin	contraindication	hypogonadotropic hypogonadism
Metformin	contraindication	non-acquired combined pituitary hormone deficiency
Metformin	contraindication	Kallmann syndrome
Metformin	contraindication	short stature due to isolated growth hormone deficiency with X-linked hypogammaglobulinemia
Metformin	contraindication	X-linked intellectual disability with isolated growth hormone deficiency
Metformin	contraindication	pituitary deficiency due to Rathke's pouch cysts
Metformin	contraindication	pituitary deficiency due to empty sella turcica syndrome
Metformin	contraindication	Sheehan syndrome
Metformin	contraindication	non-acquired pituitary hormone deficiency
Metformin	contraindication	acquired pituitary hormone deficiency
Metformin	contraindication	pituitary hormone defiency from vascular origin
Metformin	contraindication	thymus gland disease
Tolbutamide	contraindication	hypopituitarism
Tolbutamide	contraindication	isolated congenital growth hormone deficiency
Tolbutamide	contraindication	hypogonadotropic hypogonadism with or without anosmia
Tolbutamide	contraindication	isolated growth hormone deficiency
Tolbutamide	contraindication	short stature due to growth hormone qualitative anomaly
Tolbutamide	contraindication	combined pituitary hormone deficiencies, genetic form
Tolbutamide	contraindication	pituitary deficiency
Tolbutamide	contraindication	congenital hypogonadotropic hypogonadism
Tolbutamide	contraindication	non-acquired combined pituitary hormone deficiencies without extra-pituitary malformations
Tolbutamide	contraindication	hypogonadotropic hypogonadism-frontoparietal alopecia syndrome
Tolbutamide	contraindication	hypogonadotropic hypogonadism
Tolbutamide	contraindication	non-acquired combined pituitary hormone deficiency
Tolbutamide	contraindication	Kallmann syndrome
Tolbutamide	contraindication	short stature due to isolated growth hormone deficiency with X-linked hypogammaglobulinemia
Tolbutamide	contraindication	X-linked intellectual disability with isolated growth hormone deficiency
Tolbutamide	contraindication	pituitary deficiency due to Rathke's pouch cysts
Tolbutamide	contraindication	pituitary deficiency due to empty sella turcica syndrome
Tolbutamide	contraindication	Sheehan syndrome
Tolbutamide	contraindication	non-acquired pituitary hormone deficiency
Tolbutamide	contraindication	acquired pituitary hormone deficiency
Tolbutamide	contraindication	pituitary hormone defiency from vascular origin
Tolbutamide	contraindication	thymus gland disease
Desonide	contraindication	hypopituitarism
Desonide	contraindication	isolated congenital growth hormone deficiency
Desonide	contraindication	hypogonadotropic hypogonadism with or without anosmia
Desonide	contraindication	isolated growth hormone deficiency
Desonide	contraindication	short stature due to growth hormone qualitative anomaly
Desonide	contraindication	combined pituitary hormone deficiencies, genetic form
Desonide	contraindication	pituitary deficiency
Desonide	contraindication	congenital hypogonadotropic hypogonadism
Desonide	contraindication	non-acquired combined pituitary hormone deficiencies without extra-pituitary malformations
Desonide	contraindication	hypogonadotropic hypogonadism-frontoparietal alopecia syndrome
Desonide	contraindication	hypogonadotropic hypogonadism
Desonide	contraindication	non-acquired combined pituitary hormone deficiency
Desonide	contraindication	Kallmann syndrome
Desonide	contraindication	short stature due to isolated growth hormone deficiency with X-linked hypogammaglobulinemia
Desonide	contraindication	X-linked intellectual disability with isolated growth hormone deficiency
Desonide	contraindication	pituitary deficiency due to Rathke's pouch cysts
Desonide	contraindication	pituitary deficiency due to empty sella turcica syndrome
Desonide	contraindication	Sheehan syndrome
Desonide	contraindication	non-acquired pituitary hormone deficiency
Desonide	contraindication	acquired pituitary hormone deficiency
Desonide	contraindication	pituitary hormone defiency from vascular origin
Desonide	contraindication	thymus gland disease
Prednisone	contraindication	hypopituitarism
Prednisone	contraindication	isolated congenital growth hormone deficiency
Prednisone	contraindication	hypogonadotropic hypogonadism with or without anosmia
Prednisone	contraindication	isolated growth hormone deficiency
Prednisone	contraindication	short stature due to growth hormone qualitative anomaly
Prednisone	contraindication	combined pituitary hormone deficiencies, genetic form
Prednisone	contraindication	pituitary deficiency
Prednisone	contraindication	congenital hypogonadotropic hypogonadism
Prednisone	contraindication	non-acquired combined pituitary hormone deficiencies without extra-pituitary malformations
Prednisone	contraindication	hypogonadotropic hypogonadism-frontoparietal alopecia syndrome
Prednisone	contraindication	hypogonadotropic hypogonadism
Prednisone	contraindication	non-acquired combined pituitary hormone deficiency
Prednisone	contraindication	Kallmann syndrome
Prednisone	contraindication	short stature due to isolated growth hormone deficiency with X-linked hypogammaglobulinemia
Prednisone	contraindication	X-linked intellectual disability with isolated growth hormone deficiency
Prednisone	contraindication	pituitary deficiency due to Rathke's pouch cysts
Prednisone	contraindication	pituitary deficiency due to empty sella turcica syndrome
Prednisone	contraindication	Sheehan syndrome
Prednisone	contraindication	non-acquired pituitary hormone deficiency
Prednisone	contraindication	acquired pituitary hormone deficiency
Prednisone	contraindication	pituitary hormone defiency from vascular origin
Prednisone	contraindication	thymus gland disease
Ammonium lactate	contraindication	hypopituitarism
Ammonium lactate	contraindication	isolated congenital growth hormone deficiency
Ammonium lactate	contraindication	hypogonadotropic hypogonadism with or without anosmia
Ammonium lactate	contraindication	isolated growth hormone deficiency
Ammonium lactate	contraindication	short stature due to growth hormone qualitative anomaly
Ammonium lactate	contraindication	combined pituitary hormone deficiencies, genetic form
Ammonium lactate	contraindication	pituitary deficiency
Ammonium lactate	contraindication	congenital hypogonadotropic hypogonadism
Ammonium lactate	contraindication	non-acquired combined pituitary hormone deficiencies without extra-pituitary malformations
Ammonium lactate	contraindication	hypogonadotropic hypogonadism-frontoparietal alopecia syndrome
Ammonium lactate	contraindication	hypogonadotropic hypogonadism
Ammonium lactate	contraindication	non-acquired combined pituitary hormone deficiency
Ammonium lactate	contraindication	Kallmann syndrome
Ammonium lactate	contraindication	short stature due to isolated growth hormone deficiency with X-linked hypogammaglobulinemia
Ammonium lactate	contraindication	X-linked intellectual disability with isolated growth hormone deficiency
Ammonium lactate	contraindication	pituitary deficiency due to Rathke's pouch cysts
Ammonium lactate	contraindication	pituitary deficiency due to empty sella turcica syndrome
Ammonium lactate	contraindication	Sheehan syndrome
Ammonium lactate	contraindication	non-acquired pituitary hormone deficiency
Ammonium lactate	contraindication	acquired pituitary hormone deficiency
Ammonium lactate	contraindication	pituitary hormone defiency from vascular origin
Ammonium lactate	contraindication	thymus gland disease
Budesonide	contraindication	hypopituitarism
Budesonide	contraindication	isolated congenital growth hormone deficiency
Budesonide	contraindication	hypogonadotropic hypogonadism with or without anosmia
Budesonide	contraindication	isolated growth hormone deficiency
Budesonide	contraindication	short stature due to growth hormone qualitative anomaly
Budesonide	contraindication	combined pituitary hormone deficiencies, genetic form
Budesonide	contraindication	pituitary deficiency
Budesonide	contraindication	congenital hypogonadotropic hypogonadism
Budesonide	contraindication	non-acquired combined pituitary hormone deficiencies without extra-pituitary malformations
Budesonide	contraindication	hypogonadotropic hypogonadism-frontoparietal alopecia syndrome
Budesonide	contraindication	hypogonadotropic hypogonadism
Budesonide	contraindication	non-acquired combined pituitary hormone deficiency
Budesonide	contraindication	Kallmann syndrome
Budesonide	contraindication	short stature due to isolated growth hormone deficiency with X-linked hypogammaglobulinemia
Budesonide	contraindication	X-linked intellectual disability with isolated growth hormone deficiency
Budesonide	contraindication	pituitary deficiency due to Rathke's pouch cysts
Budesonide	contraindication	pituitary deficiency due to empty sella turcica syndrome
Budesonide	contraindication	Sheehan syndrome
Budesonide	contraindication	non-acquired pituitary hormone deficiency
Budesonide	contraindication	acquired pituitary hormone deficiency
Budesonide	contraindication	pituitary hormone defiency from vascular origin
Budesonide	contraindication	thymus gland disease
Levothyroxine	contraindication	hypopituitarism
Levothyroxine	contraindication	isolated congenital growth hormone deficiency
Levothyroxine	contraindication	hypogonadotropic hypogonadism with or without anosmia
Levothyroxine	contraindication	isolated growth hormone deficiency
Levothyroxine	contraindication	short stature due to growth hormone qualitative anomaly
Levothyroxine	contraindication	combined pituitary hormone deficiencies, genetic form
Levothyroxine	contraindication	pituitary deficiency
Levothyroxine	contraindication	congenital hypogonadotropic hypogonadism
Levothyroxine	contraindication	non-acquired combined pituitary hormone deficiencies without extra-pituitary malformations
Levothyroxine	contraindication	hypogonadotropic hypogonadism-frontoparietal alopecia syndrome
Levothyroxine	contraindication	hypogonadotropic hypogonadism
Levothyroxine	contraindication	non-acquired combined pituitary hormone deficiency
Levothyroxine	contraindication	Kallmann syndrome
Levothyroxine	contraindication	short stature due to isolated growth hormone deficiency with X-linked hypogammaglobulinemia
Levothyroxine	contraindication	X-linked intellectual disability with isolated growth hormone deficiency
Levothyroxine	contraindication	pituitary deficiency due to Rathke's pouch cysts
Levothyroxine	contraindication	pituitary deficiency due to empty sella turcica syndrome
Levothyroxine	contraindication	Sheehan syndrome
Levothyroxine	contraindication	non-acquired pituitary hormone deficiency
Levothyroxine	contraindication	acquired pituitary hormone deficiency
Levothyroxine	contraindication	pituitary hormone defiency from vascular origin
Levothyroxine	contraindication	thymus gland disease
Prednisolone	contraindication	hypopituitarism
Prednisolone	contraindication	isolated congenital growth hormone deficiency
Prednisolone	contraindication	hypogonadotropic hypogonadism with or without anosmia
Prednisolone	contraindication	isolated growth hormone deficiency
Prednisolone	contraindication	short stature due to growth hormone qualitative anomaly
Prednisolone	contraindication	combined pituitary hormone deficiencies, genetic form
Prednisolone	contraindication	pituitary deficiency
Prednisolone	contraindication	congenital hypogonadotropic hypogonadism
Prednisolone	contraindication	non-acquired combined pituitary hormone deficiencies without extra-pituitary malformations
Prednisolone	contraindication	hypogonadotropic hypogonadism-frontoparietal alopecia syndrome
Prednisolone	contraindication	hypogonadotropic hypogonadism
Prednisolone	contraindication	non-acquired combined pituitary hormone deficiency
Prednisolone	contraindication	Kallmann syndrome
Prednisolone	contraindication	short stature due to isolated growth hormone deficiency with X-linked hypogammaglobulinemia
Prednisolone	contraindication	X-linked intellectual disability with isolated growth hormone deficiency
Prednisolone	contraindication	pituitary deficiency due to Rathke's pouch cysts
Prednisolone	contraindication	pituitary deficiency due to empty sella turcica syndrome
Prednisolone	contraindication	Sheehan syndrome
Prednisolone	contraindication	non-acquired pituitary hormone deficiency
Prednisolone	contraindication	acquired pituitary hormone deficiency
Prednisolone	contraindication	pituitary hormone defiency from vascular origin
Prednisolone	contraindication	thymus gland disease
Hydrocortisone	contraindication	hypopituitarism
Hydrocortisone	contraindication	isolated congenital growth hormone deficiency
Hydrocortisone	contraindication	hypogonadotropic hypogonadism with or without anosmia
Hydrocortisone	contraindication	isolated growth hormone deficiency
Hydrocortisone	contraindication	short stature due to growth hormone qualitative anomaly
Hydrocortisone	contraindication	combined pituitary hormone deficiencies, genetic form
Hydrocortisone	contraindication	pituitary deficiency
Hydrocortisone	contraindication	congenital hypogonadotropic hypogonadism
Hydrocortisone	contraindication	non-acquired combined pituitary hormone deficiencies without extra-pituitary malformations
Hydrocortisone	contraindication	hypogonadotropic hypogonadism-frontoparietal alopecia syndrome
Hydrocortisone	contraindication	hypogonadotropic hypogonadism
Hydrocortisone	contraindication	non-acquired combined pituitary hormone deficiency
Hydrocortisone	contraindication	Kallmann syndrome
Hydrocortisone	contraindication	short stature due to isolated growth hormone deficiency with X-linked hypogammaglobulinemia
Hydrocortisone	contraindication	X-linked intellectual disability with isolated growth hormone deficiency
Hydrocortisone	contraindication	pituitary deficiency due to Rathke's pouch cysts
Hydrocortisone	contraindication	pituitary deficiency due to empty sella turcica syndrome
Hydrocortisone	contraindication	Sheehan syndrome
Hydrocortisone	contraindication	non-acquired pituitary hormone deficiency
Hydrocortisone	contraindication	acquired pituitary hormone deficiency
Hydrocortisone	contraindication	pituitary hormone defiency from vascular origin
Hydrocortisone	contraindication	thymus gland disease
Cortisone acetate	contraindication	hypopituitarism
Cortisone acetate	contraindication	isolated congenital growth hormone deficiency
Cortisone acetate	contraindication	hypogonadotropic hypogonadism with or without anosmia
Cortisone acetate	contraindication	isolated growth hormone deficiency
Cortisone acetate	contraindication	short stature due to growth hormone qualitative anomaly
Cortisone acetate	contraindication	combined pituitary hormone deficiencies, genetic form
Cortisone acetate	contraindication	pituitary deficiency
Cortisone acetate	contraindication	congenital hypogonadotropic hypogonadism
Cortisone acetate	contraindication	non-acquired combined pituitary hormone deficiencies without extra-pituitary malformations
Cortisone acetate	contraindication	hypogonadotropic hypogonadism-frontoparietal alopecia syndrome
Cortisone acetate	contraindication	hypogonadotropic hypogonadism
Cortisone acetate	contraindication	non-acquired combined pituitary hormone deficiency
Cortisone acetate	contraindication	Kallmann syndrome
Cortisone acetate	contraindication	short stature due to isolated growth hormone deficiency with X-linked hypogammaglobulinemia
Cortisone acetate	contraindication	X-linked intellectual disability with isolated growth hormone deficiency
Cortisone acetate	contraindication	pituitary deficiency due to Rathke's pouch cysts
Cortisone acetate	contraindication	pituitary deficiency due to empty sella turcica syndrome
Cortisone acetate	contraindication	Sheehan syndrome
Cortisone acetate	contraindication	non-acquired pituitary hormone deficiency
Cortisone acetate	contraindication	acquired pituitary hormone deficiency
Cortisone acetate	contraindication	pituitary hormone defiency from vascular origin
Cortisone acetate	contraindication	thymus gland disease
Hydrocortisone acetate	contraindication	hypopituitarism
Hydrocortisone acetate	contraindication	isolated congenital growth hormone deficiency
Hydrocortisone acetate	contraindication	hypogonadotropic hypogonadism with or without anosmia
Hydrocortisone acetate	contraindication	isolated growth hormone deficiency
Hydrocortisone acetate	contraindication	short stature due to growth hormone qualitative anomaly
Hydrocortisone acetate	contraindication	combined pituitary hormone deficiencies, genetic form
Hydrocortisone acetate	contraindication	pituitary deficiency
Hydrocortisone acetate	contraindication	congenital hypogonadotropic hypogonadism
Hydrocortisone acetate	contraindication	non-acquired combined pituitary hormone deficiencies without extra-pituitary malformations
Hydrocortisone acetate	contraindication	hypogonadotropic hypogonadism-frontoparietal alopecia syndrome
Hydrocortisone acetate	contraindication	hypogonadotropic hypogonadism
Hydrocortisone acetate	contraindication	non-acquired combined pituitary hormone deficiency
Hydrocortisone acetate	contraindication	Kallmann syndrome
Hydrocortisone acetate	contraindication	short stature due to isolated growth hormone deficiency with X-linked hypogammaglobulinemia
Hydrocortisone acetate	contraindication	X-linked intellectual disability with isolated growth hormone deficiency
Hydrocortisone acetate	contraindication	pituitary deficiency due to Rathke's pouch cysts
Hydrocortisone acetate	contraindication	pituitary deficiency due to empty sella turcica syndrome
Hydrocortisone acetate	contraindication	Sheehan syndrome
Hydrocortisone acetate	contraindication	non-acquired pituitary hormone deficiency
Hydrocortisone acetate	contraindication	acquired pituitary hormone deficiency
Hydrocortisone acetate	contraindication	pituitary hormone defiency from vascular origin
Hydrocortisone acetate	contraindication	thymus gland disease
Dexamethasone	contraindication	hypopituitarism
Dexamethasone	contraindication	isolated congenital growth hormone deficiency
Dexamethasone	contraindication	hypogonadotropic hypogonadism with or without anosmia
Dexamethasone	contraindication	isolated growth hormone deficiency
Dexamethasone	contraindication	short stature due to growth hormone qualitative anomaly
Dexamethasone	contraindication	combined pituitary hormone deficiencies, genetic form
Dexamethasone	contraindication	pituitary deficiency
Dexamethasone	contraindication	congenital hypogonadotropic hypogonadism
Dexamethasone	contraindication	non-acquired combined pituitary hormone deficiencies without extra-pituitary malformations
Dexamethasone	contraindication	hypogonadotropic hypogonadism-frontoparietal alopecia syndrome
Dexamethasone	contraindication	hypogonadotropic hypogonadism
Dexamethasone	contraindication	non-acquired combined pituitary hormone deficiency
Dexamethasone	contraindication	Kallmann syndrome
Dexamethasone	contraindication	short stature due to isolated growth hormone deficiency with X-linked hypogammaglobulinemia
Dexamethasone	contraindication	X-linked intellectual disability with isolated growth hormone deficiency
Dexamethasone	contraindication	pituitary deficiency due to Rathke's pouch cysts
Dexamethasone	contraindication	pituitary deficiency due to empty sella turcica syndrome
Dexamethasone	contraindication	Sheehan syndrome
Dexamethasone	contraindication	non-acquired pituitary hormone deficiency
Dexamethasone	contraindication	acquired pituitary hormone deficiency
Dexamethasone	contraindication	pituitary hormone defiency from vascular origin
Dexamethasone	contraindication	thymus gland disease
Sitagliptin	contraindication	hypopituitarism
Sitagliptin	contraindication	isolated congenital growth hormone deficiency
Sitagliptin	contraindication	hypogonadotropic hypogonadism with or without anosmia
Sitagliptin	contraindication	isolated growth hormone deficiency
Sitagliptin	contraindication	short stature due to growth hormone qualitative anomaly
Sitagliptin	contraindication	combined pituitary hormone deficiencies, genetic form
Sitagliptin	contraindication	pituitary deficiency
Sitagliptin	contraindication	congenital hypogonadotropic hypogonadism
Sitagliptin	contraindication	non-acquired combined pituitary hormone deficiencies without extra-pituitary malformations
Sitagliptin	contraindication	hypogonadotropic hypogonadism-frontoparietal alopecia syndrome
Sitagliptin	contraindication	hypogonadotropic hypogonadism
Sitagliptin	contraindication	non-acquired combined pituitary hormone deficiency
Sitagliptin	contraindication	Kallmann syndrome
Sitagliptin	contraindication	short stature due to isolated growth hormone deficiency with X-linked hypogammaglobulinemia
Sitagliptin	contraindication	X-linked intellectual disability with isolated growth hormone deficiency
Sitagliptin	contraindication	pituitary deficiency due to Rathke's pouch cysts
Sitagliptin	contraindication	pituitary deficiency due to empty sella turcica syndrome
Sitagliptin	contraindication	Sheehan syndrome
Sitagliptin	contraindication	non-acquired pituitary hormone deficiency
Sitagliptin	contraindication	acquired pituitary hormone deficiency
Sitagliptin	contraindication	pituitary hormone defiency from vascular origin
Sitagliptin	contraindication	thymus gland disease
Desoximetasone	contraindication	hypopituitarism
Desoximetasone	contraindication	isolated congenital growth hormone deficiency
Desoximetasone	contraindication	hypogonadotropic hypogonadism with or without anosmia
Desoximetasone	contraindication	isolated growth hormone deficiency
Desoximetasone	contraindication	short stature due to growth hormone qualitative anomaly
Desoximetasone	contraindication	combined pituitary hormone deficiencies, genetic form
Desoximetasone	contraindication	pituitary deficiency
Desoximetasone	contraindication	congenital hypogonadotropic hypogonadism
Desoximetasone	contraindication	non-acquired combined pituitary hormone deficiencies without extra-pituitary malformations
Desoximetasone	contraindication	hypogonadotropic hypogonadism-frontoparietal alopecia syndrome
Desoximetasone	contraindication	hypogonadotropic hypogonadism
Desoximetasone	contraindication	non-acquired combined pituitary hormone deficiency
Desoximetasone	contraindication	Kallmann syndrome
Desoximetasone	contraindication	short stature due to isolated growth hormone deficiency with X-linked hypogammaglobulinemia
Desoximetasone	contraindication	X-linked intellectual disability with isolated growth hormone deficiency
Desoximetasone	contraindication	pituitary deficiency due to Rathke's pouch cysts
Desoximetasone	contraindication	pituitary deficiency due to empty sella turcica syndrome
Desoximetasone	contraindication	Sheehan syndrome
Desoximetasone	contraindication	non-acquired pituitary hormone deficiency
Desoximetasone	contraindication	acquired pituitary hormone deficiency
Desoximetasone	contraindication	pituitary hormone defiency from vascular origin
Desoximetasone	contraindication	thymus gland disease
Betamethasone	contraindication	hypopituitarism
Betamethasone	contraindication	isolated congenital growth hormone deficiency
Betamethasone	contraindication	hypogonadotropic hypogonadism with or without anosmia
Betamethasone	contraindication	isolated growth hormone deficiency
Betamethasone	contraindication	short stature due to growth hormone qualitative anomaly
Betamethasone	contraindication	combined pituitary hormone deficiencies, genetic form
Betamethasone	contraindication	pituitary deficiency
Betamethasone	contraindication	congenital hypogonadotropic hypogonadism
Betamethasone	contraindication	non-acquired combined pituitary hormone deficiencies without extra-pituitary malformations
Betamethasone	contraindication	hypogonadotropic hypogonadism-frontoparietal alopecia syndrome
Betamethasone	contraindication	hypogonadotropic hypogonadism
Betamethasone	contraindication	non-acquired combined pituitary hormone deficiency
Betamethasone	contraindication	Kallmann syndrome
Betamethasone	contraindication	short stature due to isolated growth hormone deficiency with X-linked hypogammaglobulinemia
Betamethasone	contraindication	X-linked intellectual disability with isolated growth hormone deficiency
Betamethasone	contraindication	pituitary deficiency due to Rathke's pouch cysts
Betamethasone	contraindication	pituitary deficiency due to empty sella turcica syndrome
Betamethasone	contraindication	Sheehan syndrome
Betamethasone	contraindication	non-acquired pituitary hormone deficiency
Betamethasone	contraindication	acquired pituitary hormone deficiency
Betamethasone	contraindication	pituitary hormone defiency from vascular origin
Betamethasone	contraindication	thymus gland disease
Saxagliptin	contraindication	hypopituitarism
Saxagliptin	contraindication	isolated congenital growth hormone deficiency
Saxagliptin	contraindication	hypogonadotropic hypogonadism with or without anosmia
Saxagliptin	contraindication	isolated growth hormone deficiency
Saxagliptin	contraindication	short stature due to growth hormone qualitative anomaly
Saxagliptin	contraindication	combined pituitary hormone deficiencies, genetic form
Saxagliptin	contraindication	pituitary deficiency
Saxagliptin	contraindication	congenital hypogonadotropic hypogonadism
Saxagliptin	contraindication	non-acquired combined pituitary hormone deficiencies without extra-pituitary malformations
Saxagliptin	contraindication	hypogonadotropic hypogonadism-frontoparietal alopecia syndrome
Saxagliptin	contraindication	hypogonadotropic hypogonadism
Saxagliptin	contraindication	non-acquired combined pituitary hormone deficiency
Saxagliptin	contraindication	Kallmann syndrome
Saxagliptin	contraindication	short stature due to isolated growth hormone deficiency with X-linked hypogammaglobulinemia
Saxagliptin	contraindication	X-linked intellectual disability with isolated growth hormone deficiency
Saxagliptin	contraindication	pituitary deficiency due to Rathke's pouch cysts
Saxagliptin	contraindication	pituitary deficiency due to empty sella turcica syndrome
Saxagliptin	contraindication	Sheehan syndrome
Saxagliptin	contraindication	non-acquired pituitary hormone deficiency
Saxagliptin	contraindication	acquired pituitary hormone deficiency
Saxagliptin	contraindication	pituitary hormone defiency from vascular origin
Saxagliptin	contraindication	thymus gland disease
Fluocinonide	contraindication	hypopituitarism
Fluocinonide	contraindication	isolated congenital growth hormone deficiency
Fluocinonide	contraindication	hypogonadotropic hypogonadism with or without anosmia
Fluocinonide	contraindication	isolated growth hormone deficiency
Fluocinonide	contraindication	short stature due to growth hormone qualitative anomaly
Fluocinonide	contraindication	combined pituitary hormone deficiencies, genetic form
Fluocinonide	contraindication	pituitary deficiency
Fluocinonide	contraindication	congenital hypogonadotropic hypogonadism
Fluocinonide	contraindication	non-acquired combined pituitary hormone deficiencies without extra-pituitary malformations
Fluocinonide	contraindication	hypogonadotropic hypogonadism-frontoparietal alopecia syndrome
Fluocinonide	contraindication	hypogonadotropic hypogonadism
Fluocinonide	contraindication	non-acquired combined pituitary hormone deficiency
Fluocinonide	contraindication	Kallmann syndrome
Fluocinonide	contraindication	short stature due to isolated growth hormone deficiency with X-linked hypogammaglobulinemia
Fluocinonide	contraindication	X-linked intellectual disability with isolated growth hormone deficiency
Fluocinonide	contraindication	pituitary deficiency due to Rathke's pouch cysts
Fluocinonide	contraindication	pituitary deficiency due to empty sella turcica syndrome
Fluocinonide	contraindication	Sheehan syndrome
Fluocinonide	contraindication	non-acquired pituitary hormone deficiency
Fluocinonide	contraindication	acquired pituitary hormone deficiency
Fluocinonide	contraindication	pituitary hormone defiency from vascular origin
Fluocinonide	contraindication	thymus gland disease
Glipizide	contraindication	hypopituitarism
Glipizide	contraindication	isolated congenital growth hormone deficiency
Glipizide	contraindication	hypogonadotropic hypogonadism with or without anosmia
Glipizide	contraindication	isolated growth hormone deficiency
Glipizide	contraindication	short stature due to growth hormone qualitative anomaly
Glipizide	contraindication	combined pituitary hormone deficiencies, genetic form
Glipizide	contraindication	pituitary deficiency
Glipizide	contraindication	congenital hypogonadotropic hypogonadism
Glipizide	contraindication	non-acquired combined pituitary hormone deficiencies without extra-pituitary malformations
Glipizide	contraindication	hypogonadotropic hypogonadism-frontoparietal alopecia syndrome
Glipizide	contraindication	hypogonadotropic hypogonadism
Glipizide	contraindication	non-acquired combined pituitary hormone deficiency
Glipizide	contraindication	Kallmann syndrome
Glipizide	contraindication	short stature due to isolated growth hormone deficiency with X-linked hypogammaglobulinemia
Glipizide	contraindication	X-linked intellectual disability with isolated growth hormone deficiency
Glipizide	contraindication	pituitary deficiency due to Rathke's pouch cysts
Glipizide	contraindication	pituitary deficiency due to empty sella turcica syndrome
Glipizide	contraindication	Sheehan syndrome
Glipizide	contraindication	non-acquired pituitary hormone deficiency
Glipizide	contraindication	acquired pituitary hormone deficiency
Glipizide	contraindication	pituitary hormone defiency from vascular origin
Glipizide	contraindication	thymus gland disease
Flumethasone	contraindication	hypopituitarism
Flumethasone	contraindication	isolated congenital growth hormone deficiency
Flumethasone	contraindication	hypogonadotropic hypogonadism with or without anosmia
Flumethasone	contraindication	isolated growth hormone deficiency
Flumethasone	contraindication	short stature due to growth hormone qualitative anomaly
Flumethasone	contraindication	combined pituitary hormone deficiencies, genetic form
Flumethasone	contraindication	pituitary deficiency
Flumethasone	contraindication	congenital hypogonadotropic hypogonadism
Flumethasone	contraindication	non-acquired combined pituitary hormone deficiencies without extra-pituitary malformations
Flumethasone	contraindication	hypogonadotropic hypogonadism-frontoparietal alopecia syndrome
Flumethasone	contraindication	hypogonadotropic hypogonadism
Flumethasone	contraindication	non-acquired combined pituitary hormone deficiency
Flumethasone	contraindication	Kallmann syndrome
Flumethasone	contraindication	short stature due to isolated growth hormone deficiency with X-linked hypogammaglobulinemia
Flumethasone	contraindication	X-linked intellectual disability with isolated growth hormone deficiency
Flumethasone	contraindication	pituitary deficiency due to Rathke's pouch cysts
Flumethasone	contraindication	pituitary deficiency due to empty sella turcica syndrome
Flumethasone	contraindication	Sheehan syndrome
Flumethasone	contraindication	non-acquired pituitary hormone deficiency
Flumethasone	contraindication	acquired pituitary hormone deficiency
Flumethasone	contraindication	pituitary hormone defiency from vascular origin
Flumethasone	contraindication	thymus gland disease
Repaglinide	contraindication	hypopituitarism
Repaglinide	contraindication	isolated congenital growth hormone deficiency
Repaglinide	contraindication	hypogonadotropic hypogonadism with or without anosmia
Repaglinide	contraindication	isolated growth hormone deficiency
Repaglinide	contraindication	short stature due to growth hormone qualitative anomaly
Repaglinide	contraindication	combined pituitary hormone deficiencies, genetic form
Repaglinide	contraindication	pituitary deficiency
Repaglinide	contraindication	congenital hypogonadotropic hypogonadism
Repaglinide	contraindication	non-acquired combined pituitary hormone deficiencies without extra-pituitary malformations
Repaglinide	contraindication	hypogonadotropic hypogonadism-frontoparietal alopecia syndrome
Repaglinide	contraindication	hypogonadotropic hypogonadism
Repaglinide	contraindication	non-acquired combined pituitary hormone deficiency
Repaglinide	contraindication	Kallmann syndrome
Repaglinide	contraindication	short stature due to isolated growth hormone deficiency with X-linked hypogammaglobulinemia
Repaglinide	contraindication	X-linked intellectual disability with isolated growth hormone deficiency
Repaglinide	contraindication	pituitary deficiency due to Rathke's pouch cysts
Repaglinide	contraindication	pituitary deficiency due to empty sella turcica syndrome
Repaglinide	contraindication	Sheehan syndrome
Repaglinide	contraindication	non-acquired pituitary hormone deficiency
Repaglinide	contraindication	acquired pituitary hormone deficiency
Repaglinide	contraindication	pituitary hormone defiency from vascular origin
Repaglinide	contraindication	thymus gland disease
Triamcinolone	contraindication	hypopituitarism
Triamcinolone	contraindication	isolated congenital growth hormone deficiency
Triamcinolone	contraindication	hypogonadotropic hypogonadism with or without anosmia
Triamcinolone	contraindication	isolated growth hormone deficiency
Triamcinolone	contraindication	short stature due to growth hormone qualitative anomaly
Triamcinolone	contraindication	combined pituitary hormone deficiencies, genetic form
Triamcinolone	contraindication	pituitary deficiency
Triamcinolone	contraindication	congenital hypogonadotropic hypogonadism
Triamcinolone	contraindication	non-acquired combined pituitary hormone deficiencies without extra-pituitary malformations
Triamcinolone	contraindication	hypogonadotropic hypogonadism-frontoparietal alopecia syndrome
Triamcinolone	contraindication	hypogonadotropic hypogonadism
Triamcinolone	contraindication	non-acquired combined pituitary hormone deficiency
Triamcinolone	contraindication	Kallmann syndrome
Triamcinolone	contraindication	short stature due to isolated growth hormone deficiency with X-linked hypogammaglobulinemia
Triamcinolone	contraindication	X-linked intellectual disability with isolated growth hormone deficiency
Triamcinolone	contraindication	pituitary deficiency due to Rathke's pouch cysts
Triamcinolone	contraindication	pituitary deficiency due to empty sella turcica syndrome
Triamcinolone	contraindication	Sheehan syndrome
Triamcinolone	contraindication	non-acquired pituitary hormone deficiency
Triamcinolone	contraindication	acquired pituitary hormone deficiency
Triamcinolone	contraindication	pituitary hormone defiency from vascular origin
Triamcinolone	contraindication	thymus gland disease
Tolazamide	contraindication	hypopituitarism
Tolazamide	contraindication	isolated congenital growth hormone deficiency
Tolazamide	contraindication	hypogonadotropic hypogonadism with or without anosmia
Tolazamide	contraindication	isolated growth hormone deficiency
Tolazamide	contraindication	short stature due to growth hormone qualitative anomaly
Tolazamide	contraindication	combined pituitary hormone deficiencies, genetic form
Tolazamide	contraindication	pituitary deficiency
Tolazamide	contraindication	congenital hypogonadotropic hypogonadism
Tolazamide	contraindication	non-acquired combined pituitary hormone deficiencies without extra-pituitary malformations
Tolazamide	contraindication	hypogonadotropic hypogonadism-frontoparietal alopecia syndrome
Tolazamide	contraindication	hypogonadotropic hypogonadism
Tolazamide	contraindication	non-acquired combined pituitary hormone deficiency
Tolazamide	contraindication	Kallmann syndrome
Tolazamide	contraindication	short stature due to isolated growth hormone deficiency with X-linked hypogammaglobulinemia
Tolazamide	contraindication	X-linked intellectual disability with isolated growth hormone deficiency
Tolazamide	contraindication	pituitary deficiency due to Rathke's pouch cysts
Tolazamide	contraindication	pituitary deficiency due to empty sella turcica syndrome
Tolazamide	contraindication	Sheehan syndrome
Tolazamide	contraindication	non-acquired pituitary hormone deficiency
Tolazamide	contraindication	acquired pituitary hormone deficiency
Tolazamide	contraindication	pituitary hormone defiency from vascular origin
Tolazamide	contraindication	thymus gland disease
Pioglitazone	contraindication	hypopituitarism
Pioglitazone	contraindication	isolated congenital growth hormone deficiency
Pioglitazone	contraindication	hypogonadotropic hypogonadism with or without anosmia
Pioglitazone	contraindication	isolated growth hormone deficiency
Pioglitazone	contraindication	short stature due to growth hormone qualitative anomaly
Pioglitazone	contraindication	combined pituitary hormone deficiencies, genetic form
Pioglitazone	contraindication	pituitary deficiency
Pioglitazone	contraindication	congenital hypogonadotropic hypogonadism
Pioglitazone	contraindication	non-acquired combined pituitary hormone deficiencies without extra-pituitary malformations
Pioglitazone	contraindication	hypogonadotropic hypogonadism-frontoparietal alopecia syndrome
Pioglitazone	contraindication	hypogonadotropic hypogonadism
Pioglitazone	contraindication	non-acquired combined pituitary hormone deficiency
Pioglitazone	contraindication	Kallmann syndrome
Pioglitazone	contraindication	short stature due to isolated growth hormone deficiency with X-linked hypogammaglobulinemia
Pioglitazone	contraindication	X-linked intellectual disability with isolated growth hormone deficiency
Pioglitazone	contraindication	pituitary deficiency due to Rathke's pouch cysts
Pioglitazone	contraindication	pituitary deficiency due to empty sella turcica syndrome
Pioglitazone	contraindication	Sheehan syndrome
Pioglitazone	contraindication	non-acquired pituitary hormone deficiency
Pioglitazone	contraindication	acquired pituitary hormone deficiency
Pioglitazone	contraindication	pituitary hormone defiency from vascular origin
Pioglitazone	contraindication	thymus gland disease
Nateglinide	contraindication	hypopituitarism
Nateglinide	contraindication	isolated congenital growth hormone deficiency
Nateglinide	contraindication	hypogonadotropic hypogonadism with or without anosmia
Nateglinide	contraindication	isolated growth hormone deficiency
Nateglinide	contraindication	short stature due to growth hormone qualitative anomaly
Nateglinide	contraindication	combined pituitary hormone deficiencies, genetic form
Nateglinide	contraindication	pituitary deficiency
Nateglinide	contraindication	congenital hypogonadotropic hypogonadism
Nateglinide	contraindication	non-acquired combined pituitary hormone deficiencies without extra-pituitary malformations
Nateglinide	contraindication	hypogonadotropic hypogonadism-frontoparietal alopecia syndrome
Nateglinide	contraindication	hypogonadotropic hypogonadism
Nateglinide	contraindication	non-acquired combined pituitary hormone deficiency
Nateglinide	contraindication	Kallmann syndrome
Nateglinide	contraindication	short stature due to isolated growth hormone deficiency with X-linked hypogammaglobulinemia
Nateglinide	contraindication	X-linked intellectual disability with isolated growth hormone deficiency
Nateglinide	contraindication	pituitary deficiency due to Rathke's pouch cysts
Nateglinide	contraindication	pituitary deficiency due to empty sella turcica syndrome
Nateglinide	contraindication	Sheehan syndrome
Nateglinide	contraindication	non-acquired pituitary hormone deficiency
Nateglinide	contraindication	acquired pituitary hormone deficiency
Nateglinide	contraindication	pituitary hormone defiency from vascular origin
Nateglinide	contraindication	thymus gland disease
Glyburide	contraindication	hypopituitarism
Glyburide	contraindication	isolated congenital growth hormone deficiency
Glyburide	contraindication	hypogonadotropic hypogonadism with or without anosmia
Glyburide	contraindication	isolated growth hormone deficiency
Glyburide	contraindication	short stature due to growth hormone qualitative anomaly
Glyburide	contraindication	combined pituitary hormone deficiencies, genetic form
Glyburide	contraindication	pituitary deficiency
Glyburide	contraindication	congenital hypogonadotropic hypogonadism
Glyburide	contraindication	non-acquired combined pituitary hormone deficiencies without extra-pituitary malformations
Glyburide	contraindication	hypogonadotropic hypogonadism-frontoparietal alopecia syndrome
Glyburide	contraindication	hypogonadotropic hypogonadism
Glyburide	contraindication	non-acquired combined pituitary hormone deficiency
Glyburide	contraindication	Kallmann syndrome
Glyburide	contraindication	short stature due to isolated growth hormone deficiency with X-linked hypogammaglobulinemia
Glyburide	contraindication	X-linked intellectual disability with isolated growth hormone deficiency
Glyburide	contraindication	pituitary deficiency due to Rathke's pouch cysts
Glyburide	contraindication	pituitary deficiency due to empty sella turcica syndrome
Glyburide	contraindication	Sheehan syndrome
Glyburide	contraindication	non-acquired pituitary hormone deficiency
Glyburide	contraindication	acquired pituitary hormone deficiency
Glyburide	contraindication	pituitary hormone defiency from vascular origin
Glyburide	contraindication	thymus gland disease
Estradiol valerate	contraindication	humoral hypercalcemia of malignancy
Calcium lactate	contraindication	humoral hypercalcemia of malignancy
Levonorgestrel	contraindication	humoral hypercalcemia of malignancy
Fluoxymesterone	contraindication	humoral hypercalcemia of malignancy
Potassium chloride	contraindication	humoral hypercalcemia of malignancy
Medroxyprogesterone acetate	contraindication	humoral hypercalcemia of malignancy
Norethisterone	contraindication	humoral hypercalcemia of malignancy
Drospirenone	contraindication	humoral hypercalcemia of malignancy
Calcium acetate	contraindication	humoral hypercalcemia of malignancy
Chlordiazepoxide	contraindication	humoral hypercalcemia of malignancy
Testosterone	contraindication	humoral hypercalcemia of malignancy
Testosterone cypionate	contraindication	humoral hypercalcemia of malignancy
Methyltestosterone	contraindication	humoral hypercalcemia of malignancy
Testosterone propionate	contraindication	humoral hypercalcemia of malignancy
Progesterone	contraindication	humoral hypercalcemia of malignancy
Ethinylestradiol	contraindication	humoral hypercalcemia of malignancy
Meprobamate	contraindication	humoral hypercalcemia of malignancy
Serine	contraindication	humoral hypercalcemia of malignancy
Glycine	contraindication	humoral hypercalcemia of malignancy
Estrone	contraindication	humoral hypercalcemia of malignancy
Estradiol	contraindication	humoral hypercalcemia of malignancy
Oxymetholone	contraindication	humoral hypercalcemia of malignancy
Norgestimate	contraindication	humoral hypercalcemia of malignancy
Levomefolic acid	contraindication	humoral hypercalcemia of malignancy
Testosterone enanthate	contraindication	humoral hypercalcemia of malignancy
Estradiol cypionate	contraindication	humoral hypercalcemia of malignancy
Calcium gluconate	contraindication	humoral hypercalcemia of malignancy
Calcium glucoheptonate	contraindication	humoral hypercalcemia of malignancy
Calcium glycerophosphate	contraindication	humoral hypercalcemia of malignancy
Quinestrol	contraindication	humoral hypercalcemia of malignancy
Stanozolol	contraindication	humoral hypercalcemia of malignancy
Calcium chloride	contraindication	humoral hypercalcemia of malignancy
Benzoyl peroxide	contraindication	adrenocortical insufficiency
Benzoyl peroxide	contraindication	Addison disease
Guaifenesin	contraindication	adrenocortical insufficiency
Guaifenesin	contraindication	Addison disease
Guaiacol	contraindication	adrenocortical insufficiency
Guaiacol	contraindication	Addison disease
Potassium citrate	contraindication	adrenocortical insufficiency
Potassium citrate	contraindication	Addison disease
Mifepristone	contraindication	adrenocortical insufficiency
Mifepristone	contraindication	Addison disease
Mometasone furoate	contraindication	adrenocortical insufficiency
Mometasone furoate	contraindication	Addison disease
Diiodohydroxyquinoline	contraindication	adrenocortical insufficiency
Diiodohydroxyquinoline	contraindication	Addison disease
Chlorcyclizine	contraindication	adrenocortical insufficiency
Chlorcyclizine	contraindication	Addison disease
Cyclizine	contraindication	adrenocortical insufficiency
Cyclizine	contraindication	Addison disease
Fluticasone propionate	contraindication	adrenocortical insufficiency
Fluticasone propionate	contraindication	Addison disease
Citric acid	contraindication	adrenocortical insufficiency
Citric acid	contraindication	Addison disease
Prednicarbate	contraindication	adrenocortical insufficiency
Prednicarbate	contraindication	Addison disease
Didanosine	contraindication	adrenocortical insufficiency
Didanosine	contraindication	Addison disease
Sodium citrate	contraindication	adrenocortical insufficiency
Sodium citrate	contraindication	Addison disease
Drospirenone	contraindication	adrenocortical insufficiency
Drospirenone	contraindication	Addison disease
Fluocinolone acetonide	contraindication	adrenocortical insufficiency
Fluocinolone acetonide	contraindication	Addison disease
Metformin	contraindication	adrenocortical insufficiency
Metformin	contraindication	Addison disease
Ketoconazole	contraindication	adrenocortical insufficiency
Ketoconazole	contraindication	Addison disease
Desonide	contraindication	adrenocortical insufficiency
Desonide	contraindication	Addison disease
Megestrol acetate	contraindication	adrenocortical insufficiency
Megestrol acetate	contraindication	Addison disease
Acyclovir	contraindication	adrenocortical insufficiency
Acyclovir	contraindication	Addison disease
Phenylephrine	contraindication	adrenocortical insufficiency
Phenylephrine	contraindication	Addison disease
Ethinylestradiol	contraindication	adrenocortical insufficiency
Ethinylestradiol	contraindication	Addison disease
Sunitinib	contraindication	adrenocortical insufficiency
Sunitinib	contraindication	Addison disease
Beclomethasone dipropionate	contraindication	adrenocortical insufficiency
Beclomethasone dipropionate	contraindication	Addison disease
Buprenorphine	contraindication	adrenocortical insufficiency
Buprenorphine	contraindication	Addison disease
Ammonium lactate	contraindication	adrenocortical insufficiency
Ammonium lactate	contraindication	Addison disease
Budesonide	contraindication	adrenocortical insufficiency
Budesonide	contraindication	Addison disease
Estradiol	contraindication	adrenocortical insufficiency
Estradiol	contraindication	Addison disease
Sitagliptin	contraindication	adrenocortical insufficiency
Sitagliptin	contraindication	Addison disease
Naloxone	contraindication	adrenocortical insufficiency
Naloxone	contraindication	Addison disease
Fluticasone furoate	contraindication	adrenocortical insufficiency
Fluticasone furoate	contraindication	Addison disease
Saxagliptin	contraindication	adrenocortical insufficiency
Saxagliptin	contraindication	Addison disease
Flunisolide	contraindication	adrenocortical insufficiency
Flunisolide	contraindication	Addison disease
Levomefolic acid	contraindication	adrenocortical insufficiency
Levomefolic acid	contraindication	Addison disease
Tretinoin	contraindication	adrenocortical insufficiency
Tretinoin	contraindication	Addison disease
Glipizide	contraindication	adrenocortical insufficiency
Glipizide	contraindication	Addison disease
Clobetasol propionate	contraindication	adrenocortical insufficiency
Clobetasol propionate	contraindication	Addison disease
Clotrimazole	contraindication	adrenocortical insufficiency
Clotrimazole	contraindication	Addison disease
Flurandrenolide	contraindication	adrenocortical insufficiency
Flurandrenolide	contraindication	Addison disease
Bacitracin	contraindication	adrenocortical insufficiency
Bacitracin	contraindication	Addison disease
Nystatin	contraindication	adrenocortical insufficiency
Nystatin	contraindication	Addison disease
Pramocaine	contraindication	adrenocortical insufficiency
Pramocaine	contraindication	Addison disease
Lidocaine	contraindication	adrenocortical insufficiency
Lidocaine	contraindication	Addison disease
Repaglinide	contraindication	adrenocortical insufficiency
Repaglinide	contraindication	Addison disease
Clioquinol	contraindication	adrenocortical insufficiency
Clioquinol	contraindication	Addison disease
Ciclesonide	contraindication	adrenocortical insufficiency
Ciclesonide	contraindication	Addison disease
Dextromethorphan	contraindication	adrenocortical insufficiency
Dextromethorphan	contraindication	Addison disease
Ammonium chloride	contraindication	adrenocortical insufficiency
Ammonium chloride	contraindication	Addison disease
Triethylenetetramine	contraindication	adrenocortical insufficiency
Triethylenetetramine	contraindication	Addison disease
Pioglitazone	contraindication	adrenocortical insufficiency
Pioglitazone	contraindication	Addison disease
Glyburide	contraindication	adrenocortical insufficiency
Glyburide	contraindication	Addison disease
Estradiol valerate	contraindication	hypothyroidism
Estradiol valerate	contraindication	myxedema
Estradiol valerate	contraindication	congenital hypothyroidism
Disulfiram	contraindication	hypothyroidism
Disulfiram	contraindication	myxedema
Disulfiram	contraindication	congenital hypothyroidism
Guaifenesin	contraindication	hypothyroidism
Guaifenesin	contraindication	myxedema
Guaifenesin	contraindication	congenital hypothyroidism
Lithium citrate	contraindication	hypothyroidism
Lithium citrate	contraindication	myxedema
Lithium citrate	contraindication	congenital hypothyroidism
Clomifene	contraindication	hypothyroidism
Clomifene	contraindication	myxedema
Clomifene	contraindication	congenital hypothyroidism
Mepyramine	contraindication	hypothyroidism
Mepyramine	contraindication	myxedema
Mepyramine	contraindication	congenital hypothyroidism
Pseudoephedrine	contraindication	hypothyroidism
Pseudoephedrine	contraindication	myxedema
Pseudoephedrine	contraindication	congenital hypothyroidism
Guaiacol	contraindication	hypothyroidism
Guaiacol	contraindication	myxedema
Guaiacol	contraindication	congenital hypothyroidism
Amlodipine	contraindication	hypothyroidism
Amlodipine	contraindication	myxedema
Amlodipine	contraindication	congenital hypothyroidism
Homatropine	contraindication	hypothyroidism
Homatropine	contraindication	myxedema
Homatropine	contraindication	congenital hypothyroidism
Brompheniramine	contraindication	hypothyroidism
Brompheniramine	contraindication	myxedema
Brompheniramine	contraindication	congenital hypothyroidism
Pheniramine	contraindication	hypothyroidism
Pheniramine	contraindication	myxedema
Pheniramine	contraindication	congenital hypothyroidism
Octreotide	contraindication	hypothyroidism
Octreotide	contraindication	myxedema
Octreotide	contraindication	congenital hypothyroidism
Methylprednisolone	contraindication	hypothyroidism
Methylprednisolone	contraindication	myxedema
Methylprednisolone	contraindication	congenital hypothyroidism
Chlorcyclizine	contraindication	hypothyroidism
Chlorcyclizine	contraindication	myxedema
Chlorcyclizine	contraindication	congenital hypothyroidism
Cyclizine	contraindication	hypothyroidism
Cyclizine	contraindication	myxedema
Cyclizine	contraindication	congenital hypothyroidism
Warfarin	contraindication	hypothyroidism
Warfarin	contraindication	myxedema
Warfarin	contraindication	congenital hypothyroidism
Homatropine methylbromide	contraindication	hypothyroidism
Homatropine methylbromide	contraindication	myxedema
Homatropine methylbromide	contraindication	congenital hypothyroidism
Levonorgestrel	contraindication	hypothyroidism
Levonorgestrel	contraindication	myxedema
Levonorgestrel	contraindication	congenital hypothyroidism
Glutethimide	contraindication	hypothyroidism
Glutethimide	contraindication	myxedema
Glutethimide	contraindication	congenital hypothyroidism
Potassium Iodide	contraindication	hypothyroidism
Potassium Iodide	contraindication	myxedema
Potassium Iodide	contraindication	congenital hypothyroidism
Codeine	contraindication	hypothyroidism
Codeine	contraindication	myxedema
Codeine	contraindication	congenital hypothyroidism
Fluoxymesterone	contraindication	hypothyroidism
Fluoxymesterone	contraindication	myxedema
Fluoxymesterone	contraindication	congenital hypothyroidism
Medroxyprogesterone acetate	contraindication	hypothyroidism
Medroxyprogesterone acetate	contraindication	myxedema
Medroxyprogesterone acetate	contraindication	congenital hypothyroidism
Hydroxyzine	contraindication	hypothyroidism
Hydroxyzine	contraindication	myxedema
Hydroxyzine	contraindication	congenital hypothyroidism
Norethisterone	contraindication	hypothyroidism
Norethisterone	contraindication	myxedema
Norethisterone	contraindication	congenital hypothyroidism
Drospirenone	contraindication	hypothyroidism
Drospirenone	contraindication	myxedema
Drospirenone	contraindication	congenital hypothyroidism
Dicoumarol	contraindication	hypothyroidism
Dicoumarol	contraindication	myxedema
Dicoumarol	contraindication	congenital hypothyroidism
Salicylamide	contraindication	hypothyroidism
Salicylamide	contraindication	myxedema
Salicylamide	contraindication	congenital hypothyroidism
Desonide	contraindication	hypothyroidism
Desonide	contraindication	myxedema
Desonide	contraindication	congenital hypothyroidism
Methimazole	contraindication	hypothyroidism
Methimazole	contraindication	myxedema
Methimazole	contraindication	congenital hypothyroidism
Phenylephrine	contraindication	hypothyroidism
Phenylephrine	contraindication	myxedema
Phenylephrine	contraindication	congenital hypothyroidism
Theophylline	contraindication	hypothyroidism
Theophylline	contraindication	myxedema
Theophylline	contraindication	congenital hypothyroidism
Chlordiazepoxide	contraindication	hypothyroidism
Chlordiazepoxide	contraindication	myxedema
Chlordiazepoxide	contraindication	congenital hypothyroidism
Testosterone	contraindication	hypothyroidism
Testosterone	contraindication	myxedema
Testosterone	contraindication	congenital hypothyroidism
Testosterone cypionate	contraindication	hypothyroidism
Testosterone cypionate	contraindication	myxedema
Testosterone cypionate	contraindication	congenital hypothyroidism
Methyltestosterone	contraindication	hypothyroidism
Methyltestosterone	contraindication	myxedema
Methyltestosterone	contraindication	congenital hypothyroidism
Caffeine	contraindication	hypothyroidism
Caffeine	contraindication	myxedema
Caffeine	contraindication	congenital hypothyroidism
Progesterone	contraindication	hypothyroidism
Progesterone	contraindication	myxedema
Progesterone	contraindication	congenital hypothyroidism
Ethinylestradiol	contraindication	hypothyroidism
Ethinylestradiol	contraindication	myxedema
Ethinylestradiol	contraindication	congenital hypothyroidism
Meprobamate	contraindication	hypothyroidism
Meprobamate	contraindication	myxedema
Meprobamate	contraindication	congenital hypothyroidism
Morphine	contraindication	hypothyroidism
Morphine	contraindication	myxedema
Morphine	contraindication	congenital hypothyroidism
Sunitinib	contraindication	hypothyroidism
Sunitinib	contraindication	myxedema
Sunitinib	contraindication	congenital hypothyroidism
Lithium carbonate	contraindication	hypothyroidism
Lithium carbonate	contraindication	myxedema
Lithium carbonate	contraindication	congenital hypothyroidism
Ethionamide	contraindication	hypothyroidism
Ethionamide	contraindication	myxedema
Ethionamide	contraindication	congenital hypothyroidism
Estrone	contraindication	hypothyroidism
Estrone	contraindication	myxedema
Estrone	contraindication	congenital hypothyroidism
Prednisone	contraindication	hypothyroidism
Prednisone	contraindication	myxedema
Prednisone	contraindication	congenital hypothyroidism
Buprenorphine	contraindication	hypothyroidism
Buprenorphine	contraindication	myxedema
Buprenorphine	contraindication	congenital hypothyroidism
Haloperidol	contraindication	hypothyroidism
Haloperidol	contraindication	myxedema
Haloperidol	contraindication	congenital hypothyroidism
Budesonide	contraindication	hypothyroidism
Budesonide	contraindication	myxedema
Budesonide	contraindication	congenital hypothyroidism
Propylthiouracil	contraindication	hypothyroidism
Propylthiouracil	contraindication	myxedema
Propylthiouracil	contraindication	congenital hypothyroidism
Methadyl acetate	contraindication	hypothyroidism
Methadyl acetate	contraindication	myxedema
Methadyl acetate	contraindication	congenital hypothyroidism
Estradiol	contraindication	hypothyroidism
Estradiol	contraindication	myxedema
Estradiol	contraindication	congenital hypothyroidism
Prednisolone	contraindication	hypothyroidism
Prednisolone	contraindication	myxedema
Prednisolone	contraindication	congenital hypothyroidism
Hydrocortisone	contraindication	hypothyroidism
Hydrocortisone	contraindication	myxedema
Hydrocortisone	contraindication	congenital hypothyroidism
Phenobarbital	contraindication	hypothyroidism
Phenobarbital	contraindication	myxedema
Phenobarbital	contraindication	congenital hypothyroidism
Cortisone acetate	contraindication	hypothyroidism
Cortisone acetate	contraindication	myxedema
Cortisone acetate	contraindication	congenital hypothyroidism
Hydrocortisone acetate	contraindication	hypothyroidism
Hydrocortisone acetate	contraindication	myxedema
Hydrocortisone acetate	contraindication	congenital hypothyroidism
Dexamethasone	contraindication	hypothyroidism
Dexamethasone	contraindication	myxedema
Dexamethasone	contraindication	congenital hypothyroidism
Carbinoxamine	contraindication	hypothyroidism
Carbinoxamine	contraindication	myxedema
Carbinoxamine	contraindication	congenital hypothyroidism
Triprolidine	contraindication	hypothyroidism
Triprolidine	contraindication	myxedema
Triprolidine	contraindication	congenital hypothyroidism
Hydromorphone	contraindication	hypothyroidism
Hydromorphone	contraindication	myxedema
Hydromorphone	contraindication	congenital hypothyroidism
Naloxone	contraindication	hypothyroidism
Naloxone	contraindication	myxedema
Naloxone	contraindication	congenital hypothyroidism
Pazopanib	contraindication	hypothyroidism
Pazopanib	contraindication	myxedema
Pazopanib	contraindication	congenital hypothyroidism
Vandetanib	contraindication	hypothyroidism
Vandetanib	contraindication	myxedema
Vandetanib	contraindication	congenital hypothyroidism
Fenofibric acid	contraindication	hypothyroidism
Fenofibric acid	contraindication	myxedema
Fenofibric acid	contraindication	congenital hypothyroidism
Bupivacaine	contraindication	hypothyroidism
Bupivacaine	contraindication	myxedema
Bupivacaine	contraindication	congenital hypothyroidism
Betamethasone	contraindication	hypothyroidism
Betamethasone	contraindication	myxedema
Betamethasone	contraindication	congenital hypothyroidism
Norgestimate	contraindication	hypothyroidism
Norgestimate	contraindication	myxedema
Norgestimate	contraindication	congenital hypothyroidism
Levomefolic acid	contraindication	hypothyroidism
Levomefolic acid	contraindication	myxedema
Levomefolic acid	contraindication	congenital hypothyroidism
Testosterone enanthate	contraindication	hypothyroidism
Testosterone enanthate	contraindication	myxedema
Testosterone enanthate	contraindication	congenital hypothyroidism
Estradiol cypionate	contraindication	hypothyroidism
Estradiol cypionate	contraindication	myxedema
Estradiol cypionate	contraindication	congenital hypothyroidism
Ephedrine	contraindication	hypothyroidism
Ephedrine	contraindication	myxedema
Ephedrine	contraindication	congenital hypothyroidism
Rosuvastatin	contraindication	hypothyroidism
Rosuvastatin	contraindication	myxedema
Rosuvastatin	contraindication	congenital hypothyroidism
Dexchlorpheniramine	contraindication	hypothyroidism
Dexchlorpheniramine	contraindication	myxedema
Dexchlorpheniramine	contraindication	congenital hypothyroidism
Amiodarone	contraindication	hypothyroidism
Amiodarone	contraindication	myxedema
Amiodarone	contraindication	congenital hypothyroidism
Naltrexone	contraindication	hypothyroidism
Naltrexone	contraindication	myxedema
Naltrexone	contraindication	congenital hypothyroidism
Ibuprofen	contraindication	hypothyroidism
Ibuprofen	contraindication	myxedema
Ibuprofen	contraindication	congenital hypothyroidism
Bexarotene	contraindication	hypothyroidism
Bexarotene	contraindication	myxedema
Bexarotene	contraindication	congenital hypothyroidism
Quinestrol	contraindication	hypothyroidism
Quinestrol	contraindication	myxedema
Quinestrol	contraindication	congenital hypothyroidism
Phenylpropanolamine	contraindication	hypothyroidism
Phenylpropanolamine	contraindication	myxedema
Phenylpropanolamine	contraindication	congenital hypothyroidism
Pitavastatin	contraindication	hypothyroidism
Pitavastatin	contraindication	myxedema
Pitavastatin	contraindication	congenital hypothyroidism
Pramocaine	contraindication	hypothyroidism
Pramocaine	contraindication	myxedema
Pramocaine	contraindication	congenital hypothyroidism
Lidocaine	contraindication	hypothyroidism
Lidocaine	contraindication	myxedema
Lidocaine	contraindication	congenital hypothyroidism
Atorvastatin	contraindication	hypothyroidism
Atorvastatin	contraindication	myxedema
Atorvastatin	contraindication	congenital hypothyroidism
Chlorpheniramine	contraindication	hypothyroidism
Chlorpheniramine	contraindication	myxedema
Chlorpheniramine	contraindication	congenital hypothyroidism
Dexbrompheniramine	contraindication	hypothyroidism
Dexbrompheniramine	contraindication	myxedema
Dexbrompheniramine	contraindication	congenital hypothyroidism
Dextromethorphan	contraindication	hypothyroidism
Dextromethorphan	contraindication	myxedema
Dextromethorphan	contraindication	congenital hypothyroidism
Hydrocodone	contraindication	hypothyroidism
Hydrocodone	contraindication	myxedema
Hydrocodone	contraindication	congenital hypothyroidism
Dihydrocodeine	contraindication	hypothyroidism
Dihydrocodeine	contraindication	myxedema
Dihydrocodeine	contraindication	congenital hypothyroidism
Triamcinolone	contraindication	hypothyroidism
Triamcinolone	contraindication	myxedema
Triamcinolone	contraindication	congenital hypothyroidism
Bromodiphenhydramine	contraindication	hypothyroidism
Bromodiphenhydramine	contraindication	myxedema
Bromodiphenhydramine	contraindication	congenital hypothyroidism
Triethylenetetramine	contraindication	hypothyroidism
Triethylenetetramine	contraindication	myxedema
Triethylenetetramine	contraindication	congenital hypothyroidism
Quetiapine	contraindication	hypothyroidism
Quetiapine	contraindication	myxedema
Quetiapine	contraindication	congenital hypothyroidism
Lanreotide	contraindication	hypothyroidism
Lanreotide	contraindication	myxedema
Lanreotide	contraindication	congenital hypothyroidism
Benzoyl peroxide	contraindication	Crohn disease
Benzoyl peroxide	contraindication	inflammatory bowel disease
Benzoyl peroxide	contraindication	Crohn's colitis
Tretinoin	contraindication	Crohn disease
Tretinoin	contraindication	inflammatory bowel disease
Tretinoin	contraindication	Crohn's colitis
Clindamycin	contraindication	Crohn disease
Clindamycin	contraindication	inflammatory bowel disease
Clindamycin	contraindication	Crohn's colitis
Paliperidone	contraindication	Crohn disease
Paliperidone	contraindication	inflammatory bowel disease
Paliperidone	contraindication	Crohn's colitis
Penicillamine	contraindication	pemphigus
Methylprednisolone	contraindication	strongyloidiasis
Desonide	contraindication	strongyloidiasis
Prednisone	contraindication	strongyloidiasis
Budesonide	contraindication	strongyloidiasis
Prednisolone	contraindication	strongyloidiasis
Dexamethasone	contraindication	strongyloidiasis
Betamethasone	contraindication	strongyloidiasis
Triamcinolone	contraindication	strongyloidiasis
Fosinopril	contraindication	angioedema
Fosinopril	contraindication	acquired angioedema
Fosinopril	contraindication	renin-angiotensin-aldosterone system-blocker-induced angioedema
Fosinopril	contraindication	non-histaminic angioedema
Fosinopril	contraindication	hereditary angioedema
Amlodipine	contraindication	angioedema
Amlodipine	contraindication	acquired angioedema
Amlodipine	contraindication	renin-angiotensin-aldosterone system-blocker-induced angioedema
Amlodipine	contraindication	non-histaminic angioedema
Amlodipine	contraindication	hereditary angioedema
Trandolapril	contraindication	angioedema
Trandolapril	contraindication	acquired angioedema
Trandolapril	contraindication	renin-angiotensin-aldosterone system-blocker-induced angioedema
Trandolapril	contraindication	non-histaminic angioedema
Trandolapril	contraindication	hereditary angioedema
Benazepril	contraindication	angioedema
Benazepril	contraindication	acquired angioedema
Benazepril	contraindication	renin-angiotensin-aldosterone system-blocker-induced angioedema
Benazepril	contraindication	non-histaminic angioedema
Benazepril	contraindication	hereditary angioedema
Quinapril	contraindication	angioedema
Quinapril	contraindication	acquired angioedema
Quinapril	contraindication	renin-angiotensin-aldosterone system-blocker-induced angioedema
Quinapril	contraindication	non-histaminic angioedema
Quinapril	contraindication	hereditary angioedema
Perindopril	contraindication	angioedema
Perindopril	contraindication	acquired angioedema
Perindopril	contraindication	renin-angiotensin-aldosterone system-blocker-induced angioedema
Perindopril	contraindication	non-histaminic angioedema
Perindopril	contraindication	hereditary angioedema
Lisinopril	contraindication	angioedema
Lisinopril	contraindication	acquired angioedema
Lisinopril	contraindication	renin-angiotensin-aldosterone system-blocker-induced angioedema
Lisinopril	contraindication	non-histaminic angioedema
Lisinopril	contraindication	hereditary angioedema
Enalaprilat	contraindication	angioedema
Enalaprilat	contraindication	acquired angioedema
Enalaprilat	contraindication	renin-angiotensin-aldosterone system-blocker-induced angioedema
Enalaprilat	contraindication	non-histaminic angioedema
Enalaprilat	contraindication	hereditary angioedema
Enalapril	contraindication	angioedema
Enalapril	contraindication	acquired angioedema
Enalapril	contraindication	renin-angiotensin-aldosterone system-blocker-induced angioedema
Enalapril	contraindication	non-histaminic angioedema
Enalapril	contraindication	hereditary angioedema
Felodipine	contraindication	angioedema
Felodipine	contraindication	acquired angioedema
Felodipine	contraindication	renin-angiotensin-aldosterone system-blocker-induced angioedema
Felodipine	contraindication	non-histaminic angioedema
Felodipine	contraindication	hereditary angioedema
Captopril	contraindication	angioedema
Captopril	contraindication	acquired angioedema
Captopril	contraindication	renin-angiotensin-aldosterone system-blocker-induced angioedema
Captopril	contraindication	non-histaminic angioedema
Captopril	contraindication	hereditary angioedema
Chlorothiazide	contraindication	angioedema
Chlorothiazide	contraindication	acquired angioedema
Chlorothiazide	contraindication	renin-angiotensin-aldosterone system-blocker-induced angioedema
Chlorothiazide	contraindication	non-histaminic angioedema
Chlorothiazide	contraindication	hereditary angioedema
Hydrochlorothiazide	contraindication	angioedema
Hydrochlorothiazide	contraindication	acquired angioedema
Hydrochlorothiazide	contraindication	renin-angiotensin-aldosterone system-blocker-induced angioedema
Hydrochlorothiazide	contraindication	non-histaminic angioedema
Hydrochlorothiazide	contraindication	hereditary angioedema
Verapamil	contraindication	angioedema
Verapamil	contraindication	acquired angioedema
Verapamil	contraindication	renin-angiotensin-aldosterone system-blocker-induced angioedema
Verapamil	contraindication	non-histaminic angioedema
Verapamil	contraindication	hereditary angioedema
Isotretinoin	contraindication	angioedema
Isotretinoin	contraindication	acquired angioedema
Isotretinoin	contraindication	renin-angiotensin-aldosterone system-blocker-induced angioedema
Isotretinoin	contraindication	non-histaminic angioedema
Isotretinoin	contraindication	hereditary angioedema
Diltiazem	contraindication	angioedema
Diltiazem	contraindication	acquired angioedema
Diltiazem	contraindication	renin-angiotensin-aldosterone system-blocker-induced angioedema
Diltiazem	contraindication	non-histaminic angioedema
Diltiazem	contraindication	hereditary angioedema
Aliskiren	contraindication	angioedema
Aliskiren	contraindication	acquired angioedema
Aliskiren	contraindication	renin-angiotensin-aldosterone system-blocker-induced angioedema
Aliskiren	contraindication	non-histaminic angioedema
Aliskiren	contraindication	hereditary angioedema
Pregabalin	contraindication	angioedema
Pregabalin	contraindication	acquired angioedema
Pregabalin	contraindication	renin-angiotensin-aldosterone system-blocker-induced angioedema
Pregabalin	contraindication	non-histaminic angioedema
Pregabalin	contraindication	hereditary angioedema
Irbesartan	contraindication	angioedema
Irbesartan	contraindication	acquired angioedema
Irbesartan	contraindication	renin-angiotensin-aldosterone system-blocker-induced angioedema
Irbesartan	contraindication	non-histaminic angioedema
Irbesartan	contraindication	hereditary angioedema
Valsartan	contraindication	angioedema
Valsartan	contraindication	acquired angioedema
Valsartan	contraindication	renin-angiotensin-aldosterone system-blocker-induced angioedema
Valsartan	contraindication	non-histaminic angioedema
Valsartan	contraindication	hereditary angioedema
Darifenacin	contraindication	angioedema
Darifenacin	contraindication	acquired angioedema
Darifenacin	contraindication	renin-angiotensin-aldosterone system-blocker-induced angioedema
Darifenacin	contraindication	non-histaminic angioedema
Darifenacin	contraindication	hereditary angioedema
Moexipril	contraindication	angioedema
Moexipril	contraindication	acquired angioedema
Moexipril	contraindication	renin-angiotensin-aldosterone system-blocker-induced angioedema
Moexipril	contraindication	non-histaminic angioedema
Moexipril	contraindication	hereditary angioedema
Nicotinamide	contraindication	peptic ulcer disease
Guaifenesin	contraindication	peptic ulcer disease
Phenyltoloxamine	contraindication	peptic ulcer disease
Mepyramine	contraindication	peptic ulcer disease
Tripelennamine	contraindication	peptic ulcer disease
Methapyrilene	contraindication	peptic ulcer disease
Antazoline	contraindication	peptic ulcer disease
Pseudoephedrine	contraindication	peptic ulcer disease
Guaiacol	contraindication	peptic ulcer disease
Tiludronic acid	contraindication	peptic ulcer disease
Inositol	contraindication	peptic ulcer disease
Potassium citrate	contraindication	peptic ulcer disease
Hydralazine	contraindication	peptic ulcer disease
Brompheniramine	contraindication	peptic ulcer disease
Pheniramine	contraindication	peptic ulcer disease
Orphenadrine	contraindication	peptic ulcer disease
Riboflavin	contraindication	peptic ulcer disease
Methylprednisolone	contraindication	peptic ulcer disease
Chlorcyclizine	contraindication	peptic ulcer disease
Cyclizine	contraindication	peptic ulcer disease
Pravastatin	contraindication	peptic ulcer disease
Simvastatin	contraindication	peptic ulcer disease
Clofedanol	contraindication	peptic ulcer disease
Ferrous sulfate anhydrous	contraindication	peptic ulcer disease
Citric acid	contraindication	peptic ulcer disease
Tromethamine	contraindication	peptic ulcer disease
Chlorthalidone	contraindication	peptic ulcer disease
Pentoxyverine	contraindication	peptic ulcer disease
Potassium Iodide	contraindication	peptic ulcer disease
Codeine	contraindication	peptic ulcer disease
Lovastatin	contraindication	peptic ulcer disease
Potassium chloride	contraindication	peptic ulcer disease
Iron	contraindication	peptic ulcer disease
Ketorolac	contraindication	peptic ulcer disease
Ampicillin	contraindication	peptic ulcer disease
Hydroxyzine	contraindication	peptic ulcer disease
Vitamin A	contraindication	peptic ulcer disease
Echothiophate	contraindication	peptic ulcer disease
Inositol nicotinate	contraindication	peptic ulcer disease
Aminosalicylic acid	contraindication	peptic ulcer disease
Salicylamide	contraindication	peptic ulcer disease
Pyridoxine	contraindication	peptic ulcer disease
Meclofenamic acid	contraindication	peptic ulcer disease
Colchicine	contraindication	peptic ulcer disease
Desonide	contraindication	peptic ulcer disease
Acetylcysteine	contraindication	peptic ulcer disease
Neostigmine	contraindication	peptic ulcer disease
Levodopa	contraindication	peptic ulcer disease
Phenylephrine	contraindication	peptic ulcer disease
Folic acid	contraindication	peptic ulcer disease
Methotrexate	contraindication	peptic ulcer disease
Chlorothiazide	contraindication	peptic ulcer disease
Hydrochlorothiazide	contraindication	peptic ulcer disease
Theophylline	contraindication	peptic ulcer disease
Dipyridamole	contraindication	peptic ulcer disease
Caffeine	contraindication	peptic ulcer disease
Probenecid	contraindication	peptic ulcer disease
Meprobamate	contraindication	peptic ulcer disease
Nicotine	contraindication	peptic ulcer disease
Prednisone	contraindication	peptic ulcer disease
Dimenhydrinate	contraindication	peptic ulcer disease
Cysteine	contraindication	peptic ulcer disease
Budesonide	contraindication	peptic ulcer disease
Flurbiprofen	contraindication	peptic ulcer disease
Histamine	contraindication	peptic ulcer disease
Ascorbic acid	contraindication	peptic ulcer disease
Reserpine	contraindication	peptic ulcer disease
Prednisolone	contraindication	peptic ulcer disease
Hydrocortisone	contraindication	peptic ulcer disease
Phenobarbital	contraindication	peptic ulcer disease
Cortisone acetate	contraindication	peptic ulcer disease
Hydrocortisone acetate	contraindication	peptic ulcer disease
Dexamethasone	contraindication	peptic ulcer disease
Carbinoxamine	contraindication	peptic ulcer disease
Triprolidine	contraindication	peptic ulcer disease
Dyphylline	contraindication	peptic ulcer disease
Doxylamine	contraindication	peptic ulcer disease
Nabumetone	contraindication	peptic ulcer disease
Etodolac	contraindication	peptic ulcer disease
Sulindac	contraindication	peptic ulcer disease
Betamethasone	contraindication	peptic ulcer disease
Galantamine	contraindication	peptic ulcer disease
Polythiazide	contraindication	peptic ulcer disease
Magnesium citrate	contraindication	peptic ulcer disease
Tacrine	contraindication	peptic ulcer disease
Chloral hydrate	contraindication	peptic ulcer disease
Ephedrine	contraindication	peptic ulcer disease
Ferrous gluconate	contraindication	peptic ulcer disease
Calcium gluconate	contraindication	peptic ulcer disease
Carbidopa	contraindication	peptic ulcer disease
Etidronic acid	contraindication	peptic ulcer disease
Tolmetin	contraindication	peptic ulcer disease
Dexchlorpheniramine	contraindication	peptic ulcer disease
Diflunisal	contraindication	peptic ulcer disease
Ketoprofen	contraindication	peptic ulcer disease
Oxaprozin	contraindication	peptic ulcer disease
Magnesium salicylate	contraindication	peptic ulcer disease
Celecoxib	contraindication	peptic ulcer disease
Ibuprofen	contraindication	peptic ulcer disease
Clemastine	contraindication	peptic ulcer disease
Hematin	contraindication	peptic ulcer disease
Diclofenac	contraindication	peptic ulcer disease
Phenylpropanolamine	contraindication	peptic ulcer disease
Diphenylpyraline	contraindication	peptic ulcer disease
Ferrous fumarate	contraindication	peptic ulcer disease
Hydroflumethiazide	contraindication	peptic ulcer disease
Methyclothiazide	contraindication	peptic ulcer disease
Trichlormethiazide	contraindication	peptic ulcer disease
Methscopolamine	contraindication	peptic ulcer disease
Chlorpheniramine	contraindication	peptic ulcer disease
Dexbrompheniramine	contraindication	peptic ulcer disease
Entacapone	contraindication	peptic ulcer disease
Magnesium oxide	contraindication	peptic ulcer disease
Cyproheptadine	contraindication	peptic ulcer disease
Dextromethorphan	contraindication	peptic ulcer disease
Hydrocodone	contraindication	peptic ulcer disease
Dihydrocodeine	contraindication	peptic ulcer disease
Triamcinolone	contraindication	peptic ulcer disease
Ammonium chloride	contraindication	peptic ulcer disease
Ergotamine	contraindication	peptic ulcer disease
Succinic acid	contraindication	peptic ulcer disease
Tramazoline	contraindication	peptic ulcer disease
Calcium chloride	contraindication	peptic ulcer disease
Docusate	contraindication	peptic ulcer disease
Benzyl alcohol	contraindication	peptic ulcer disease
Warfarin	contraindication	nephrotic syndrome
Warfarin	contraindication	familial nephrotic syndrome
Warfarin	contraindication	lipoid nephrosis
Dicoumarol	contraindication	nephrotic syndrome
Dicoumarol	contraindication	familial nephrotic syndrome
Dicoumarol	contraindication	lipoid nephrosis
Oxymetholone	contraindication	nephrotic syndrome
Oxymetholone	contraindication	familial nephrotic syndrome
Oxymetholone	contraindication	lipoid nephrosis
Chlorambucil	contraindication	nephrotic syndrome
Chlorambucil	contraindication	familial nephrotic syndrome
Chlorambucil	contraindication	lipoid nephrosis
Tiopronin	contraindication	nephrotic syndrome
Tiopronin	contraindication	familial nephrotic syndrome
Tiopronin	contraindication	lipoid nephrosis
Stanozolol	contraindication	nephrotic syndrome
Stanozolol	contraindication	familial nephrotic syndrome
Stanozolol	contraindication	lipoid nephrosis
Edetic acid	contraindication	brain edema
Doxapram	contraindication	brain edema
Carmustine	contraindication	brain edema
Imatinib	contraindication	brain edema
Tranexamic acid	contraindication	brain edema
Benzatropine	contraindication	open-angle glaucoma
Lorazepam	contraindication	open-angle glaucoma
Methylprednisolone	contraindication	open-angle glaucoma
Nortriptyline	contraindication	open-angle glaucoma
Fusidic acid	contraindication	open-angle glaucoma
Hydroxyzine	contraindication	open-angle glaucoma
Fenoldopam	contraindication	open-angle glaucoma
Desonide	contraindication	open-angle glaucoma
Levodopa	contraindication	open-angle glaucoma
Theophylline	contraindication	open-angle glaucoma
Perphenazine	contraindication	open-angle glaucoma
Chlordiazepoxide	contraindication	open-angle glaucoma
Prednisone	contraindication	open-angle glaucoma
Prednisolone acetate	contraindication	open-angle glaucoma
Biperiden	contraindication	open-angle glaucoma
Budesonide	contraindication	open-angle glaucoma
Scopolamine	contraindication	open-angle glaucoma
Amitriptyline	contraindication	open-angle glaucoma
Prednisolone	contraindication	open-angle glaucoma
Hydrocortisone	contraindication	open-angle glaucoma
Cortisone acetate	contraindication	open-angle glaucoma
Hydrocortisone acetate	contraindication	open-angle glaucoma
Dexamethasone	contraindication	open-angle glaucoma
Diazepam	contraindication	open-angle glaucoma
Fluorometholone	contraindication	open-angle glaucoma
Betamethasone	contraindication	open-angle glaucoma
Tobramycin	contraindication	open-angle glaucoma
Amphetamine	contraindication	open-angle glaucoma
Ephedrine	contraindication	open-angle glaucoma
Alprazolam	contraindication	open-angle glaucoma
Carbidopa	contraindication	open-angle glaucoma
Doxepin	contraindication	open-angle glaucoma
Clonazepam	contraindication	open-angle glaucoma
Tropicamide	contraindication	open-angle glaucoma
Sulfacetamide	contraindication	open-angle glaucoma
Trihexyphenidyl	contraindication	open-angle glaucoma
Bacitracin	contraindication	open-angle glaucoma
Pramocaine	contraindication	open-angle glaucoma
Lidocaine	contraindication	open-angle glaucoma
Entacapone	contraindication	open-angle glaucoma
Triamcinolone	contraindication	open-angle glaucoma
Tromethamine	contraindication	rheumatoid arthritis
Ketorolac	contraindication	rheumatoid arthritis
Ascorbic acid	contraindication	rheumatoid arthritis
Zinc gluconate	contraindication	rheumatoid arthritis
Guaifenesin	contraindication	inflammatory bowel disease
Mepyramine	contraindication	inflammatory bowel disease
Pseudoephedrine	contraindication	inflammatory bowel disease
Guaiacol	contraindication	inflammatory bowel disease
Homatropine	contraindication	inflammatory bowel disease
Brompheniramine	contraindication	inflammatory bowel disease
Pheniramine	contraindication	inflammatory bowel disease
Chlorcyclizine	contraindication	inflammatory bowel disease
Cyclizine	contraindication	inflammatory bowel disease
Homatropine methylbromide	contraindication	inflammatory bowel disease
Tromethamine	contraindication	inflammatory bowel disease
Potassium Iodide	contraindication	inflammatory bowel disease
Codeine	contraindication	inflammatory bowel disease
Sodium phosphate, monobasic	contraindication	inflammatory bowel disease
Ketorolac	contraindication	inflammatory bowel disease
Miglitol	contraindication	inflammatory bowel disease
Salicylamide	contraindication	inflammatory bowel disease
Phenylephrine	contraindication	inflammatory bowel disease
Caffeine	contraindication	inflammatory bowel disease
Sulfinpyrazone	contraindication	inflammatory bowel disease
Acarbose	contraindication	inflammatory bowel disease
Carbinoxamine	contraindication	inflammatory bowel disease
Triprolidine	contraindication	inflammatory bowel disease
Isotretinoin	contraindication	inflammatory bowel disease
Hydromorphone	contraindication	inflammatory bowel disease
Naloxone	contraindication	inflammatory bowel disease
Bupivacaine	contraindication	inflammatory bowel disease
Chloral hydrate	contraindication	inflammatory bowel disease
Ephedrine	contraindication	inflammatory bowel disease
Dexchlorpheniramine	contraindication	inflammatory bowel disease
Ibuprofen	contraindication	inflammatory bowel disease
Diclofenac	contraindication	inflammatory bowel disease
Phenylpropanolamine	contraindication	inflammatory bowel disease
Chlorpheniramine	contraindication	inflammatory bowel disease
Dexbrompheniramine	contraindication	inflammatory bowel disease
Dextromethorphan	contraindication	inflammatory bowel disease
Hydrocodone	contraindication	inflammatory bowel disease
Dihydrocodeine	contraindication	inflammatory bowel disease
Bromodiphenhydramine	contraindication	inflammatory bowel disease
Chloroquine	contraindication	eye disease
Chloroquine	contraindication	disease of orbital region
Hydroxychloroquine	contraindication	eye disease
Hydroxychloroquine	contraindication	disease of orbital region
Lindane	contraindication	atopic eczema
Lindane	contraindication	dermatitis, atopic
Tretinoin	contraindication	atopic eczema
Tretinoin	contraindication	dermatitis, atopic
Clindamycin	contraindication	atopic eczema
Clindamycin	contraindication	dermatitis, atopic
Lidocaine	contraindication	atopic eczema
Lidocaine	contraindication	dermatitis, atopic
Glimepiride	contraindication	osteoporosis
Glimepiride	contraindication	postmenopausal osteoporosis
Ardeparin	contraindication	osteoporosis
Ardeparin	contraindication	postmenopausal osteoporosis
Heparin	contraindication	osteoporosis
Heparin	contraindication	postmenopausal osteoporosis
Enoxaparin	contraindication	osteoporosis
Enoxaparin	contraindication	postmenopausal osteoporosis
Adomiparin	contraindication	osteoporosis
Adomiparin	contraindication	postmenopausal osteoporosis
Dalteparin	contraindication	osteoporosis
Dalteparin	contraindication	postmenopausal osteoporosis
Parnaparin	contraindication	osteoporosis
Parnaparin	contraindication	postmenopausal osteoporosis
Heparin, bovine	contraindication	osteoporosis
Heparin, bovine	contraindication	postmenopausal osteoporosis
Salmeterol	contraindication	osteoporosis
Salmeterol	contraindication	postmenopausal osteoporosis
Mometasone furoate	contraindication	osteoporosis
Mometasone furoate	contraindication	postmenopausal osteoporosis
Elagolix	contraindication	osteoporosis
Elagolix	contraindication	postmenopausal osteoporosis
Methylprednisolone	contraindication	osteoporosis
Methylprednisolone	contraindication	postmenopausal osteoporosis
Clarithromycin	contraindication	osteoporosis
Clarithromycin	contraindication	postmenopausal osteoporosis
Fluticasone propionate	contraindication	osteoporosis
Fluticasone propionate	contraindication	postmenopausal osteoporosis
Nafarelin	contraindication	osteoporosis
Nafarelin	contraindication	postmenopausal osteoporosis
Omeprazole	contraindication	osteoporosis
Omeprazole	contraindication	postmenopausal osteoporosis
Formoterol	contraindication	osteoporosis
Formoterol	contraindication	postmenopausal osteoporosis
Medroxyprogesterone acetate	contraindication	osteoporosis
Medroxyprogesterone acetate	contraindication	postmenopausal osteoporosis
Liothyronine	contraindication	osteoporosis
Liothyronine	contraindication	postmenopausal osteoporosis
Metformin	contraindication	osteoporosis
Metformin	contraindication	postmenopausal osteoporosis
Desonide	contraindication	osteoporosis
Desonide	contraindication	postmenopausal osteoporosis
Progesterone	contraindication	osteoporosis
Progesterone	contraindication	postmenopausal osteoporosis
Prednisone	contraindication	osteoporosis
Prednisone	contraindication	postmenopausal osteoporosis
Budesonide	contraindication	osteoporosis
Budesonide	contraindication	postmenopausal osteoporosis
Levothyroxine	contraindication	osteoporosis
Levothyroxine	contraindication	postmenopausal osteoporosis
Estradiol	contraindication	osteoporosis
Estradiol	contraindication	postmenopausal osteoporosis
Prednisolone	contraindication	osteoporosis
Prednisolone	contraindication	postmenopausal osteoporosis
Hydrocortisone	contraindication	osteoporosis
Hydrocortisone	contraindication	postmenopausal osteoporosis
Cortisone acetate	contraindication	osteoporosis
Cortisone acetate	contraindication	postmenopausal osteoporosis
Hydrocortisone acetate	contraindication	osteoporosis
Hydrocortisone acetate	contraindication	postmenopausal osteoporosis
Dexamethasone	contraindication	osteoporosis
Dexamethasone	contraindication	postmenopausal osteoporosis
Isotretinoin	contraindication	osteoporosis
Isotretinoin	contraindication	postmenopausal osteoporosis
Betamethasone	contraindication	osteoporosis
Betamethasone	contraindication	postmenopausal osteoporosis
Estradiol cypionate	contraindication	osteoporosis
Estradiol cypionate	contraindication	postmenopausal osteoporosis
Tretinoin	contraindication	osteoporosis
Tretinoin	contraindication	postmenopausal osteoporosis
Amoxicillin	contraindication	osteoporosis
Amoxicillin	contraindication	postmenopausal osteoporosis
Naproxen	contraindication	osteoporosis
Naproxen	contraindication	postmenopausal osteoporosis
Dexrabeprazole	contraindication	osteoporosis
Dexrabeprazole	contraindication	postmenopausal osteoporosis
Pramocaine	contraindication	osteoporosis
Pramocaine	contraindication	postmenopausal osteoporosis
Dexlansoprazole	contraindication	osteoporosis
Dexlansoprazole	contraindication	postmenopausal osteoporosis
Lidocaine	contraindication	osteoporosis
Lidocaine	contraindication	postmenopausal osteoporosis
Ciclesonide	contraindication	osteoporosis
Ciclesonide	contraindication	postmenopausal osteoporosis
Triamcinolone	contraindication	osteoporosis
Triamcinolone	contraindication	postmenopausal osteoporosis
Esomeprazole	contraindication	osteoporosis
Esomeprazole	contraindication	postmenopausal osteoporosis
Rabeprazole	contraindication	osteoporosis
Rabeprazole	contraindication	postmenopausal osteoporosis
Lansoprazole	contraindication	osteoporosis
Lansoprazole	contraindication	postmenopausal osteoporosis
Pantoprazole	contraindication	osteoporosis
Pantoprazole	contraindication	postmenopausal osteoporosis
Fosinopril	contraindication	systemic lupus erythematosus (disease)
Fosinopril	contraindication	pediatric systemic lupus erythematosus
Estradiol valerate	contraindication	systemic lupus erythematosus (disease)
Estradiol valerate	contraindication	pediatric systemic lupus erythematosus
Fosphenytoin	contraindication	systemic lupus erythematosus (disease)
Fosphenytoin	contraindication	pediatric systemic lupus erythematosus
Terbinafine	contraindication	systemic lupus erythematosus (disease)
Terbinafine	contraindication	pediatric systemic lupus erythematosus
Amlodipine	contraindication	systemic lupus erythematosus (disease)
Amlodipine	contraindication	pediatric systemic lupus erythematosus
Ramipril	contraindication	systemic lupus erythematosus (disease)
Ramipril	contraindication	pediatric systemic lupus erythematosus
Benazepril	contraindication	systemic lupus erythematosus (disease)
Benazepril	contraindication	pediatric systemic lupus erythematosus
Hydralazine	contraindication	systemic lupus erythematosus (disease)
Hydralazine	contraindication	pediatric systemic lupus erythematosus
Ethotoin	contraindication	systemic lupus erythematosus (disease)
Ethotoin	contraindication	pediatric systemic lupus erythematosus
Quinapril	contraindication	systemic lupus erythematosus (disease)
Quinapril	contraindication	pediatric systemic lupus erythematosus
Levonorgestrel	contraindication	systemic lupus erythematosus (disease)
Levonorgestrel	contraindication	pediatric systemic lupus erythematosus
Ethosuximide	contraindication	systemic lupus erythematosus (disease)
Ethosuximide	contraindication	pediatric systemic lupus erythematosus
Methsuximide	contraindication	systemic lupus erythematosus (disease)
Methsuximide	contraindication	pediatric systemic lupus erythematosus
Chlorthalidone	contraindication	systemic lupus erythematosus (disease)
Chlorthalidone	contraindication	pediatric systemic lupus erythematosus
Lisinopril	contraindication	systemic lupus erythematosus (disease)
Lisinopril	contraindication	pediatric systemic lupus erythematosus
Fluoxymesterone	contraindication	systemic lupus erythematosus (disease)
Fluoxymesterone	contraindication	pediatric systemic lupus erythematosus
Bendroflumethiazide	contraindication	systemic lupus erythematosus (disease)
Bendroflumethiazide	contraindication	pediatric systemic lupus erythematosus
Melatonin	contraindication	systemic lupus erythematosus (disease)
Melatonin	contraindication	pediatric systemic lupus erythematosus
Medroxyprogesterone acetate	contraindication	systemic lupus erythematosus (disease)
Medroxyprogesterone acetate	contraindication	pediatric systemic lupus erythematosus
Norethisterone	contraindication	systemic lupus erythematosus (disease)
Norethisterone	contraindication	pediatric systemic lupus erythematosus
Drospirenone	contraindication	systemic lupus erythematosus (disease)
Drospirenone	contraindication	pediatric systemic lupus erythematosus
Bisoprolol	contraindication	systemic lupus erythematosus (disease)
Bisoprolol	contraindication	pediatric systemic lupus erythematosus
Pyridoxine	contraindication	systemic lupus erythematosus (disease)
Pyridoxine	contraindication	pediatric systemic lupus erythematosus
Captopril	contraindication	systemic lupus erythematosus (disease)
Captopril	contraindication	pediatric systemic lupus erythematosus
Chlorothiazide	contraindication	systemic lupus erythematosus (disease)
Chlorothiazide	contraindication	pediatric systemic lupus erythematosus
Hydrochlorothiazide	contraindication	systemic lupus erythematosus (disease)
Hydrochlorothiazide	contraindication	pediatric systemic lupus erythematosus
Chlordiazepoxide	contraindication	systemic lupus erythematosus (disease)
Chlordiazepoxide	contraindication	pediatric systemic lupus erythematosus
Testosterone	contraindication	systemic lupus erythematosus (disease)
Testosterone	contraindication	pediatric systemic lupus erythematosus
Testosterone cypionate	contraindication	systemic lupus erythematosus (disease)
Testosterone cypionate	contraindication	pediatric systemic lupus erythematosus
Methyltestosterone	contraindication	systemic lupus erythematosus (disease)
Methyltestosterone	contraindication	pediatric systemic lupus erythematosus
Progesterone	contraindication	systemic lupus erythematosus (disease)
Progesterone	contraindication	pediatric systemic lupus erythematosus
Ethinylestradiol	contraindication	systemic lupus erythematosus (disease)
Ethinylestradiol	contraindication	pediatric systemic lupus erythematosus
Meprobamate	contraindication	systemic lupus erythematosus (disease)
Meprobamate	contraindication	pediatric systemic lupus erythematosus
Phenytoin	contraindication	systemic lupus erythematosus (disease)
Phenytoin	contraindication	pediatric systemic lupus erythematosus
Methyldopa	contraindication	systemic lupus erythematosus (disease)
Methyldopa	contraindication	pediatric systemic lupus erythematosus
Guanethidine	contraindication	systemic lupus erythematosus (disease)
Guanethidine	contraindication	pediatric systemic lupus erythematosus
Furosemide	contraindication	systemic lupus erythematosus (disease)
Furosemide	contraindication	pediatric systemic lupus erythematosus
Estrone	contraindication	systemic lupus erythematosus (disease)
Estrone	contraindication	pediatric systemic lupus erythematosus
Propranolol	contraindication	systemic lupus erythematosus (disease)
Propranolol	contraindication	pediatric systemic lupus erythematosus
Spironolactone	contraindication	systemic lupus erythematosus (disease)
Spironolactone	contraindication	pediatric systemic lupus erythematosus
Metoprolol	contraindication	systemic lupus erythematosus (disease)
Metoprolol	contraindication	pediatric systemic lupus erythematosus
Ascorbic acid	contraindication	systemic lupus erythematosus (disease)
Ascorbic acid	contraindication	pediatric systemic lupus erythematosus
Reserpine	contraindication	systemic lupus erythematosus (disease)
Reserpine	contraindication	pediatric systemic lupus erythematosus
Estradiol	contraindication	systemic lupus erythematosus (disease)
Estradiol	contraindication	pediatric systemic lupus erythematosus
Phenobarbital	contraindication	systemic lupus erythematosus (disease)
Phenobarbital	contraindication	pediatric systemic lupus erythematosus
Isotretinoin	contraindication	systemic lupus erythematosus (disease)
Isotretinoin	contraindication	pediatric systemic lupus erythematosus
Zinc gluconate	contraindication	systemic lupus erythematosus (disease)
Zinc gluconate	contraindication	pediatric systemic lupus erythematosus
Nadolol	contraindication	systemic lupus erythematosus (disease)
Nadolol	contraindication	pediatric systemic lupus erythematosus
Clonidine	contraindication	systemic lupus erythematosus (disease)
Clonidine	contraindication	pediatric systemic lupus erythematosus
Triamterene	contraindication	systemic lupus erythematosus (disease)
Triamterene	contraindication	pediatric systemic lupus erythematosus
Sulindac	contraindication	systemic lupus erythematosus (disease)
Sulindac	contraindication	pediatric systemic lupus erythematosus
Labetalol	contraindication	systemic lupus erythematosus (disease)
Labetalol	contraindication	pediatric systemic lupus erythematosus
Norgestimate	contraindication	systemic lupus erythematosus (disease)
Norgestimate	contraindication	pediatric systemic lupus erythematosus
Auranofin	contraindication	systemic lupus erythematosus (disease)
Auranofin	contraindication	pediatric systemic lupus erythematosus
Levomefolic acid	contraindication	systemic lupus erythematosus (disease)
Levomefolic acid	contraindication	pediatric systemic lupus erythematosus
Testosterone enanthate	contraindication	systemic lupus erythematosus (disease)
Testosterone enanthate	contraindication	pediatric systemic lupus erythematosus
Estradiol cypionate	contraindication	systemic lupus erythematosus (disease)
Estradiol cypionate	contraindication	pediatric systemic lupus erythematosus
Methoxsalen	contraindication	systemic lupus erythematosus (disease)
Methoxsalen	contraindication	pediatric systemic lupus erythematosus
Atenolol	contraindication	systemic lupus erythematosus (disease)
Atenolol	contraindication	pediatric systemic lupus erythematosus
Timolol	contraindication	systemic lupus erythematosus (disease)
Timolol	contraindication	pediatric systemic lupus erythematosus
Amiloride	contraindication	systemic lupus erythematosus (disease)
Amiloride	contraindication	pediatric systemic lupus erythematosus
Metolazone	contraindication	systemic lupus erythematosus (disease)
Metolazone	contraindication	pediatric systemic lupus erythematosus
Aliskiren	contraindication	systemic lupus erythematosus (disease)
Aliskiren	contraindication	pediatric systemic lupus erythematosus
Ibuprofen	contraindication	systemic lupus erythematosus (disease)
Ibuprofen	contraindication	pediatric systemic lupus erythematosus
Quinestrol	contraindication	systemic lupus erythematosus (disease)
Quinestrol	contraindication	pediatric systemic lupus erythematosus
Candesartan cilexetil	contraindication	systemic lupus erythematosus (disease)
Candesartan cilexetil	contraindication	pediatric systemic lupus erythematosus
Telmisartan	contraindication	systemic lupus erythematosus (disease)
Telmisartan	contraindication	pediatric systemic lupus erythematosus
Irbesartan	contraindication	systemic lupus erythematosus (disease)
Irbesartan	contraindication	pediatric systemic lupus erythematosus
Valsartan	contraindication	systemic lupus erythematosus (disease)
Valsartan	contraindication	pediatric systemic lupus erythematosus
Methyclothiazide	contraindication	systemic lupus erythematosus (disease)
Methyclothiazide	contraindication	pediatric systemic lupus erythematosus
Eprosartan	contraindication	systemic lupus erythematosus (disease)
Eprosartan	contraindication	pediatric systemic lupus erythematosus
Griseofulvin	contraindication	systemic lupus erythematosus (disease)
Griseofulvin	contraindication	pediatric systemic lupus erythematosus
Aurothioglucose	contraindication	systemic lupus erythematosus (disease)
Aurothioglucose	contraindication	pediatric systemic lupus erythematosus
Losartan	contraindication	systemic lupus erythematosus (disease)
Losartan	contraindication	pediatric systemic lupus erythematosus
Moexipril	contraindication	systemic lupus erythematosus (disease)
Moexipril	contraindication	pediatric systemic lupus erythematosus
Pramocaine	contraindication	contact dermatitis
Pramocaine	contraindication	occupational dermatitis
Benzyl alcohol	contraindication	contact dermatitis
Benzyl alcohol	contraindication	occupational dermatitis
Disulfiram	contraindication	psychotic disorder
Disulfiram	contraindication	schizophreniform disorder
Disulfiram	contraindication	mental disorder
Disulfiram	contraindication	schizoaffective disorder
Guaifenesin	contraindication	psychotic disorder
Guaifenesin	contraindication	schizophreniform disorder
Guaifenesin	contraindication	mental disorder
Guaifenesin	contraindication	schizoaffective disorder
Ropinirole	contraindication	psychotic disorder
Ropinirole	contraindication	schizophreniform disorder
Ropinirole	contraindication	mental disorder
Ropinirole	contraindication	schizoaffective disorder
Pheniramine	contraindication	psychotic disorder
Pheniramine	contraindication	schizophreniform disorder
Pheniramine	contraindication	mental disorder
Pheniramine	contraindication	schizoaffective disorder
Atomoxetine	contraindication	psychotic disorder
Atomoxetine	contraindication	schizophreniform disorder
Atomoxetine	contraindication	mental disorder
Atomoxetine	contraindication	schizoaffective disorder
Methylprednisolone	contraindication	psychotic disorder
Methylprednisolone	contraindication	schizophreniform disorder
Methylprednisolone	contraindication	mental disorder
Methylprednisolone	contraindication	schizoaffective disorder
Warfarin	contraindication	psychotic disorder
Warfarin	contraindication	schizophreniform disorder
Warfarin	contraindication	mental disorder
Warfarin	contraindication	schizoaffective disorder
Pentoxyverine	contraindication	psychotic disorder
Pentoxyverine	contraindication	schizophreniform disorder
Pentoxyverine	contraindication	mental disorder
Pentoxyverine	contraindication	schizoaffective disorder
Potassium Iodide	contraindication	psychotic disorder
Potassium Iodide	contraindication	schizophreniform disorder
Potassium Iodide	contraindication	mental disorder
Potassium Iodide	contraindication	schizoaffective disorder
Amantadine	contraindication	psychotic disorder
Amantadine	contraindication	schizophreniform disorder
Amantadine	contraindication	mental disorder
Amantadine	contraindication	schizoaffective disorder
Codeine	contraindication	psychotic disorder
Codeine	contraindication	schizophreniform disorder
Codeine	contraindication	mental disorder
Codeine	contraindication	schizoaffective disorder
Norfloxacin	contraindication	psychotic disorder
Norfloxacin	contraindication	schizophreniform disorder
Norfloxacin	contraindication	mental disorder
Norfloxacin	contraindication	schizoaffective disorder
Clidinium	contraindication	psychotic disorder
Clidinium	contraindication	schizophreniform disorder
Clidinium	contraindication	mental disorder
Clidinium	contraindication	schizoaffective disorder
Modafinil	contraindication	psychotic disorder
Modafinil	contraindication	schizophreniform disorder
Modafinil	contraindication	mental disorder
Modafinil	contraindication	schizoaffective disorder
Hydroxyzine	contraindication	psychotic disorder
Hydroxyzine	contraindication	schizophreniform disorder
Hydroxyzine	contraindication	mental disorder
Hydroxyzine	contraindication	schizoaffective disorder
Cycloserine	contraindication	psychotic disorder
Cycloserine	contraindication	schizophreniform disorder
Cycloserine	contraindication	mental disorder
Cycloserine	contraindication	schizoaffective disorder
Dicoumarol	contraindication	psychotic disorder
Dicoumarol	contraindication	schizophreniform disorder
Dicoumarol	contraindication	mental disorder
Dicoumarol	contraindication	schizoaffective disorder
Desonide	contraindication	psychotic disorder
Desonide	contraindication	schizophreniform disorder
Desonide	contraindication	mental disorder
Desonide	contraindication	schizoaffective disorder
Phendimetrazine	contraindication	psychotic disorder
Phendimetrazine	contraindication	schizophreniform disorder
Phendimetrazine	contraindication	mental disorder
Phendimetrazine	contraindication	schizoaffective disorder
Lisdexamfetamine	contraindication	psychotic disorder
Lisdexamfetamine	contraindication	schizophreniform disorder
Lisdexamfetamine	contraindication	mental disorder
Lisdexamfetamine	contraindication	schizoaffective disorder
Oxazepam	contraindication	psychotic disorder
Oxazepam	contraindication	schizophreniform disorder
Oxazepam	contraindication	mental disorder
Oxazepam	contraindication	schizoaffective disorder
Levodopa	contraindication	psychotic disorder
Levodopa	contraindication	schizophreniform disorder
Levodopa	contraindication	mental disorder
Levodopa	contraindication	schizoaffective disorder
Phenylephrine	contraindication	psychotic disorder
Phenylephrine	contraindication	schizophreniform disorder
Phenylephrine	contraindication	mental disorder
Phenylephrine	contraindication	schizoaffective disorder
Theophylline	contraindication	psychotic disorder
Theophylline	contraindication	schizophreniform disorder
Theophylline	contraindication	mental disorder
Theophylline	contraindication	schizoaffective disorder
Chlordiazepoxide	contraindication	psychotic disorder
Chlordiazepoxide	contraindication	schizophreniform disorder
Chlordiazepoxide	contraindication	mental disorder
Chlordiazepoxide	contraindication	schizoaffective disorder
Apomorphine	contraindication	psychotic disorder
Apomorphine	contraindication	schizophreniform disorder
Apomorphine	contraindication	mental disorder
Apomorphine	contraindication	schizoaffective disorder
Morphine	contraindication	psychotic disorder
Morphine	contraindication	schizophreniform disorder
Morphine	contraindication	mental disorder
Morphine	contraindication	schizoaffective disorder
Serine	contraindication	psychotic disorder
Serine	contraindication	schizophreniform disorder
Serine	contraindication	mental disorder
Serine	contraindication	schizoaffective disorder
Metamfetamine	contraindication	psychotic disorder
Metamfetamine	contraindication	schizophreniform disorder
Metamfetamine	contraindication	mental disorder
Metamfetamine	contraindication	schizoaffective disorder
Mefloquine	contraindication	psychotic disorder
Mefloquine	contraindication	schizophreniform disorder
Mefloquine	contraindication	mental disorder
Mefloquine	contraindication	schizoaffective disorder
Prednisone	contraindication	psychotic disorder
Prednisone	contraindication	schizophreniform disorder
Prednisone	contraindication	mental disorder
Prednisone	contraindication	schizoaffective disorder
Budesonide	contraindication	psychotic disorder
Budesonide	contraindication	schizophreniform disorder
Budesonide	contraindication	mental disorder
Budesonide	contraindication	schizoaffective disorder
Dextroamphetamine	contraindication	psychotic disorder
Dextroamphetamine	contraindication	schizophreniform disorder
Dextroamphetamine	contraindication	mental disorder
Dextroamphetamine	contraindication	schizoaffective disorder
Histamine	contraindication	psychotic disorder
Histamine	contraindication	schizophreniform disorder
Histamine	contraindication	mental disorder
Histamine	contraindication	schizoaffective disorder
Scopolamine	contraindication	psychotic disorder
Scopolamine	contraindication	schizophreniform disorder
Scopolamine	contraindication	mental disorder
Scopolamine	contraindication	schizoaffective disorder
Amitriptyline	contraindication	psychotic disorder
Amitriptyline	contraindication	schizophreniform disorder
Amitriptyline	contraindication	mental disorder
Amitriptyline	contraindication	schizoaffective disorder
Prednisolone	contraindication	psychotic disorder
Prednisolone	contraindication	schizophreniform disorder
Prednisolone	contraindication	mental disorder
Prednisolone	contraindication	schizoaffective disorder
Hydrocortisone	contraindication	psychotic disorder
Hydrocortisone	contraindication	schizophreniform disorder
Hydrocortisone	contraindication	mental disorder
Hydrocortisone	contraindication	schizoaffective disorder
Phenobarbital	contraindication	psychotic disorder
Phenobarbital	contraindication	schizophreniform disorder
Phenobarbital	contraindication	mental disorder
Phenobarbital	contraindication	schizoaffective disorder
Cortisone acetate	contraindication	psychotic disorder
Cortisone acetate	contraindication	schizophreniform disorder
Cortisone acetate	contraindication	mental disorder
Cortisone acetate	contraindication	schizoaffective disorder
Hydrocortisone acetate	contraindication	psychotic disorder
Hydrocortisone acetate	contraindication	schizophreniform disorder
Hydrocortisone acetate	contraindication	mental disorder
Hydrocortisone acetate	contraindication	schizoaffective disorder
Dexamethasone	contraindication	psychotic disorder
Dexamethasone	contraindication	schizophreniform disorder
Dexamethasone	contraindication	mental disorder
Dexamethasone	contraindication	schizoaffective disorder
Dyphylline	contraindication	psychotic disorder
Dyphylline	contraindication	schizophreniform disorder
Dyphylline	contraindication	mental disorder
Dyphylline	contraindication	schizoaffective disorder
Isotretinoin	contraindication	psychotic disorder
Isotretinoin	contraindication	schizophreniform disorder
Isotretinoin	contraindication	mental disorder
Isotretinoin	contraindication	schizoaffective disorder
Chlorphentermine	contraindication	psychotic disorder
Chlorphentermine	contraindication	schizophreniform disorder
Chlorphentermine	contraindication	mental disorder
Chlorphentermine	contraindication	schizoaffective disorder
Dexmethylphenidate	contraindication	psychotic disorder
Dexmethylphenidate	contraindication	schizophreniform disorder
Dexmethylphenidate	contraindication	mental disorder
Dexmethylphenidate	contraindication	schizoaffective disorder
Betamethasone	contraindication	psychotic disorder
Betamethasone	contraindication	schizophreniform disorder
Betamethasone	contraindication	mental disorder
Betamethasone	contraindication	schizoaffective disorder
Bupropion	contraindication	psychotic disorder
Bupropion	contraindication	schizophreniform disorder
Bupropion	contraindication	mental disorder
Bupropion	contraindication	schizoaffective disorder
Tretinoin	contraindication	psychotic disorder
Tretinoin	contraindication	schizophreniform disorder
Tretinoin	contraindication	mental disorder
Tretinoin	contraindication	schizoaffective disorder
Amphetamine	contraindication	psychotic disorder
Amphetamine	contraindication	schizophreniform disorder
Amphetamine	contraindication	mental disorder
Amphetamine	contraindication	schizoaffective disorder
Ephedrine	contraindication	psychotic disorder
Ephedrine	contraindication	schizophreniform disorder
Ephedrine	contraindication	mental disorder
Ephedrine	contraindication	schizoaffective disorder
Prazepam	contraindication	psychotic disorder
Prazepam	contraindication	schizophreniform disorder
Prazepam	contraindication	mental disorder
Prazepam	contraindication	schizoaffective disorder
Triazolam	contraindication	psychotic disorder
Triazolam	contraindication	schizophreniform disorder
Triazolam	contraindication	mental disorder
Triazolam	contraindication	schizoaffective disorder
Carbidopa	contraindication	psychotic disorder
Carbidopa	contraindication	schizophreniform disorder
Carbidopa	contraindication	mental disorder
Carbidopa	contraindication	schizoaffective disorder
Flurazepam	contraindication	psychotic disorder
Flurazepam	contraindication	schizophreniform disorder
Flurazepam	contraindication	mental disorder
Flurazepam	contraindication	schizoaffective disorder
Benzphetamine	contraindication	psychotic disorder
Benzphetamine	contraindication	schizophreniform disorder
Benzphetamine	contraindication	mental disorder
Benzphetamine	contraindication	schizoaffective disorder
Selegiline	contraindication	psychotic disorder
Selegiline	contraindication	schizophreniform disorder
Selegiline	contraindication	mental disorder
Selegiline	contraindication	schizoaffective disorder
Pramocaine	contraindication	psychotic disorder
Pramocaine	contraindication	schizophreniform disorder
Pramocaine	contraindication	mental disorder
Pramocaine	contraindication	schizoaffective disorder
Lidocaine	contraindication	psychotic disorder
Lidocaine	contraindication	schizophreniform disorder
Lidocaine	contraindication	mental disorder
Lidocaine	contraindication	schizoaffective disorder
Methscopolamine	contraindication	psychotic disorder
Methscopolamine	contraindication	schizophreniform disorder
Methscopolamine	contraindication	mental disorder
Methscopolamine	contraindication	schizoaffective disorder
Chlorpheniramine	contraindication	psychotic disorder
Chlorpheniramine	contraindication	schizophreniform disorder
Chlorpheniramine	contraindication	mental disorder
Chlorpheniramine	contraindication	schizoaffective disorder
Entacapone	contraindication	psychotic disorder
Entacapone	contraindication	schizophreniform disorder
Entacapone	contraindication	mental disorder
Entacapone	contraindication	schizoaffective disorder
Butabarbital	contraindication	psychotic disorder
Butabarbital	contraindication	schizophreniform disorder
Butabarbital	contraindication	mental disorder
Butabarbital	contraindication	schizoaffective disorder
Triamcinolone	contraindication	psychotic disorder
Triamcinolone	contraindication	schizophreniform disorder
Triamcinolone	contraindication	mental disorder
Triamcinolone	contraindication	schizoaffective disorder
Phentermine	contraindication	psychotic disorder
Phentermine	contraindication	schizophreniform disorder
Phentermine	contraindication	mental disorder
Phentermine	contraindication	schizoaffective disorder
Methylphenidate	contraindication	psychotic disorder
Methylphenidate	contraindication	schizophreniform disorder
Methylphenidate	contraindication	mental disorder
Methylphenidate	contraindication	schizoaffective disorder
Armodafinil	contraindication	psychotic disorder
Armodafinil	contraindication	schizophreniform disorder
Armodafinil	contraindication	mental disorder
Armodafinil	contraindication	schizoaffective disorder
Pramipexole	contraindication	psychotic disorder
Pramipexole	contraindication	schizophreniform disorder
Pramipexole	contraindication	mental disorder
Pramipexole	contraindication	schizoaffective disorder
Levetiracetam	contraindication	psychotic disorder
Levetiracetam	contraindication	schizophreniform disorder
Levetiracetam	contraindication	mental disorder
Levetiracetam	contraindication	schizoaffective disorder
Chlorothiazide	contraindication	autoimmune hemolytic anemia
Chlorothiazide	contraindication	fetal erythroblastosis
Hydrochlorothiazide	contraindication	autoimmune hemolytic anemia
Hydrochlorothiazide	contraindication	fetal erythroblastosis
Methyldopa	contraindication	autoimmune hemolytic anemia
Methyldopa	contraindication	fetal erythroblastosis
Amprenavir	contraindication	autoimmune hemolytic anemia
Amprenavir	contraindication	fetal erythroblastosis
Salmeterol	contraindication	fungal infectious disease
Salmeterol	contraindication	dermatophytosis
Vinblastine	contraindication	fungal infectious disease
Vinblastine	contraindication	dermatophytosis
Mometasone furoate	contraindication	fungal infectious disease
Mometasone furoate	contraindication	dermatophytosis
Methylprednisolone	contraindication	fungal infectious disease
Methylprednisolone	contraindication	dermatophytosis
Fluticasone propionate	contraindication	fungal infectious disease
Fluticasone propionate	contraindication	dermatophytosis
Formoterol	contraindication	fungal infectious disease
Formoterol	contraindication	dermatophytosis
Procarbazine	contraindication	fungal infectious disease
Procarbazine	contraindication	dermatophytosis
Mitoxantrone	contraindication	fungal infectious disease
Mitoxantrone	contraindication	dermatophytosis
Desonide	contraindication	fungal infectious disease
Desonide	contraindication	dermatophytosis
Vincristine	contraindication	fungal infectious disease
Vincristine	contraindication	dermatophytosis
Beclomethasone dipropionate	contraindication	fungal infectious disease
Beclomethasone dipropionate	contraindication	dermatophytosis
Prednisone	contraindication	fungal infectious disease
Prednisone	contraindication	dermatophytosis
Budesonide	contraindication	fungal infectious disease
Budesonide	contraindication	dermatophytosis
Prednisolone	contraindication	fungal infectious disease
Prednisolone	contraindication	dermatophytosis
Hydrocortisone	contraindication	fungal infectious disease
Hydrocortisone	contraindication	dermatophytosis
Cortisone acetate	contraindication	fungal infectious disease
Cortisone acetate	contraindication	dermatophytosis
Hydrocortisone acetate	contraindication	fungal infectious disease
Hydrocortisone acetate	contraindication	dermatophytosis
Dexamethasone	contraindication	fungal infectious disease
Dexamethasone	contraindication	dermatophytosis
Azathioprine	contraindication	fungal infectious disease
Azathioprine	contraindication	dermatophytosis
Fluticasone furoate	contraindication	fungal infectious disease
Fluticasone furoate	contraindication	dermatophytosis
Betamethasone	contraindication	fungal infectious disease
Betamethasone	contraindication	dermatophytosis
Flunisolide	contraindication	fungal infectious disease
Flunisolide	contraindication	dermatophytosis
Doxorubicin	contraindication	fungal infectious disease
Doxorubicin	contraindication	dermatophytosis
Daunorubicin	contraindication	fungal infectious disease
Daunorubicin	contraindication	dermatophytosis
Carmustine	contraindication	fungal infectious disease
Carmustine	contraindication	dermatophytosis
Cytarabine	contraindication	fungal infectious disease
Cytarabine	contraindication	dermatophytosis
Pramocaine	contraindication	fungal infectious disease
Pramocaine	contraindication	dermatophytosis
Lidocaine	contraindication	fungal infectious disease
Lidocaine	contraindication	dermatophytosis
Lomustine	contraindication	fungal infectious disease
Lomustine	contraindication	dermatophytosis
Ciclesonide	contraindication	fungal infectious disease
Ciclesonide	contraindication	dermatophytosis
Triamcinolone	contraindication	fungal infectious disease
Triamcinolone	contraindication	dermatophytosis
Clofarabine	contraindication	fungal infectious disease
Clofarabine	contraindication	dermatophytosis
Clomifene	contraindication	adrenal insufficiency
Clomifene	contraindication	adrenocortical insufficiency
Clomifene	contraindication	Addison disease
Mifepristone	contraindication	adrenal insufficiency
Metformin	contraindication	adrenal insufficiency
Repaglinide	contraindication	adrenal insufficiency
Estradiol valerate	contraindication	asthma
Estradiol valerate	contraindication	intrinsic asthma
Estradiol valerate	contraindication	allergic asthma
Ganciclovir	contraindication	asthma
Ganciclovir	contraindication	intrinsic asthma
Ganciclovir	contraindication	allergic asthma
Levonorgestrel	contraindication	asthma
Levonorgestrel	contraindication	intrinsic asthma
Levonorgestrel	contraindication	allergic asthma
Tromethamine	contraindication	asthma
Tromethamine	contraindication	intrinsic asthma
Tromethamine	contraindication	allergic asthma
Chlorthalidone	contraindication	asthma
Chlorthalidone	contraindication	intrinsic asthma
Chlorthalidone	contraindication	allergic asthma
Ambenonium	contraindication	asthma
Ambenonium	contraindication	intrinsic asthma
Ambenonium	contraindication	allergic asthma
Thiopental	contraindication	asthma
Thiopental	contraindication	intrinsic asthma
Thiopental	contraindication	allergic asthma
Fluoxymesterone	contraindication	asthma
Fluoxymesterone	contraindication	intrinsic asthma
Fluoxymesterone	contraindication	allergic asthma
Ketorolac	contraindication	asthma
Ketorolac	contraindication	intrinsic asthma
Ketorolac	contraindication	allergic asthma
Carvedilol	contraindication	asthma
Carvedilol	contraindication	intrinsic asthma
Carvedilol	contraindication	allergic asthma
Medroxyprogesterone acetate	contraindication	asthma
Medroxyprogesterone acetate	contraindication	intrinsic asthma
Medroxyprogesterone acetate	contraindication	allergic asthma
Sulfadiazine	contraindication	asthma
Sulfadiazine	contraindication	intrinsic asthma
Sulfadiazine	contraindication	allergic asthma
Norethisterone	contraindication	asthma
Norethisterone	contraindication	intrinsic asthma
Norethisterone	contraindication	allergic asthma
Drospirenone	contraindication	asthma
Drospirenone	contraindication	intrinsic asthma
Drospirenone	contraindication	allergic asthma
Echothiophate	contraindication	asthma
Echothiophate	contraindication	intrinsic asthma
Echothiophate	contraindication	allergic asthma
Bisoprolol	contraindication	asthma
Bisoprolol	contraindication	intrinsic asthma
Bisoprolol	contraindication	allergic asthma
Betaxolol	contraindication	asthma
Betaxolol	contraindication	intrinsic asthma
Betaxolol	contraindication	allergic asthma
Sulfasalazine	contraindication	asthma
Sulfasalazine	contraindication	intrinsic asthma
Sulfasalazine	contraindication	allergic asthma
Neostigmine	contraindication	asthma
Neostigmine	contraindication	intrinsic asthma
Neostigmine	contraindication	allergic asthma
Chlorothiazide	contraindication	asthma
Chlorothiazide	contraindication	intrinsic asthma
Chlorothiazide	contraindication	allergic asthma
Hydrochlorothiazide	contraindication	asthma
Hydrochlorothiazide	contraindication	intrinsic asthma
Hydrochlorothiazide	contraindication	allergic asthma
Adenosine	contraindication	asthma
Adenosine	contraindication	intrinsic asthma
Adenosine	contraindication	allergic asthma
Chlordiazepoxide	contraindication	asthma
Chlordiazepoxide	contraindication	intrinsic asthma
Chlordiazepoxide	contraindication	allergic asthma
Testosterone	contraindication	asthma
Testosterone	contraindication	intrinsic asthma
Testosterone	contraindication	allergic asthma
Testosterone cypionate	contraindication	asthma
Testosterone cypionate	contraindication	intrinsic asthma
Testosterone cypionate	contraindication	allergic asthma
Methyltestosterone	contraindication	asthma
Methyltestosterone	contraindication	intrinsic asthma
Methyltestosterone	contraindication	allergic asthma
Progesterone	contraindication	asthma
Progesterone	contraindication	intrinsic asthma
Progesterone	contraindication	allergic asthma
Ethinylestradiol	contraindication	asthma
Ethinylestradiol	contraindication	intrinsic asthma
Ethinylestradiol	contraindication	allergic asthma
Meprobamate	contraindication	asthma
Meprobamate	contraindication	intrinsic asthma
Meprobamate	contraindication	allergic asthma
Physostigmine	contraindication	asthma
Physostigmine	contraindication	intrinsic asthma
Physostigmine	contraindication	allergic asthma
Dinoprost	contraindication	asthma
Dinoprost	contraindication	intrinsic asthma
Dinoprost	contraindication	allergic asthma
Indomethacin	contraindication	asthma
Indomethacin	contraindication	intrinsic asthma
Indomethacin	contraindication	allergic asthma
Estrone	contraindication	asthma
Estrone	contraindication	intrinsic asthma
Estrone	contraindication	allergic asthma
Carteolol	contraindication	asthma
Carteolol	contraindication	intrinsic asthma
Carteolol	contraindication	allergic asthma
Histamine	contraindication	asthma
Histamine	contraindication	intrinsic asthma
Histamine	contraindication	allergic asthma
Estradiol	contraindication	asthma
Estradiol	contraindication	intrinsic asthma
Estradiol	contraindication	allergic asthma
Levobunolol	contraindication	asthma
Levobunolol	contraindication	intrinsic asthma
Levobunolol	contraindication	allergic asthma
Protriptyline	contraindication	asthma
Protriptyline	contraindication	intrinsic asthma
Protriptyline	contraindication	allergic asthma
Sotalol	contraindication	asthma
Sotalol	contraindication	intrinsic asthma
Sotalol	contraindication	allergic asthma
Acebutolol	contraindication	asthma
Acebutolol	contraindication	intrinsic asthma
Acebutolol	contraindication	allergic asthma
Ribavirin	contraindication	asthma
Ribavirin	contraindication	intrinsic asthma
Ribavirin	contraindication	allergic asthma
Dinoprostone	contraindication	asthma
Dinoprostone	contraindication	intrinsic asthma
Dinoprostone	contraindication	allergic asthma
Galantamine	contraindication	asthma
Galantamine	contraindication	intrinsic asthma
Galantamine	contraindication	allergic asthma
Norgestimate	contraindication	asthma
Norgestimate	contraindication	intrinsic asthma
Norgestimate	contraindication	allergic asthma
Paclitaxel	contraindication	asthma
Paclitaxel	contraindication	intrinsic asthma
Paclitaxel	contraindication	allergic asthma
Tacrine	contraindication	asthma
Tacrine	contraindication	intrinsic asthma
Tacrine	contraindication	allergic asthma
Levomefolic acid	contraindication	asthma
Levomefolic acid	contraindication	intrinsic asthma
Levomefolic acid	contraindication	allergic asthma
Testosterone enanthate	contraindication	asthma
Testosterone enanthate	contraindication	intrinsic asthma
Testosterone enanthate	contraindication	allergic asthma
Estradiol cypionate	contraindication	asthma
Estradiol cypionate	contraindication	intrinsic asthma
Estradiol cypionate	contraindication	allergic asthma
Doxapram	contraindication	asthma
Doxapram	contraindication	intrinsic asthma
Doxapram	contraindication	allergic asthma
Atenolol	contraindication	asthma
Atenolol	contraindication	intrinsic asthma
Atenolol	contraindication	allergic asthma
Etidronic acid	contraindication	asthma
Etidronic acid	contraindication	intrinsic asthma
Etidronic acid	contraindication	allergic asthma
Metipranolol	contraindication	asthma
Metipranolol	contraindication	intrinsic asthma
Metipranolol	contraindication	allergic asthma
Celecoxib	contraindication	asthma
Celecoxib	contraindication	intrinsic asthma
Celecoxib	contraindication	allergic asthma
Pyridostigmine	contraindication	asthma
Pyridostigmine	contraindication	intrinsic asthma
Pyridostigmine	contraindication	allergic asthma
Diclofenac	contraindication	asthma
Diclofenac	contraindication	intrinsic asthma
Diclofenac	contraindication	allergic asthma
Quinestrol	contraindication	asthma
Quinestrol	contraindication	intrinsic asthma
Quinestrol	contraindication	allergic asthma
Sulfisoxazole	contraindication	asthma
Sulfisoxazole	contraindication	intrinsic asthma
Sulfisoxazole	contraindication	allergic asthma
Rivastigmine	contraindication	asthma
Rivastigmine	contraindication	intrinsic asthma
Rivastigmine	contraindication	allergic asthma
Donepezil	contraindication	asthma
Donepezil	contraindication	intrinsic asthma
Donepezil	contraindication	allergic asthma
Pentamidine	contraindication	asthma
Pentamidine	contraindication	intrinsic asthma
Pentamidine	contraindication	allergic asthma
Benzoyl peroxide	contraindication	exfoliative dermatitis
Auranofin	contraindication	exfoliative dermatitis
Clindamycin	contraindication	exfoliative dermatitis
Aurothioglucose	contraindication	exfoliative dermatitis
Erythromycin	contraindication	exfoliative dermatitis
Adapalene	contraindication	exfoliative dermatitis
Fosinopril	contraindication	potassium deficiency disease
Salmeterol	contraindication	potassium deficiency disease
Amlodipine	contraindication	potassium deficiency disease
Benazepril	contraindication	potassium deficiency disease
Hydralazine	contraindication	potassium deficiency disease
Ciprofloxacin	contraindication	potassium deficiency disease
Quinapril	contraindication	potassium deficiency disease
Itraconazole	contraindication	potassium deficiency disease
Mometasone furoate	contraindication	potassium deficiency disease
Riboflavin	contraindication	potassium deficiency disease
Methylprednisolone	contraindication	potassium deficiency disease
Ofloxacin	contraindication	potassium deficiency disease
Lumefantrine	contraindication	potassium deficiency disease
Cisapride	contraindication	potassium deficiency disease
Fluticasone propionate	contraindication	potassium deficiency disease
Oxytetracycline	contraindication	potassium deficiency disease
Chlorthalidone	contraindication	potassium deficiency disease
Lisinopril	contraindication	potassium deficiency disease
Sodium phosphate, monobasic	contraindication	potassium deficiency disease
Formoterol	contraindication	potassium deficiency disease
Bendroflumethiazide	contraindication	potassium deficiency disease
Norfloxacin	contraindication	potassium deficiency disease
Fusidic acid	contraindication	potassium deficiency disease
Bisoprolol	contraindication	potassium deficiency disease
Asenapine	contraindication	potassium deficiency disease
Aminosalicylic acid	contraindication	potassium deficiency disease
Salicylamide	contraindication	potassium deficiency disease
Pyridoxine	contraindication	potassium deficiency disease
Nilotinib	contraindication	potassium deficiency disease
Desonide	contraindication	potassium deficiency disease
Captopril	contraindication	potassium deficiency disease
Bisacodyl	contraindication	potassium deficiency disease
Ipratropium	contraindication	potassium deficiency disease
Tetracycline	contraindication	potassium deficiency disease
Edetic acid	contraindication	potassium deficiency disease
Citalopram	contraindication	potassium deficiency disease
Folic acid	contraindication	potassium deficiency disease
Chlorothiazide	contraindication	potassium deficiency disease
Hydrochlorothiazide	contraindication	potassium deficiency disease
Etacrynic acid	contraindication	potassium deficiency disease
Dipyridamole	contraindication	potassium deficiency disease
Caffeine	contraindication	potassium deficiency disease
Apomorphine	contraindication	potassium deficiency disease
Morphine	contraindication	potassium deficiency disease
Torasemide	contraindication	potassium deficiency disease
Quinidine	contraindication	potassium deficiency disease
Mesoridazine	contraindication	potassium deficiency disease
Sunitinib	contraindication	potassium deficiency disease
Methyldopa	contraindication	potassium deficiency disease
Guanethidine	contraindication	potassium deficiency disease
Flecainide	contraindication	potassium deficiency disease
Propafenone	contraindication	potassium deficiency disease
Furosemide	contraindication	potassium deficiency disease
Prednisone	contraindication	potassium deficiency disease
Propranolol	contraindication	potassium deficiency disease
Haloperidol	contraindication	potassium deficiency disease
Spironolactone	contraindication	potassium deficiency disease
Metoprolol	contraindication	potassium deficiency disease
Budesonide	contraindication	potassium deficiency disease
Epinephrine	contraindication	potassium deficiency disease
Ascorbic acid	contraindication	potassium deficiency disease
Reserpine	contraindication	potassium deficiency disease
Prednisolone	contraindication	potassium deficiency disease
Hydrocortisone	contraindication	potassium deficiency disease
Cortisone acetate	contraindication	potassium deficiency disease
Hydrocortisone acetate	contraindication	potassium deficiency disease
Dexamethasone	contraindication	potassium deficiency disease
Isotretinoin	contraindication	potassium deficiency disease
Pazopanib	contraindication	potassium deficiency disease
Vandetanib	contraindication	potassium deficiency disease
Nadolol	contraindication	potassium deficiency disease
Clonidine	contraindication	potassium deficiency disease
Pamidronic acid	contraindication	potassium deficiency disease
Sotalol	contraindication	potassium deficiency disease
Pirbuterol	contraindication	potassium deficiency disease
Bupivacaine	contraindication	potassium deficiency disease
Betamethasone	contraindication	potassium deficiency disease
Labetalol	contraindication	potassium deficiency disease
Diazoxide	contraindication	potassium deficiency disease
Levosalbutamol	contraindication	potassium deficiency disease
Atenolol	contraindication	potassium deficiency disease
Bumetanide	contraindication	potassium deficiency disease
Timolol	contraindication	potassium deficiency disease
Indapamide	contraindication	potassium deficiency disease
Amiloride	contraindication	potassium deficiency disease
Polyethylene glycol	contraindication	potassium deficiency disease
Polyethylene glycol 400	contraindication	potassium deficiency disease
Polyethylene glycol 300	contraindication	potassium deficiency disease
Polyethylene glycol 3500	contraindication	potassium deficiency disease
Eribulin	contraindication	potassium deficiency disease
Lapatinib	contraindication	potassium deficiency disease
Terbutaline	contraindication	potassium deficiency disease
Digoxin	contraindication	potassium deficiency disease
Pimozide	contraindication	potassium deficiency disease
Trazodone	contraindication	potassium deficiency disease
Amiodarone	contraindication	potassium deficiency disease
Lopinavir	contraindication	potassium deficiency disease
Telithromycin	contraindication	potassium deficiency disease
Salbutamol	contraindication	potassium deficiency disease
Erlotinib	contraindication	potassium deficiency disease
Metolazone	contraindication	potassium deficiency disease
Gemifloxacin	contraindication	potassium deficiency disease
Aliskiren	contraindication	potassium deficiency disease
Caspofungin	contraindication	potassium deficiency disease
Ibuprofen	contraindication	potassium deficiency disease
Ritonavir	contraindication	potassium deficiency disease
Moxifloxacin	contraindication	potassium deficiency disease
Vorinostat	contraindication	potassium deficiency disease
Ziprasidone	contraindication	potassium deficiency disease
Candesartan cilexetil	contraindication	potassium deficiency disease
Telmisartan	contraindication	potassium deficiency disease
Paliperidone	contraindication	potassium deficiency disease
Dronedarone	contraindication	potassium deficiency disease
Ferrous fumarate	contraindication	potassium deficiency disease
Amphotericin B	contraindication	potassium deficiency disease
Irbesartan	contraindication	potassium deficiency disease
Valsartan	contraindication	potassium deficiency disease
Voriconazole	contraindication	potassium deficiency disease
Lidocaine	contraindication	potassium deficiency disease
Methyclothiazide	contraindication	potassium deficiency disease
Cobalamin	contraindication	potassium deficiency disease
Iloperidone	contraindication	potassium deficiency disease
Eprosartan	contraindication	potassium deficiency disease
Arsenic trioxide	contraindication	potassium deficiency disease
Romidepsin	contraindication	potassium deficiency disease
Saquinavir	contraindication	potassium deficiency disease
Dextromethorphan	contraindication	potassium deficiency disease
Triamcinolone	contraindication	potassium deficiency disease
Dofetilide	contraindication	potassium deficiency disease
Losartan	contraindication	potassium deficiency disease
Triethylenetetramine	contraindication	potassium deficiency disease
Quetiapine	contraindication	potassium deficiency disease
Capreomycin	contraindication	potassium deficiency disease
Moexipril	contraindication	potassium deficiency disease
Levofloxacin	contraindication	potassium deficiency disease
Docusate	contraindication	potassium deficiency disease
Ascorbic acid	contraindication	multiple sclerosis
Zinc gluconate	contraindication	multiple sclerosis
Apraclonidine	contraindication	Diamond-Blackfan anemia
Apraclonidine	contraindication	inherited aplastic anemia
Tretinoin	contraindication	mycosis fungoides and variants
Tretinoin	contraindication	primary cutaneous T-cell lymphoma
Tretinoin	contraindication	folliculotropic mycosis fungoides
Tretinoin	contraindication	localized pagetoid reticulosis
Tretinoin	contraindication	granulomatous slack skin disease
Ciprofloxacin	contraindication	tendinitis
Ciprofloxacin	contraindication	exostosis
Ciprofloxacin	contraindication	periarthritis
Ofloxacin	contraindication	tendinitis
Ofloxacin	contraindication	exostosis
Ofloxacin	contraindication	periarthritis
Norfloxacin	contraindication	tendinitis
Norfloxacin	contraindication	exostosis
Norfloxacin	contraindication	periarthritis
Gemifloxacin	contraindication	tendinitis
Gemifloxacin	contraindication	exostosis
Gemifloxacin	contraindication	periarthritis
Moxifloxacin	contraindication	tendinitis
Moxifloxacin	contraindication	exostosis
Moxifloxacin	contraindication	periarthritis
Levofloxacin	contraindication	tendinitis
Levofloxacin	contraindication	exostosis
Levofloxacin	contraindication	periarthritis
Benzocaine	contraindication	gastritis
Guaifenesin	contraindication	gastritis
Phenyltoloxamine	contraindication	gastritis
Tiludronic acid	contraindication	gastritis
Racementhol	contraindication	gastritis
Pheniramine	contraindication	gastritis
Methylprednisolone	contraindication	gastritis
Codeine	contraindication	gastritis
Sodium phosphate, monobasic	contraindication	gastritis
Meloxicam	contraindication	gastritis
Cholecalciferol	contraindication	gastritis
Alendronic acid	contraindication	gastritis
Benzoic acid	contraindication	gastritis
Salicylamide	contraindication	gastritis
Choline magnesium trisalicylate	contraindication	gastritis
Desonide	contraindication	gastritis
Methylene blue	contraindication	gastritis
Phenylephrine	contraindication	gastritis
Caffeine	contraindication	gastritis
Salsalate	contraindication	gastritis
Prednisone	contraindication	gastritis
Budesonide	contraindication	gastritis
Prednisolone	contraindication	gastritis
Ergocalciferol	contraindication	gastritis
Phenobarbital	contraindication	gastritis
Dexamethasone	contraindication	gastritis
Dyphylline	contraindication	gastritis
Capsaicin	contraindication	gastritis
Betamethasone	contraindication	gastritis
Chloral hydrate	contraindication	gastritis
Ephedrine	contraindication	gastritis
Etidronic acid	contraindication	gastritis
Magnesium salicylate	contraindication	gastritis
Lidocaine	contraindication	gastritis
Chlorpheniramine	contraindication	gastritis
Triamcinolone	contraindication	gastritis
Ibandronate	contraindication	gastritis
Risedronic acid	contraindication	gastritis
Hyoscyamine	contraindication	gastritis
Methenamine	contraindication	gastritis
Nicotinamide	contraindication	dermatitis herpetiformis
Pheniramine	contraindication	dermatitis herpetiformis
Potassium Iodide	contraindication	dermatitis herpetiformis
Codeine	contraindication	dermatitis herpetiformis
Phenylephrine	contraindication	dermatitis herpetiformis
Theophylline	contraindication	dermatitis herpetiformis
Phenobarbital	contraindication	dermatitis herpetiformis
Ephedrine	contraindication	dermatitis herpetiformis
Chlorpheniramine	contraindication	dermatitis herpetiformis
Dextromethorphan	contraindication	dermatitis herpetiformis
Lithium citrate	contraindication	psoriasis
Lithium citrate	contraindication	parapsoriasis
Chlorthalidone	contraindication	psoriasis
Chlorthalidone	contraindication	parapsoriasis
Melatonin	contraindication	psoriasis
Melatonin	contraindication	parapsoriasis
Bisoprolol	contraindication	psoriasis
Bisoprolol	contraindication	parapsoriasis
Betaxolol	contraindication	psoriasis
Betaxolol	contraindication	parapsoriasis
Chlorothiazide	contraindication	psoriasis
Chlorothiazide	contraindication	parapsoriasis
Hydrochlorothiazide	contraindication	psoriasis
Hydrochlorothiazide	contraindication	parapsoriasis
Lindane	contraindication	psoriasis
Lindane	contraindication	parapsoriasis
Quinidine	contraindication	psoriasis
Quinidine	contraindication	parapsoriasis
Lithium carbonate	contraindication	psoriasis
Lithium carbonate	contraindication	parapsoriasis
Chloroquine	contraindication	psoriasis
Chloroquine	contraindication	parapsoriasis
Metoprolol	contraindication	psoriasis
Metoprolol	contraindication	parapsoriasis
Acebutolol	contraindication	psoriasis
Acebutolol	contraindication	parapsoriasis
Paclitaxel	contraindication	psoriasis
Paclitaxel	contraindication	parapsoriasis
Atenolol	contraindication	psoriasis
Atenolol	contraindication	parapsoriasis
Lidocaine	contraindication	psoriasis
Lidocaine	contraindication	parapsoriasis
Hydroxychloroquine	contraindication	psoriasis
Hydroxychloroquine	contraindication	parapsoriasis
Ascorbic acid	contraindication	allergic rhinitis
Ascorbic acid	contraindication	vasomotor rhinitis
Zinc gluconate	contraindication	allergic rhinitis
Zinc gluconate	contraindication	vasomotor rhinitis
Desmopressin	contraindication	allergic rhinitis
Desmopressin	contraindication	vasomotor rhinitis
Benzocaine	contraindication	herpes simplex infectious disease
Methylprednisolone	contraindication	herpes simplex infectious disease
Fluocinolone acetonide	contraindication	herpes simplex infectious disease
Acetic acid	contraindication	herpes simplex infectious disease
Desonide	contraindication	herpes simplex infectious disease
Prednisone	contraindication	herpes simplex infectious disease
Budesonide	contraindication	herpes simplex infectious disease
Prednisolone	contraindication	herpes simplex infectious disease
Hydrocortisone	contraindication	herpes simplex infectious disease
Cortisone acetate	contraindication	herpes simplex infectious disease
Hydrocortisone acetate	contraindication	herpes simplex infectious disease
Dexamethasone	contraindication	herpes simplex infectious disease
Betamethasone	contraindication	herpes simplex infectious disease
Pramocaine	contraindication	herpes simplex infectious disease
Pimecrolimus	contraindication	herpes simplex infectious disease
Lidocaine	contraindication	herpes simplex infectious disease
Triamcinolone	contraindication	herpes simplex infectious disease
Phenol	contraindication	herpes simplex infectious disease
Colistin	contraindication	herpes simplex infectious disease
Tacrolimus	contraindication	herpes simplex infectious disease
Alprostadil	contraindication	newborn respiratory distress syndrome
Alprostadil	contraindication	acute respiratory distress syndrome
Benzocaine	contraindication	sarcoidosis
Phylloquinone	contraindication	sarcoidosis
Calcium lactate	contraindication	sarcoidosis
Pravastatin	contraindication	sarcoidosis
Famotidine	contraindication	sarcoidosis
Sodium fluoride	contraindication	sarcoidosis
Potassium chloride	contraindication	sarcoidosis
Melatonin	contraindication	sarcoidosis
Didanosine	contraindication	sarcoidosis
Vitamin A	contraindication	sarcoidosis
Cholecalciferol	contraindication	sarcoidosis
Dihydrotachysterol	contraindication	sarcoidosis
Alendronic acid	contraindication	sarcoidosis
Calcium acetate	contraindication	sarcoidosis
Folic acid	contraindication	sarcoidosis
Biotin	contraindication	sarcoidosis
Serine	contraindication	sarcoidosis
Glycine	contraindication	sarcoidosis
Magnesium carbonate	contraindication	sarcoidosis
Ascorbic acid	contraindication	sarcoidosis
Ergocalciferol	contraindication	sarcoidosis
Phenobarbital	contraindication	sarcoidosis
Ribavirin	contraindication	sarcoidosis
Magnesium citrate	contraindication	sarcoidosis
Calcitriol	contraindication	sarcoidosis
Calcium gluconate	contraindication	sarcoidosis
Calcium glucoheptonate	contraindication	sarcoidosis
Calcium glycerophosphate	contraindication	sarcoidosis
Calcifediol	contraindication	sarcoidosis
Cianidanol	contraindication	sarcoidosis
Ferrous fumarate	contraindication	sarcoidosis
Magnesium oxide	contraindication	sarcoidosis
Magnesium hydroxide	contraindication	sarcoidosis
Risedronic acid	contraindication	sarcoidosis
Calcium chloride	contraindication	sarcoidosis
Fosinopril	contraindication	diabetes mellitus (disease)
Fosinopril	contraindication	diabetic ketoacidosis
Pyrazinamide	contraindication	diabetes mellitus (disease)
Pyrazinamide	contraindication	diabetic ketoacidosis
Nicotinamide	contraindication	diabetes mellitus (disease)
Nicotinamide	contraindication	diabetic ketoacidosis
Estradiol valerate	contraindication	diabetes mellitus (disease)
Estradiol valerate	contraindication	diabetic ketoacidosis
Disulfiram	contraindication	diabetes mellitus (disease)
Disulfiram	contraindication	diabetic ketoacidosis
Benzoyl peroxide	contraindication	diabetes mellitus (disease)
Benzoyl peroxide	contraindication	diabetic ketoacidosis
Benzocaine	contraindication	diabetes mellitus (disease)
Benzocaine	contraindication	diabetic ketoacidosis
Synephrine	contraindication	diabetes mellitus (disease)
Synephrine	contraindication	diabetic ketoacidosis
Guaifenesin	contraindication	diabetes mellitus (disease)
Guaifenesin	contraindication	diabetic ketoacidosis
Phenyltoloxamine	contraindication	diabetes mellitus (disease)
Phenyltoloxamine	contraindication	diabetic ketoacidosis
Mepyramine	contraindication	diabetes mellitus (disease)
Mepyramine	contraindication	diabetic ketoacidosis
Antazoline	contraindication	diabetes mellitus (disease)
Antazoline	contraindication	diabetic ketoacidosis
Polyvinyl alcohol	contraindication	diabetes mellitus (disease)
Polyvinyl alcohol	contraindication	diabetic ketoacidosis
Pseudoephedrine	contraindication	diabetes mellitus (disease)
Pseudoephedrine	contraindication	diabetic ketoacidosis
Guaiacol	contraindication	diabetes mellitus (disease)
Guaiacol	contraindication	diabetic ketoacidosis
Salmeterol	contraindication	diabetes mellitus (disease)
Salmeterol	contraindication	diabetic ketoacidosis
Racementhol	contraindication	diabetes mellitus (disease)
Racementhol	contraindication	diabetic ketoacidosis
Amlodipine	contraindication	diabetes mellitus (disease)
Amlodipine	contraindication	diabetic ketoacidosis
Acrivastine	contraindication	diabetes mellitus (disease)
Acrivastine	contraindication	diabetic ketoacidosis
Inositol	contraindication	diabetes mellitus (disease)
Inositol	contraindication	diabetic ketoacidosis
Benazepril	contraindication	diabetes mellitus (disease)
Benazepril	contraindication	diabetic ketoacidosis
Hydralazine	contraindication	diabetes mellitus (disease)
Hydralazine	contraindication	diabetic ketoacidosis
Brompheniramine	contraindication	diabetes mellitus (disease)
Brompheniramine	contraindication	diabetic ketoacidosis
Pheniramine	contraindication	diabetes mellitus (disease)
Pheniramine	contraindication	diabetic ketoacidosis
Quinapril	contraindication	diabetes mellitus (disease)
Quinapril	contraindication	diabetic ketoacidosis
Phylloquinone	contraindication	diabetes mellitus (disease)
Phylloquinone	contraindication	diabetic ketoacidosis
Tetryzoline	contraindication	diabetes mellitus (disease)
Tetryzoline	contraindication	diabetic ketoacidosis
Mometasone furoate	contraindication	diabetes mellitus (disease)
Mometasone furoate	contraindication	diabetic ketoacidosis
Cetirizine	contraindication	diabetes mellitus (disease)
Cetirizine	contraindication	diabetic ketoacidosis
Fexofenadine	contraindication	diabetes mellitus (disease)
Fexofenadine	contraindication	diabetic ketoacidosis
Octreotide	contraindication	diabetes mellitus (disease)
Octreotide	contraindication	diabetic ketoacidosis
Methylprednisolone	contraindication	diabetes mellitus (disease)
Methylprednisolone	contraindication	diabetic ketoacidosis
Ofloxacin	contraindication	diabetes mellitus (disease)
Ofloxacin	contraindication	diabetic ketoacidosis
Chlorcyclizine	contraindication	diabetes mellitus (disease)
Chlorcyclizine	contraindication	diabetic ketoacidosis
Cyclizine	contraindication	diabetes mellitus (disease)
Cyclizine	contraindication	diabetic ketoacidosis
Esmolol	contraindication	diabetes mellitus (disease)
Esmolol	contraindication	diabetic ketoacidosis
Fluticasone propionate	contraindication	diabetes mellitus (disease)
Fluticasone propionate	contraindication	diabetic ketoacidosis
Simvastatin	contraindication	diabetes mellitus (disease)
Simvastatin	contraindication	diabetic ketoacidosis
Loratadine	contraindication	diabetes mellitus (disease)
Loratadine	contraindication	diabetic ketoacidosis
Levonorgestrel	contraindication	diabetes mellitus (disease)
Levonorgestrel	contraindication	diabetic ketoacidosis
Clofedanol	contraindication	diabetes mellitus (disease)
Clofedanol	contraindication	diabetic ketoacidosis
Tromethamine	contraindication	diabetes mellitus (disease)
Tromethamine	contraindication	diabetic ketoacidosis
Pentoxyverine	contraindication	diabetes mellitus (disease)
Pentoxyverine	contraindication	diabetic ketoacidosis
Nafarelin	contraindication	diabetes mellitus (disease)
Nafarelin	contraindication	diabetic ketoacidosis
Isoprenaline	contraindication	diabetes mellitus (disease)
Isoprenaline	contraindication	diabetic ketoacidosis
Potassium Iodide	contraindication	diabetes mellitus (disease)
Potassium Iodide	contraindication	diabetic ketoacidosis
Histrelin	contraindication	diabetes mellitus (disease)
Histrelin	contraindication	diabetic ketoacidosis
Ammonia	contraindication	diabetes mellitus (disease)
Ammonia	contraindication	diabetic ketoacidosis
Lisinopril	contraindication	diabetes mellitus (disease)
Lisinopril	contraindication	diabetic ketoacidosis
Codeine	contraindication	diabetes mellitus (disease)
Codeine	contraindication	diabetic ketoacidosis
Fluoxymesterone	contraindication	diabetes mellitus (disease)
Fluoxymesterone	contraindication	diabetic ketoacidosis
Sodium phosphate, monobasic	contraindication	diabetes mellitus (disease)
Sodium phosphate, monobasic	contraindication	diabetic ketoacidosis
Lovastatin	contraindication	diabetes mellitus (disease)
Lovastatin	contraindication	diabetic ketoacidosis
Ketorolac	contraindication	diabetes mellitus (disease)
Ketorolac	contraindication	diabetic ketoacidosis
Formoterol	contraindication	diabetes mellitus (disease)
Formoterol	contraindication	diabetic ketoacidosis
Bendroflumethiazide	contraindication	diabetes mellitus (disease)
Bendroflumethiazide	contraindication	diabetic ketoacidosis
Carvedilol	contraindication	diabetes mellitus (disease)
Carvedilol	contraindication	diabetic ketoacidosis
Prilocaine	contraindication	diabetes mellitus (disease)
Prilocaine	contraindication	diabetic ketoacidosis
Mestranol	contraindication	diabetes mellitus (disease)
Mestranol	contraindication	diabetic ketoacidosis
Meloxicam	contraindication	diabetes mellitus (disease)
Meloxicam	contraindication	diabetic ketoacidosis
Medroxyprogesterone acetate	contraindication	diabetes mellitus (disease)
Medroxyprogesterone acetate	contraindication	diabetic ketoacidosis
Norfloxacin	contraindication	diabetes mellitus (disease)
Norfloxacin	contraindication	diabetic ketoacidosis
Fusidic acid	contraindication	diabetes mellitus (disease)
Fusidic acid	contraindication	diabetic ketoacidosis
Didanosine	contraindication	diabetes mellitus (disease)
Didanosine	contraindication	diabetic ketoacidosis
Liothyronine	contraindication	diabetes mellitus (disease)
Liothyronine	contraindication	diabetic ketoacidosis
Hydroxyzine	contraindication	diabetes mellitus (disease)
Hydroxyzine	contraindication	diabetic ketoacidosis
Norethisterone	contraindication	diabetes mellitus (disease)
Norethisterone	contraindication	diabetic ketoacidosis
Drospirenone	contraindication	diabetes mellitus (disease)
Drospirenone	contraindication	diabetic ketoacidosis
Cholecalciferol	contraindication	diabetes mellitus (disease)
Cholecalciferol	contraindication	diabetic ketoacidosis
Bisoprolol	contraindication	diabetes mellitus (disease)
Bisoprolol	contraindication	diabetic ketoacidosis
Goserelin	contraindication	diabetes mellitus (disease)
Goserelin	contraindication	diabetic ketoacidosis
Asenapine	contraindication	diabetes mellitus (disease)
Asenapine	contraindication	diabetic ketoacidosis
Inositol nicotinate	contraindication	diabetes mellitus (disease)
Inositol nicotinate	contraindication	diabetic ketoacidosis
Benzoic acid	contraindication	diabetes mellitus (disease)
Benzoic acid	contraindication	diabetic ketoacidosis
Salicylamide	contraindication	diabetes mellitus (disease)
Salicylamide	contraindication	diabetic ketoacidosis
Pyridoxine	contraindication	diabetes mellitus (disease)
Pyridoxine	contraindication	diabetic ketoacidosis
Choline magnesium trisalicylate	contraindication	diabetes mellitus (disease)
Choline magnesium trisalicylate	contraindication	diabetic ketoacidosis
Nilotinib	contraindication	diabetes mellitus (disease)
Nilotinib	contraindication	diabetic ketoacidosis
Desonide	contraindication	diabetes mellitus (disease)
Desonide	contraindication	diabetic ketoacidosis
Betaxolol	contraindication	diabetes mellitus (disease)
Betaxolol	contraindication	diabetic ketoacidosis
Captopril	contraindication	diabetes mellitus (disease)
Captopril	contraindication	diabetic ketoacidosis
Methylene blue	contraindication	diabetes mellitus (disease)
Methylene blue	contraindication	diabetic ketoacidosis
Ipratropium	contraindication	diabetes mellitus (disease)
Ipratropium	contraindication	diabetic ketoacidosis
Tetracycline	contraindication	diabetes mellitus (disease)
Tetracycline	contraindication	diabetic ketoacidosis
Brimonidine	contraindication	diabetes mellitus (disease)
Brimonidine	contraindication	diabetic ketoacidosis
Megestrol acetate	contraindication	diabetes mellitus (disease)
Megestrol acetate	contraindication	diabetic ketoacidosis
Acyclovir	contraindication	diabetes mellitus (disease)
Acyclovir	contraindication	diabetic ketoacidosis
Levodopa	contraindication	diabetes mellitus (disease)
Levodopa	contraindication	diabetic ketoacidosis
Isocarboxazid	contraindication	diabetes mellitus (disease)
Isocarboxazid	contraindication	diabetic ketoacidosis
Phenylephrine	contraindication	diabetes mellitus (disease)
Phenylephrine	contraindication	diabetic ketoacidosis
Folic acid	contraindication	diabetes mellitus (disease)
Folic acid	contraindication	diabetic ketoacidosis
Orciprenaline	contraindication	diabetes mellitus (disease)
Orciprenaline	contraindication	diabetic ketoacidosis
Chlorothiazide	contraindication	diabetes mellitus (disease)
Chlorothiazide	contraindication	diabetic ketoacidosis
Hydrochlorothiazide	contraindication	diabetes mellitus (disease)
Hydrochlorothiazide	contraindication	diabetic ketoacidosis
Theophylline	contraindication	diabetes mellitus (disease)
Theophylline	contraindication	diabetic ketoacidosis
Etacrynic acid	contraindication	diabetes mellitus (disease)
Etacrynic acid	contraindication	diabetic ketoacidosis
Chlordiazepoxide	contraindication	diabetes mellitus (disease)
Chlordiazepoxide	contraindication	diabetic ketoacidosis
Testosterone	contraindication	diabetes mellitus (disease)
Testosterone	contraindication	diabetic ketoacidosis
Testosterone cypionate	contraindication	diabetes mellitus (disease)
Testosterone cypionate	contraindication	diabetic ketoacidosis
Methyltestosterone	contraindication	diabetes mellitus (disease)
Methyltestosterone	contraindication	diabetic ketoacidosis
Caffeine	contraindication	diabetes mellitus (disease)
Caffeine	contraindication	diabetic ketoacidosis
Testosterone propionate	contraindication	diabetes mellitus (disease)
Testosterone propionate	contraindication	diabetic ketoacidosis
Progesterone	contraindication	diabetes mellitus (disease)
Progesterone	contraindication	diabetic ketoacidosis
Ethinylestradiol	contraindication	diabetes mellitus (disease)
Ethinylestradiol	contraindication	diabetic ketoacidosis
Meprobamate	contraindication	diabetes mellitus (disease)
Meprobamate	contraindication	diabetic ketoacidosis
Physostigmine	contraindication	diabetes mellitus (disease)
Physostigmine	contraindication	diabetic ketoacidosis
Phenytoin	contraindication	diabetes mellitus (disease)
Phenytoin	contraindication	diabetic ketoacidosis
Serine	contraindication	diabetes mellitus (disease)
Serine	contraindication	diabetic ketoacidosis
Nitazoxanide	contraindication	diabetes mellitus (disease)
Nitazoxanide	contraindication	diabetic ketoacidosis
Methyldopa	contraindication	diabetes mellitus (disease)
Methyldopa	contraindication	diabetic ketoacidosis
Salsalate	contraindication	diabetes mellitus (disease)
Salsalate	contraindication	diabetic ketoacidosis
Dinoprost	contraindication	diabetes mellitus (disease)
Dinoprost	contraindication	diabetic ketoacidosis
Guanethidine	contraindication	diabetes mellitus (disease)
Guanethidine	contraindication	diabetic ketoacidosis
Fluoxetine	contraindication	diabetes mellitus (disease)
Fluoxetine	contraindication	diabetic ketoacidosis
Isoniazid	contraindication	diabetes mellitus (disease)
Isoniazid	contraindication	diabetic ketoacidosis
Furosemide	contraindication	diabetes mellitus (disease)
Furosemide	contraindication	diabetic ketoacidosis
Nicotine	contraindication	diabetes mellitus (disease)
Nicotine	contraindication	diabetic ketoacidosis
Leuprolide	contraindication	diabetes mellitus (disease)
Leuprolide	contraindication	diabetic ketoacidosis
Ethionamide	contraindication	diabetes mellitus (disease)
Ethionamide	contraindication	diabetic ketoacidosis
Sirolimus	contraindication	diabetes mellitus (disease)
Sirolimus	contraindication	diabetic ketoacidosis
Estrone	contraindication	diabetes mellitus (disease)
Estrone	contraindication	diabetic ketoacidosis
Prednisone	contraindication	diabetes mellitus (disease)
Prednisone	contraindication	diabetic ketoacidosis
Xylometazoline	contraindication	diabetes mellitus (disease)
Xylometazoline	contraindication	diabetic ketoacidosis
Propranolol	contraindication	diabetes mellitus (disease)
Propranolol	contraindication	diabetic ketoacidosis
Dimenhydrinate	contraindication	diabetes mellitus (disease)
Dimenhydrinate	contraindication	diabetic ketoacidosis
Prednisolone acetate	contraindication	diabetes mellitus (disease)
Prednisolone acetate	contraindication	diabetic ketoacidosis
Spironolactone	contraindication	diabetes mellitus (disease)
Spironolactone	contraindication	diabetic ketoacidosis
Carteolol	contraindication	diabetes mellitus (disease)
Carteolol	contraindication	diabetic ketoacidosis
Metoprolol	contraindication	diabetes mellitus (disease)
Metoprolol	contraindication	diabetic ketoacidosis
Budesonide	contraindication	diabetes mellitus (disease)
Budesonide	contraindication	diabetic ketoacidosis
Cyclopentolate	contraindication	diabetes mellitus (disease)
Cyclopentolate	contraindication	diabetic ketoacidosis
Phenelzine	contraindication	diabetes mellitus (disease)
Phenelzine	contraindication	diabetic ketoacidosis
Levothyroxine	contraindication	diabetes mellitus (disease)
Levothyroxine	contraindication	diabetic ketoacidosis
Histamine	contraindication	diabetes mellitus (disease)
Histamine	contraindication	diabetic ketoacidosis
Epinephrine	contraindication	diabetes mellitus (disease)
Epinephrine	contraindication	diabetic ketoacidosis
Scopolamine	contraindication	diabetes mellitus (disease)
Scopolamine	contraindication	diabetic ketoacidosis
Terfenadine	contraindication	diabetes mellitus (disease)
Terfenadine	contraindication	diabetic ketoacidosis
Ascorbic acid	contraindication	diabetes mellitus (disease)
Ascorbic acid	contraindication	diabetic ketoacidosis
Reserpine	contraindication	diabetes mellitus (disease)
Reserpine	contraindication	diabetic ketoacidosis
Estradiol	contraindication	diabetes mellitus (disease)
Estradiol	contraindication	diabetic ketoacidosis
Prednisolone	contraindication	diabetes mellitus (disease)
Prednisolone	contraindication	diabetic ketoacidosis
Hydrocortisone	contraindication	diabetes mellitus (disease)
Hydrocortisone	contraindication	diabetic ketoacidosis
Ergocalciferol	contraindication	diabetes mellitus (disease)
Ergocalciferol	contraindication	diabetic ketoacidosis
Phenobarbital	contraindication	diabetes mellitus (disease)
Phenobarbital	contraindication	diabetic ketoacidosis
Cortisone acetate	contraindication	diabetes mellitus (disease)
Cortisone acetate	contraindication	diabetic ketoacidosis
Hydrocortisone acetate	contraindication	diabetes mellitus (disease)
Hydrocortisone acetate	contraindication	diabetic ketoacidosis
Dexamethasone	contraindication	diabetes mellitus (disease)
Dexamethasone	contraindication	diabetic ketoacidosis
Carbinoxamine	contraindication	diabetes mellitus (disease)
Carbinoxamine	contraindication	diabetic ketoacidosis
Triprolidine	contraindication	diabetes mellitus (disease)
Triprolidine	contraindication	diabetic ketoacidosis
Dyphylline	contraindication	diabetes mellitus (disease)
Dyphylline	contraindication	diabetic ketoacidosis
Isotretinoin	contraindication	diabetes mellitus (disease)
Isotretinoin	contraindication	diabetic ketoacidosis
Levobunolol	contraindication	diabetes mellitus (disease)
Levobunolol	contraindication	diabetic ketoacidosis
Doxylamine	contraindication	diabetes mellitus (disease)
Doxylamine	contraindication	diabetic ketoacidosis
Lactulose	contraindication	diabetes mellitus (disease)
Lactulose	contraindication	diabetic ketoacidosis
Metronidazole	contraindication	diabetes mellitus (disease)
Metronidazole	contraindication	diabetic ketoacidosis
Oxymetholone	contraindication	diabetes mellitus (disease)
Oxymetholone	contraindication	diabetic ketoacidosis
Fluorometholone	contraindication	diabetes mellitus (disease)
Fluorometholone	contraindication	diabetic ketoacidosis
Nadolol	contraindication	diabetes mellitus (disease)
Nadolol	contraindication	diabetic ketoacidosis
Fenofibric acid	contraindication	diabetes mellitus (disease)
Fenofibric acid	contraindication	diabetic ketoacidosis
Capsaicin	contraindication	diabetes mellitus (disease)
Capsaicin	contraindication	diabetic ketoacidosis
Azatadine	contraindication	diabetes mellitus (disease)
Azatadine	contraindication	diabetic ketoacidosis
Triamterene	contraindication	diabetes mellitus (disease)
Triamterene	contraindication	diabetic ketoacidosis
Sotalol	contraindication	diabetes mellitus (disease)
Sotalol	contraindication	diabetic ketoacidosis
Pirbuterol	contraindication	diabetes mellitus (disease)
Pirbuterol	contraindication	diabetic ketoacidosis
Bupivacaine	contraindication	diabetes mellitus (disease)
Bupivacaine	contraindication	diabetic ketoacidosis
Penbutolol	contraindication	diabetes mellitus (disease)
Penbutolol	contraindication	diabetic ketoacidosis
Betamethasone	contraindication	diabetes mellitus (disease)
Betamethasone	contraindication	diabetic ketoacidosis
Acebutolol	contraindication	diabetes mellitus (disease)
Acebutolol	contraindication	diabetic ketoacidosis
Telavancin	contraindication	diabetes mellitus (disease)
Telavancin	contraindication	diabetic ketoacidosis
Labetalol	contraindication	diabetes mellitus (disease)
Labetalol	contraindication	diabetic ketoacidosis
Lurasidone	contraindication	diabetes mellitus (disease)
Lurasidone	contraindication	diabetic ketoacidosis
Diazoxide	contraindication	diabetes mellitus (disease)
Diazoxide	contraindication	diabetic ketoacidosis
Dinoprostone	contraindication	diabetes mellitus (disease)
Dinoprostone	contraindication	diabetic ketoacidosis
Fluocinonide	contraindication	diabetes mellitus (disease)
Fluocinonide	contraindication	diabetic ketoacidosis
Norgestimate	contraindication	diabetes mellitus (disease)
Norgestimate	contraindication	diabetic ketoacidosis
Levosalbutamol	contraindication	diabetes mellitus (disease)
Levosalbutamol	contraindication	diabetic ketoacidosis
Auranofin	contraindication	diabetes mellitus (disease)
Auranofin	contraindication	diabetic ketoacidosis
Paclitaxel	contraindication	diabetes mellitus (disease)
Paclitaxel	contraindication	diabetic ketoacidosis
Tobramycin	contraindication	diabetes mellitus (disease)
Tobramycin	contraindication	diabetic ketoacidosis
Levomefolic acid	contraindication	diabetes mellitus (disease)
Levomefolic acid	contraindication	diabetic ketoacidosis
Testosterone enanthate	contraindication	diabetes mellitus (disease)
Testosterone enanthate	contraindication	diabetic ketoacidosis
Estradiol cypionate	contraindication	diabetes mellitus (disease)
Estradiol cypionate	contraindication	diabetic ketoacidosis
Stavudine	contraindication	diabetes mellitus (disease)
Stavudine	contraindication	diabetic ketoacidosis
Tretinoin	contraindication	diabetes mellitus (disease)
Tretinoin	contraindication	diabetic ketoacidosis
Amphetamine	contraindication	diabetes mellitus (disease)
Amphetamine	contraindication	diabetic ketoacidosis
Estramustine	contraindication	diabetes mellitus (disease)
Estramustine	contraindication	diabetic ketoacidosis
Ephedrine	contraindication	diabetes mellitus (disease)
Ephedrine	contraindication	diabetic ketoacidosis
Carbidopa	contraindication	diabetes mellitus (disease)
Carbidopa	contraindication	diabetic ketoacidosis
Bumetanide	contraindication	diabetes mellitus (disease)
Bumetanide	contraindication	diabetic ketoacidosis
Tramadol	contraindication	diabetes mellitus (disease)
Tramadol	contraindication	diabetic ketoacidosis
Timolol	contraindication	diabetes mellitus (disease)
Timolol	contraindication	diabetic ketoacidosis
Indapamide	contraindication	diabetes mellitus (disease)
Indapamide	contraindication	diabetic ketoacidosis
Amiloride	contraindication	diabetes mellitus (disease)
Amiloride	contraindication	diabetic ketoacidosis
Dexchlorpheniramine	contraindication	diabetes mellitus (disease)
Dexchlorpheniramine	contraindication	diabetic ketoacidosis
Polyethylene glycol	contraindication	diabetes mellitus (disease)
Polyethylene glycol	contraindication	diabetic ketoacidosis
Polyethylene glycol 400	contraindication	diabetes mellitus (disease)
Polyethylene glycol 400	contraindication	diabetic ketoacidosis
Polyethylene glycol 300	contraindication	diabetes mellitus (disease)
Polyethylene glycol 300	contraindication	diabetic ketoacidosis
Polyethylene glycol 3500	contraindication	diabetes mellitus (disease)
Polyethylene glycol 3500	contraindication	diabetic ketoacidosis
Clobetasol propionate	contraindication	diabetes mellitus (disease)
Clobetasol propionate	contraindication	diabetic ketoacidosis
Decitabine	contraindication	diabetes mellitus (disease)
Decitabine	contraindication	diabetic ketoacidosis
Terbutaline	contraindication	diabetes mellitus (disease)
Terbutaline	contraindication	diabetic ketoacidosis
Fosamprenavir	contraindication	diabetes mellitus (disease)
Fosamprenavir	contraindication	diabetic ketoacidosis
Metipranolol	contraindication	diabetes mellitus (disease)
Metipranolol	contraindication	diabetic ketoacidosis
Naproxen	contraindication	diabetes mellitus (disease)
Naproxen	contraindication	diabetic ketoacidosis
Ixabepilone	contraindication	diabetes mellitus (disease)
Ixabepilone	contraindication	diabetic ketoacidosis
Darunavir	contraindication	diabetes mellitus (disease)
Darunavir	contraindication	diabetic ketoacidosis
Atazanavir	contraindication	diabetes mellitus (disease)
Atazanavir	contraindication	diabetic ketoacidosis
Lopinavir	contraindication	diabetes mellitus (disease)
Lopinavir	contraindication	diabetic ketoacidosis
Magnesium salicylate	contraindication	diabetes mellitus (disease)
Magnesium salicylate	contraindication	diabetic ketoacidosis
Salbutamol	contraindication	diabetes mellitus (disease)
Salbutamol	contraindication	diabetic ketoacidosis
Bortezomib	contraindication	diabetes mellitus (disease)
Bortezomib	contraindication	diabetic ketoacidosis
Metolazone	contraindication	diabetes mellitus (disease)
Metolazone	contraindication	diabetic ketoacidosis
Tipranavir	contraindication	diabetes mellitus (disease)
Tipranavir	contraindication	diabetic ketoacidosis
Aliskiren	contraindication	diabetes mellitus (disease)
Aliskiren	contraindication	diabetic ketoacidosis
Temsirolimus	contraindication	diabetes mellitus (disease)
Temsirolimus	contraindication	diabetic ketoacidosis
Fingolimod	contraindication	diabetes mellitus (disease)
Fingolimod	contraindication	diabetic ketoacidosis
Amprenavir	contraindication	diabetes mellitus (disease)
Amprenavir	contraindication	diabetic ketoacidosis
Nelfinavir	contraindication	diabetes mellitus (disease)
Nelfinavir	contraindication	diabetic ketoacidosis
Everolimus	contraindication	diabetes mellitus (disease)
Everolimus	contraindication	diabetic ketoacidosis
Frovatriptan	contraindication	diabetes mellitus (disease)
Frovatriptan	contraindication	diabetic ketoacidosis
Ibuprofen	contraindication	diabetes mellitus (disease)
Ibuprofen	contraindication	diabetic ketoacidosis
Benzphetamine	contraindication	diabetes mellitus (disease)
Benzphetamine	contraindication	diabetic ketoacidosis
Ritonavir	contraindication	diabetes mellitus (disease)
Ritonavir	contraindication	diabetic ketoacidosis
Tranylcypromine	contraindication	diabetes mellitus (disease)
Tranylcypromine	contraindication	diabetic ketoacidosis
Almotriptan	contraindication	diabetes mellitus (disease)
Almotriptan	contraindication	diabetic ketoacidosis
Bexarotene	contraindication	diabetes mellitus (disease)
Bexarotene	contraindication	diabetic ketoacidosis
Diclofenac	contraindication	diabetes mellitus (disease)
Diclofenac	contraindication	diabetic ketoacidosis
Imatinib	contraindication	diabetes mellitus (disease)
Imatinib	contraindication	diabetic ketoacidosis
Quinestrol	contraindication	diabetes mellitus (disease)
Quinestrol	contraindication	diabetic ketoacidosis
Tropicamide	contraindication	diabetes mellitus (disease)
Tropicamide	contraindication	diabetic ketoacidosis
Indinavir	contraindication	diabetes mellitus (disease)
Indinavir	contraindication	diabetic ketoacidosis
Vorinostat	contraindication	diabetes mellitus (disease)
Vorinostat	contraindication	diabetic ketoacidosis
Oxymetazoline	contraindication	diabetes mellitus (disease)
Oxymetazoline	contraindication	diabetic ketoacidosis
Bismuth subsalicylate	contraindication	diabetes mellitus (disease)
Bismuth subsalicylate	contraindication	diabetic ketoacidosis
Ziprasidone	contraindication	diabetes mellitus (disease)
Ziprasidone	contraindication	diabetic ketoacidosis
Candesartan cilexetil	contraindication	diabetes mellitus (disease)
Candesartan cilexetil	contraindication	diabetic ketoacidosis
Telmisartan	contraindication	diabetes mellitus (disease)
Telmisartan	contraindication	diabetic ketoacidosis
Paliperidone	contraindication	diabetes mellitus (disease)
Paliperidone	contraindication	diabetic ketoacidosis
Sulfacetamide	contraindication	diabetes mellitus (disease)
Sulfacetamide	contraindication	diabetic ketoacidosis
Eletriptan	contraindication	diabetes mellitus (disease)
Eletriptan	contraindication	diabetic ketoacidosis
Ferrous fumarate	contraindication	diabetes mellitus (disease)
Ferrous fumarate	contraindication	diabetic ketoacidosis
Bacitracin	contraindication	diabetes mellitus (disease)
Bacitracin	contraindication	diabetic ketoacidosis
Pramocaine	contraindication	diabetes mellitus (disease)
Pramocaine	contraindication	diabetic ketoacidosis
Irbesartan	contraindication	diabetes mellitus (disease)
Irbesartan	contraindication	diabetic ketoacidosis
Valsartan	contraindication	diabetes mellitus (disease)
Valsartan	contraindication	diabetic ketoacidosis
Lidocaine	contraindication	diabetes mellitus (disease)
Lidocaine	contraindication	diabetic ketoacidosis
Pindolol	contraindication	diabetes mellitus (disease)
Pindolol	contraindication	diabetic ketoacidosis
Methyclothiazide	contraindication	diabetes mellitus (disease)
Methyclothiazide	contraindication	diabetic ketoacidosis
Iloperidone	contraindication	diabetes mellitus (disease)
Iloperidone	contraindication	diabetic ketoacidosis
Eprosartan	contraindication	diabetes mellitus (disease)
Eprosartan	contraindication	diabetic ketoacidosis
Rifampicin	contraindication	diabetes mellitus (disease)
Rifampicin	contraindication	diabetic ketoacidosis
Methscopolamine	contraindication	diabetes mellitus (disease)
Methscopolamine	contraindication	diabetic ketoacidosis
Olanzapine	contraindication	diabetes mellitus (disease)
Olanzapine	contraindication	diabetic ketoacidosis
Chlorpheniramine	contraindication	diabetes mellitus (disease)
Chlorpheniramine	contraindication	diabetic ketoacidosis
Dexbrompheniramine	contraindication	diabetes mellitus (disease)
Dexbrompheniramine	contraindication	diabetic ketoacidosis
Entacapone	contraindication	diabetes mellitus (disease)
Entacapone	contraindication	diabetic ketoacidosis
Aripiprazole	contraindication	diabetes mellitus (disease)
Aripiprazole	contraindication	diabetic ketoacidosis
Saquinavir	contraindication	diabetes mellitus (disease)
Saquinavir	contraindication	diabetic ketoacidosis
Dextromethorphan	contraindication	diabetes mellitus (disease)
Dextromethorphan	contraindication	diabetic ketoacidosis
Hydrocodone	contraindication	diabetes mellitus (disease)
Hydrocodone	contraindication	diabetic ketoacidosis
Dihydrocodeine	contraindication	diabetes mellitus (disease)
Dihydrocodeine	contraindication	diabetic ketoacidosis
Triamcinolone	contraindication	diabetes mellitus (disease)
Triamcinolone	contraindication	diabetic ketoacidosis
Aurothioglucose	contraindication	diabetes mellitus (disease)
Aurothioglucose	contraindication	diabetic ketoacidosis
Naratriptan	contraindication	diabetes mellitus (disease)
Naratriptan	contraindication	diabetic ketoacidosis
Dorzolamide	contraindication	diabetes mellitus (disease)
Dorzolamide	contraindication	diabetic ketoacidosis
Tranexamic acid	contraindication	diabetes mellitus (disease)
Tranexamic acid	contraindication	diabetic ketoacidosis
Nebivolol	contraindication	diabetes mellitus (disease)
Nebivolol	contraindication	diabetic ketoacidosis
Losartan	contraindication	diabetes mellitus (disease)
Losartan	contraindication	diabetic ketoacidosis
Quetiapine	contraindication	diabetes mellitus (disease)
Quetiapine	contraindication	diabetic ketoacidosis
Phenol	contraindication	diabetes mellitus (disease)
Phenol	contraindication	diabetic ketoacidosis
Resorcinol	contraindication	diabetes mellitus (disease)
Resorcinol	contraindication	diabetic ketoacidosis
Sibutramine	contraindication	diabetes mellitus (disease)
Sibutramine	contraindication	diabetic ketoacidosis
Risperidone	contraindication	diabetes mellitus (disease)
Risperidone	contraindication	diabetic ketoacidosis
Tacrolimus	contraindication	diabetes mellitus (disease)
Tacrolimus	contraindication	diabetic ketoacidosis
Stanozolol	contraindication	diabetes mellitus (disease)
Stanozolol	contraindication	diabetic ketoacidosis
Moexipril	contraindication	diabetes mellitus (disease)
Moexipril	contraindication	diabetic ketoacidosis
Sumatriptan	contraindication	diabetes mellitus (disease)
Sumatriptan	contraindication	diabetic ketoacidosis
Hyoscyamine	contraindication	diabetes mellitus (disease)
Hyoscyamine	contraindication	diabetic ketoacidosis
Levofloxacin	contraindication	diabetes mellitus (disease)
Levofloxacin	contraindication	diabetic ketoacidosis
Desloratadine	contraindication	diabetes mellitus (disease)
Desloratadine	contraindication	diabetic ketoacidosis
Methenamine	contraindication	diabetes mellitus (disease)
Methenamine	contraindication	diabetic ketoacidosis
Benzyl alcohol	contraindication	diabetes mellitus (disease)
Benzyl alcohol	contraindication	diabetic ketoacidosis
Pentamidine	contraindication	diabetes mellitus (disease)
Pentamidine	contraindication	diabetic ketoacidosis
Amantadine	contraindication	melanoma
Levodopa	contraindication	melanoma
Methoxsalen	contraindication	melanoma
Carbidopa	contraindication	melanoma
Selegiline	contraindication	melanoma
Rasagiline	contraindication	melanoma
Tolcapone	contraindication	melanoma
Entacapone	contraindication	melanoma
Pramipexole	contraindication	melanoma
Leflunomide	contraindication	chronic hepatitis C virus infection
Leflunomide	contraindication	hepatitis C virus infection
Buprenorphine	contraindication	chronic hepatitis C virus infection
Buprenorphine	contraindication	hepatitis C virus infection
Naloxone	contraindication	chronic hepatitis C virus infection
Naloxone	contraindication	hepatitis C virus infection
Etravirine	contraindication	chronic hepatitis C virus infection
Etravirine	contraindication	hepatitis C virus infection
Fosamprenavir	contraindication	chronic hepatitis C virus infection
Fosamprenavir	contraindication	hepatitis C virus infection
Darunavir	contraindication	chronic hepatitis C virus infection
Darunavir	contraindication	hepatitis C virus infection
Tenofovir disoproxil	contraindication	chronic hepatitis C virus infection
Tenofovir disoproxil	contraindication	hepatitis C virus infection
Atazanavir	contraindication	chronic hepatitis C virus infection
Atazanavir	contraindication	hepatitis C virus infection
Lopinavir	contraindication	chronic hepatitis C virus infection
Lopinavir	contraindication	hepatitis C virus infection
Tipranavir	contraindication	chronic hepatitis C virus infection
Tipranavir	contraindication	hepatitis C virus infection
Amprenavir	contraindication	chronic hepatitis C virus infection
Amprenavir	contraindication	hepatitis C virus infection
Efavirenz	contraindication	chronic hepatitis C virus infection
Efavirenz	contraindication	hepatitis C virus infection
Tenofovir	contraindication	chronic hepatitis C virus infection
Tenofovir	contraindication	hepatitis C virus infection
Emtricitabine	contraindication	chronic hepatitis C virus infection
Emtricitabine	contraindication	hepatitis C virus infection
Nevirapine	contraindication	chronic hepatitis C virus infection
Nevirapine	contraindication	hepatitis C virus infection
Saquinavir	contraindication	chronic hepatitis C virus infection
Saquinavir	contraindication	hepatitis C virus infection
Leflunomide	contraindication	chronic hepatitis B virus infection
Buprenorphine	contraindication	chronic hepatitis B virus infection
Rilpivirine	contraindication	chronic hepatitis B virus infection
Naloxone	contraindication	chronic hepatitis B virus infection
Etravirine	contraindication	chronic hepatitis B virus infection
Fosamprenavir	contraindication	chronic hepatitis B virus infection
Darunavir	contraindication	chronic hepatitis B virus infection
Atazanavir	contraindication	chronic hepatitis B virus infection
Lopinavir	contraindication	chronic hepatitis B virus infection
Tipranavir	contraindication	chronic hepatitis B virus infection
Amprenavir	contraindication	chronic hepatitis B virus infection
Ritonavir	contraindication	chronic hepatitis B virus infection
Efavirenz	contraindication	chronic hepatitis B virus infection
Emtricitabine	contraindication	chronic hepatitis B virus infection
Nevirapine	contraindication	chronic hepatitis B virus infection
Saquinavir	contraindication	chronic hepatitis B virus infection
Estradiol valerate	contraindication	benign prostatic hyperplasia (disease)
Synephrine	contraindication	benign prostatic hyperplasia (disease)
Guaifenesin	contraindication	benign prostatic hyperplasia (disease)
Phenyltoloxamine	contraindication	benign prostatic hyperplasia (disease)
Mepyramine	contraindication	benign prostatic hyperplasia (disease)
Tripelennamine	contraindication	benign prostatic hyperplasia (disease)
Methapyrilene	contraindication	benign prostatic hyperplasia (disease)
Antazoline	contraindication	benign prostatic hyperplasia (disease)
Polyvinyl alcohol	contraindication	benign prostatic hyperplasia (disease)
Pseudoephedrine	contraindication	benign prostatic hyperplasia (disease)
Guaiacol	contraindication	benign prostatic hyperplasia (disease)
Acrivastine	contraindication	benign prostatic hyperplasia (disease)
Homatropine	contraindication	benign prostatic hyperplasia (disease)
Potassium citrate	contraindication	benign prostatic hyperplasia (disease)
Brompheniramine	contraindication	benign prostatic hyperplasia (disease)
Pheniramine	contraindication	benign prostatic hyperplasia (disease)
Benzatropine	contraindication	benign prostatic hyperplasia (disease)
Perazine	contraindication	benign prostatic hyperplasia (disease)
Alimemazine	contraindication	benign prostatic hyperplasia (disease)
Cetirizine	contraindication	benign prostatic hyperplasia (disease)
Fexofenadine	contraindication	benign prostatic hyperplasia (disease)
Orphenadrine	contraindication	benign prostatic hyperplasia (disease)
Chlorcyclizine	contraindication	benign prostatic hyperplasia (disease)
Cyclizine	contraindication	benign prostatic hyperplasia (disease)
Homatropine methylbromide	contraindication	benign prostatic hyperplasia (disease)
Loratadine	contraindication	benign prostatic hyperplasia (disease)
Clofedanol	contraindication	benign prostatic hyperplasia (disease)
Procyclidine	contraindication	benign prostatic hyperplasia (disease)
Pentoxyverine	contraindication	benign prostatic hyperplasia (disease)
Dicyclomine	contraindication	benign prostatic hyperplasia (disease)
Potassium Iodide	contraindication	benign prostatic hyperplasia (disease)
Codeine	contraindication	benign prostatic hyperplasia (disease)
Fluoxymesterone	contraindication	benign prostatic hyperplasia (disease)
Sodium phosphate, monobasic	contraindication	benign prostatic hyperplasia (disease)
Isopropamide	contraindication	benign prostatic hyperplasia (disease)
Potassium chloride	contraindication	benign prostatic hyperplasia (disease)
Trimipramine	contraindication	benign prostatic hyperplasia (disease)
Nortriptyline	contraindication	benign prostatic hyperplasia (disease)
Clidinium	contraindication	benign prostatic hyperplasia (disease)
Fluphenazine	contraindication	benign prostatic hyperplasia (disease)
Hydroxyzine	contraindication	benign prostatic hyperplasia (disease)
Sodium citrate	contraindication	benign prostatic hyperplasia (disease)
Benzoic acid	contraindication	benign prostatic hyperplasia (disease)
Salicylamide	contraindication	benign prostatic hyperplasia (disease)
Methylene blue	contraindication	benign prostatic hyperplasia (disease)
Ipratropium	contraindication	benign prostatic hyperplasia (disease)
Phenylephrine	contraindication	benign prostatic hyperplasia (disease)
Theophylline	contraindication	benign prostatic hyperplasia (disease)
Promazine	contraindication	benign prostatic hyperplasia (disease)
Perphenazine	contraindication	benign prostatic hyperplasia (disease)
Prochlorperazine	contraindication	benign prostatic hyperplasia (disease)
Chlordiazepoxide	contraindication	benign prostatic hyperplasia (disease)
Testosterone	contraindication	benign prostatic hyperplasia (disease)
Testosterone cypionate	contraindication	benign prostatic hyperplasia (disease)
Methyltestosterone	contraindication	benign prostatic hyperplasia (disease)
Caffeine	contraindication	benign prostatic hyperplasia (disease)
Testosterone propionate	contraindication	benign prostatic hyperplasia (disease)
Ethinylestradiol	contraindication	benign prostatic hyperplasia (disease)
Morphine	contraindication	benign prostatic hyperplasia (disease)
Meclizine	contraindication	benign prostatic hyperplasia (disease)
Oxybutynin	contraindication	benign prostatic hyperplasia (disease)
Fluoxetine	contraindication	benign prostatic hyperplasia (disease)
Furosemide	contraindication	benign prostatic hyperplasia (disease)
Buprenorphine	contraindication	benign prostatic hyperplasia (disease)
Dimenhydrinate	contraindication	benign prostatic hyperplasia (disease)
Biperiden	contraindication	benign prostatic hyperplasia (disease)
Cyclopentolate	contraindication	benign prostatic hyperplasia (disease)
Histamine	contraindication	benign prostatic hyperplasia (disease)
Epinephrine	contraindication	benign prostatic hyperplasia (disease)
Scopolamine	contraindication	benign prostatic hyperplasia (disease)
Methadyl acetate	contraindication	benign prostatic hyperplasia (disease)
Terfenadine	contraindication	benign prostatic hyperplasia (disease)
Chlorpromazine	contraindication	benign prostatic hyperplasia (disease)
Imipramine	contraindication	benign prostatic hyperplasia (disease)
Amitriptyline	contraindication	benign prostatic hyperplasia (disease)
Desipramine	contraindication	benign prostatic hyperplasia (disease)
Estradiol	contraindication	benign prostatic hyperplasia (disease)
Phenobarbital	contraindication	benign prostatic hyperplasia (disease)
Carbinoxamine	contraindication	benign prostatic hyperplasia (disease)
Triprolidine	contraindication	benign prostatic hyperplasia (disease)
Dyphylline	contraindication	benign prostatic hyperplasia (disease)
Doxylamine	contraindication	benign prostatic hyperplasia (disease)
Hydromorphone	contraindication	benign prostatic hyperplasia (disease)
Naloxone	contraindication	benign prostatic hyperplasia (disease)
Protriptyline	contraindication	benign prostatic hyperplasia (disease)
Oxymetholone	contraindication	benign prostatic hyperplasia (disease)
Azatadine	contraindication	benign prostatic hyperplasia (disease)
Bupivacaine	contraindication	benign prostatic hyperplasia (disease)
Thiothixene	contraindication	benign prostatic hyperplasia (disease)
Testosterone enanthate	contraindication	benign prostatic hyperplasia (disease)
Estradiol cypionate	contraindication	benign prostatic hyperplasia (disease)
Ephedrine	contraindication	benign prostatic hyperplasia (disease)
Propantheline	contraindication	benign prostatic hyperplasia (disease)
Difenoxin	contraindication	benign prostatic hyperplasia (disease)
Acetophenazine	contraindication	benign prostatic hyperplasia (disease)
Mepenzolate	contraindication	benign prostatic hyperplasia (disease)
Dexchlorpheniramine	contraindication	benign prostatic hyperplasia (disease)
Naproxen	contraindication	benign prostatic hyperplasia (disease)
Pimozide	contraindication	benign prostatic hyperplasia (disease)
Trazodone	contraindication	benign prostatic hyperplasia (disease)
Loxapine	contraindication	benign prostatic hyperplasia (disease)
Magnesium salicylate	contraindication	benign prostatic hyperplasia (disease)
Tiotropium	contraindication	benign prostatic hyperplasia (disease)
Salbutamol	contraindication	benign prostatic hyperplasia (disease)
Doxepin	contraindication	benign prostatic hyperplasia (disease)
Naltrexone	contraindication	benign prostatic hyperplasia (disease)
Ibuprofen	contraindication	benign prostatic hyperplasia (disease)
Clemastine	contraindication	benign prostatic hyperplasia (disease)
Oxymetazoline	contraindication	benign prostatic hyperplasia (disease)
Butacaine	contraindication	benign prostatic hyperplasia (disease)
Phenylpropanolamine	contraindication	benign prostatic hyperplasia (disease)
Diphenylpyraline	contraindication	benign prostatic hyperplasia (disease)
Triflupromazine	contraindication	benign prostatic hyperplasia (disease)
Sulfacetamide	contraindication	benign prostatic hyperplasia (disease)
Trihexyphenidyl	contraindication	benign prostatic hyperplasia (disease)
Amoxapine	contraindication	benign prostatic hyperplasia (disease)
Pramocaine	contraindication	benign prostatic hyperplasia (disease)
Methscopolamine	contraindication	benign prostatic hyperplasia (disease)
Olanzapine	contraindication	benign prostatic hyperplasia (disease)
Chlorpheniramine	contraindication	benign prostatic hyperplasia (disease)
Dexbrompheniramine	contraindication	benign prostatic hyperplasia (disease)
Zinc oxide	contraindication	benign prostatic hyperplasia (disease)
Cyproheptadine	contraindication	benign prostatic hyperplasia (disease)
Dextromethorphan	contraindication	benign prostatic hyperplasia (disease)
Butabarbital	contraindication	benign prostatic hyperplasia (disease)
Hydrocodone	contraindication	benign prostatic hyperplasia (disease)
Dihydrocodeine	contraindication	benign prostatic hyperplasia (disease)
Ammonium chloride	contraindication	benign prostatic hyperplasia (disease)
Bromodiphenhydramine	contraindication	benign prostatic hyperplasia (disease)
Trifluoperazine	contraindication	benign prostatic hyperplasia (disease)
Chlorprothixene	contraindication	benign prostatic hyperplasia (disease)
Ergotamine	contraindication	benign prostatic hyperplasia (disease)
Tramazoline	contraindication	benign prostatic hyperplasia (disease)
Stanozolol	contraindication	benign prostatic hyperplasia (disease)
Hyoscyamine	contraindication	benign prostatic hyperplasia (disease)
Desloratadine	contraindication	benign prostatic hyperplasia (disease)
Calcium chloride	contraindication	benign prostatic hyperplasia (disease)
Methenamine	contraindication	benign prostatic hyperplasia (disease)
Benzyl alcohol	contraindication	benign prostatic hyperplasia (disease)
Valrubicin	contraindication	urinary tract infection (disease)
Nicotinamide	contraindication	bronchitis
Pheniramine	contraindication	bronchitis
Potassium Iodide	contraindication	bronchitis
Codeine	contraindication	bronchitis
Phenylephrine	contraindication	bronchitis
Phenobarbital	contraindication	bronchitis
Chlorpheniramine	contraindication	bronchitis
Dextromethorphan	contraindication	bronchitis
Fosinopril	contraindication	obsolete hyperuricemia (disease)
Amlodipine	contraindication	obsolete hyperuricemia (disease)
Benazepril	contraindication	obsolete hyperuricemia (disease)
Vinblastine	contraindication	obsolete hyperuricemia (disease)
Hydralazine	contraindication	obsolete hyperuricemia (disease)
Quinapril	contraindication	obsolete hyperuricemia (disease)
Chlorthalidone	contraindication	obsolete hyperuricemia (disease)
Lisinopril	contraindication	obsolete hyperuricemia (disease)
Bendroflumethiazide	contraindication	obsolete hyperuricemia (disease)
Didanosine	contraindication	obsolete hyperuricemia (disease)
Bisoprolol	contraindication	obsolete hyperuricemia (disease)
Captopril	contraindication	obsolete hyperuricemia (disease)
Cyclosporine	contraindication	obsolete hyperuricemia (disease)
Chlorothiazide	contraindication	obsolete hyperuricemia (disease)
Hydrochlorothiazide	contraindication	obsolete hyperuricemia (disease)
Etacrynic acid	contraindication	obsolete hyperuricemia (disease)
Vincristine	contraindication	obsolete hyperuricemia (disease)
Torasemide	contraindication	obsolete hyperuricemia (disease)
Methyldopa	contraindication	obsolete hyperuricemia (disease)
Guanethidine	contraindication	obsolete hyperuricemia (disease)
Furosemide	contraindication	obsolete hyperuricemia (disease)
Propranolol	contraindication	obsolete hyperuricemia (disease)
Spironolactone	contraindication	obsolete hyperuricemia (disease)
Metoprolol	contraindication	obsolete hyperuricemia (disease)
Mechlorethamine	contraindication	obsolete hyperuricemia (disease)
Reserpine	contraindication	obsolete hyperuricemia (disease)
Isotretinoin	contraindication	obsolete hyperuricemia (disease)
Cladribine	contraindication	obsolete hyperuricemia (disease)
Nadolol	contraindication	obsolete hyperuricemia (disease)
Clonidine	contraindication	obsolete hyperuricemia (disease)
Triamterene	contraindication	obsolete hyperuricemia (disease)
Labetalol	contraindication	obsolete hyperuricemia (disease)
Diazoxide	contraindication	obsolete hyperuricemia (disease)
Atenolol	contraindication	obsolete hyperuricemia (disease)
Bumetanide	contraindication	obsolete hyperuricemia (disease)
Timolol	contraindication	obsolete hyperuricemia (disease)
Indapamide	contraindication	obsolete hyperuricemia (disease)
Amiloride	contraindication	obsolete hyperuricemia (disease)
Doxorubicin	contraindication	obsolete hyperuricemia (disease)
Daunorubicin	contraindication	obsolete hyperuricemia (disease)
Aliskiren	contraindication	obsolete hyperuricemia (disease)
Ritonavir	contraindication	obsolete hyperuricemia (disease)
Tioguanine	contraindication	obsolete hyperuricemia (disease)
Cytarabine	contraindication	obsolete hyperuricemia (disease)
Candesartan cilexetil	contraindication	obsolete hyperuricemia (disease)
Telmisartan	contraindication	obsolete hyperuricemia (disease)
Irbesartan	contraindication	obsolete hyperuricemia (disease)
Valsartan	contraindication	obsolete hyperuricemia (disease)
Methyclothiazide	contraindication	obsolete hyperuricemia (disease)
Eprosartan	contraindication	obsolete hyperuricemia (disease)
Losartan	contraindication	obsolete hyperuricemia (disease)
Moexipril	contraindication	obsolete hyperuricemia (disease)
Raloxifene	contraindication	atrial fibrillation (disease)
Oxytetracycline	contraindication	atrial fibrillation (disease)
Fusidic acid	contraindication	atrial fibrillation (disease)
Cholecalciferol	contraindication	atrial fibrillation (disease)
Alendronic acid	contraindication	atrial fibrillation (disease)
Tetracycline	contraindication	atrial fibrillation (disease)
Epinephrine	contraindication	atrial fibrillation (disease)
Ergocalciferol	contraindication	atrial fibrillation (disease)
Bupivacaine	contraindication	atrial fibrillation (disease)
Lidocaine	contraindication	atrial fibrillation (disease)
Quinine	contraindication	atrial fibrillation (disease)
Fosinopril	contraindication	hereditary angioedema with C1Inh deficiency
Amlodipine	contraindication	hereditary angioedema with C1Inh deficiency
Trandolapril	contraindication	hereditary angioedema with C1Inh deficiency
Ramipril	contraindication	hereditary angioedema
Ramipril	contraindication	hereditary angioedema with C1Inh deficiency
Benazepril	contraindication	hereditary angioedema with C1Inh deficiency
Quinapril	contraindication	hereditary angioedema with C1Inh deficiency
Perindopril	contraindication	hereditary angioedema with C1Inh deficiency
Lisinopril	contraindication	hereditary angioedema with C1Inh deficiency
Enalaprilat	contraindication	hereditary angioedema with C1Inh deficiency
Enalapril	contraindication	hereditary angioedema with C1Inh deficiency
Felodipine	contraindication	hereditary angioedema with C1Inh deficiency
Captopril	contraindication	hereditary angioedema with C1Inh deficiency
Chlorothiazide	contraindication	hereditary angioedema with C1Inh deficiency
Hydrochlorothiazide	contraindication	hereditary angioedema with C1Inh deficiency
Verapamil	contraindication	hereditary angioedema with C1Inh deficiency
Isotretinoin	contraindication	hereditary angioedema with C1Inh deficiency
Diltiazem	contraindication	hereditary angioedema with C1Inh deficiency
Chlorothiazide	contraindication	diabetic nephropathy
Hydrochlorothiazide	contraindication	diabetic nephropathy
Amiloride	contraindication	diabetic nephropathy
Eplerenone	contraindication	diabetic nephropathy
Fosinopril	contraindication	hypotensive disorder
Nicotinamide	contraindication	hypotensive disorder
Fluvastatin	contraindication	hypotensive disorder
Fosphenytoin	contraindication	hypotensive disorder
Guaifenesin	contraindication	hypotensive disorder
Ropinirole	contraindication	hypotensive disorder
Mepyramine	contraindication	hypotensive disorder
Pseudoephedrine	contraindication	hypotensive disorder
Guaiacol	contraindication	hypotensive disorder
Amlodipine	contraindication	hypotensive disorder
Trandolapril	contraindication	hypotensive disorder
Ramipril	contraindication	hypotensive disorder
Inositol	contraindication	hypotensive disorder
Homatropine	contraindication	hypotensive disorder
Benazepril	contraindication	hypotensive disorder
Azilsartan medoxomil	contraindication	hypotensive disorder
Hydralazine	contraindication	hypotensive disorder
Brompheniramine	contraindication	hypotensive disorder
Pheniramine	contraindication	hypotensive disorder
Benzatropine	contraindication	hypotensive disorder
Mirtazapine	contraindication	hypotensive disorder
Quinapril	contraindication	hypotensive disorder
Perazine	contraindication	hypotensive disorder
Nefazodone	contraindication	hypotensive disorder
Atomoxetine	contraindication	hypotensive disorder
Riboflavin	contraindication	hypotensive disorder
Perindopril	contraindication	hypotensive disorder
Ganciclovir	contraindication	hypotensive disorder
Chlorcyclizine	contraindication	hypotensive disorder
Cyclizine	contraindication	hypotensive disorder
Treprostinil	contraindication	hypotensive disorder
Alfuzosin	contraindication	hypotensive disorder
Pravastatin	contraindication	hypotensive disorder
Homatropine methylbromide	contraindication	hypotensive disorder
Simvastatin	contraindication	hypotensive disorder
Iloprost	contraindication	hypotensive disorder
Glutethimide	contraindication	hypotensive disorder
Potassium Iodide	contraindication	hypotensive disorder
Lisinopril	contraindication	hypotensive disorder
Thiopental	contraindication	hypotensive disorder
Pentobarbital	contraindication	hypotensive disorder
Secobarbital	contraindication	hypotensive disorder
Codeine	contraindication	hypotensive disorder
Isradipine	contraindication	hypotensive disorder
Lovastatin	contraindication	hypotensive disorder
Alprostadil	contraindication	hypotensive disorder
Doxazosin	contraindication	hypotensive disorder
Carvedilol	contraindication	hypotensive disorder
Felodipine	contraindication	hypotensive disorder
Echothiophate	contraindication	hypotensive disorder
Metyrosine	contraindication	hypotensive disorder
Nimodipine	contraindication	hypotensive disorder
Inositol nicotinate	contraindication	hypotensive disorder
Salicylamide	contraindication	hypotensive disorder
Nisoldipine	contraindication	hypotensive disorder
Captopril	contraindication	hypotensive disorder
Acetylcysteine	contraindication	hypotensive disorder
Oxazepam	contraindication	hypotensive disorder
Tolazoline	contraindication	hypotensive disorder
Phenoxybenzamine	contraindication	hypotensive disorder
Isocarboxazid	contraindication	hypotensive disorder
Chlorothiazide	contraindication	hypotensive disorder
Hydrochlorothiazide	contraindication	hypotensive disorder
Papaverine	contraindication	hypotensive disorder
Adenosine	contraindication	hypotensive disorder
Etacrynic acid	contraindication	hypotensive disorder
Tetrabenazine	contraindication	hypotensive disorder
Dipyridamole	contraindication	hypotensive disorder
Caffeine	contraindication	hypotensive disorder
Amobarbital	contraindication	hypotensive disorder
Phenytoin	contraindication	hypotensive disorder
Morphine	contraindication	hypotensive disorder
Quinidine	contraindication	hypotensive disorder
Nicardipine	contraindication	hypotensive disorder
Dinoprost	contraindication	hypotensive disorder
Fluoxetine	contraindication	hypotensive disorder
Propafenone	contraindication	hypotensive disorder
Furosemide	contraindication	hypotensive disorder
Nicotine	contraindication	hypotensive disorder
Pentostatin	contraindication	hypotensive disorder
Dimenhydrinate	contraindication	hypotensive disorder
Teriparatide	contraindication	hypotensive disorder
Cysteine	contraindication	hypotensive disorder
Haloperidol	contraindication	hypotensive disorder
Verapamil	contraindication	hypotensive disorder
Biperiden	contraindication	hypotensive disorder
Metoprolol	contraindication	hypotensive disorder
Phenelzine	contraindication	hypotensive disorder
Histamine	contraindication	hypotensive disorder
Phentolamine	contraindication	hypotensive disorder
Reserpine	contraindication	hypotensive disorder
Phenobarbital	contraindication	hypotensive disorder
Carbinoxamine	contraindication	hypotensive disorder
Triprolidine	contraindication	hypotensive disorder
Isotretinoin	contraindication	hypotensive disorder
Hydromorphone	contraindication	hypotensive disorder
Naloxone	contraindication	hypotensive disorder
Protriptyline	contraindication	hypotensive disorder
Diltiazem	contraindication	hypotensive disorder
Clonidine	contraindication	hypotensive disorder
Isoxsuprine	contraindication	hypotensive disorder
Sotalol	contraindication	hypotensive disorder
Bupivacaine	contraindication	hypotensive disorder
Labetalol	contraindication	hypotensive disorder
Dinoprostone	contraindication	hypotensive disorder
Paclitaxel	contraindication	hypotensive disorder
Tacrine	contraindication	hypotensive disorder
Doxapram	contraindication	hypotensive disorder
Ephedrine	contraindication	hypotensive disorder
Guanfacine	contraindication	hypotensive disorder
Dexchlorpheniramine	contraindication	hypotensive disorder
Vardenafil	contraindication	hypotensive disorder
Nifedipine	contraindication	hypotensive disorder
Bortezomib	contraindication	hypotensive disorder
Aliskiren	contraindication	hypotensive disorder
Tadalafil	contraindication	hypotensive disorder
Clevidipine	contraindication	hypotensive disorder
Naltrexone	contraindication	hypotensive disorder
Ibuprofen	contraindication	hypotensive disorder
Tranylcypromine	contraindication	hypotensive disorder
Prasugrel	contraindication	hypotensive disorder
Phenylpropanolamine	contraindication	hypotensive disorder
Pitavastatin	contraindication	hypotensive disorder
Candesartan cilexetil	contraindication	hypotensive disorder
Telmisartan	contraindication	hypotensive disorder
Paliperidone	contraindication	hypotensive disorder
Trihexyphenidyl	contraindication	hypotensive disorder
Sildenafil	contraindication	hypotensive disorder
Irbesartan	contraindication	hypotensive disorder
Valsartan	contraindication	hypotensive disorder
Lidocaine	contraindication	hypotensive disorder
Atorvastatin	contraindication	hypotensive disorder
Tolcapone	contraindication	hypotensive disorder
Eprosartan	contraindication	hypotensive disorder
Olanzapine	contraindication	hypotensive disorder
Chlorpheniramine	contraindication	hypotensive disorder
Dexbrompheniramine	contraindication	hypotensive disorder
Magnesium oxide	contraindication	hypotensive disorder
Ferric oxide	contraindication	hypotensive disorder
Aripiprazole	contraindication	hypotensive disorder
Dextromethorphan	contraindication	hypotensive disorder
Hydrocodone	contraindication	hypotensive disorder
Dihydrocodeine	contraindication	hypotensive disorder
Clofarabine	contraindication	hypotensive disorder
Bromodiphenhydramine	contraindication	hypotensive disorder
Trifluoperazine	contraindication	hypotensive disorder
Losartan	contraindication	hypotensive disorder
Risperidone	contraindication	hypotensive disorder
Moexipril	contraindication	hypotensive disorder
Pentamidine	contraindication	hypotensive disorder
Fosinopril	contraindication	hyperparathyroidism
Fosinopril	contraindication	osteitis fibrosa
Benzocaine	contraindication	hyperparathyroidism
Benzocaine	contraindication	osteitis fibrosa
Tiludronic acid	contraindication	hyperparathyroidism
Tiludronic acid	contraindication	osteitis fibrosa
Amlodipine	contraindication	hyperparathyroidism
Amlodipine	contraindication	osteitis fibrosa
Benazepril	contraindication	hyperparathyroidism
Benazepril	contraindication	osteitis fibrosa
Hydralazine	contraindication	hyperparathyroidism
Hydralazine	contraindication	osteitis fibrosa
Quinapril	contraindication	hyperparathyroidism
Quinapril	contraindication	osteitis fibrosa
Phylloquinone	contraindication	hyperparathyroidism
Phylloquinone	contraindication	osteitis fibrosa
Calcium lactate	contraindication	hyperparathyroidism
Calcium lactate	contraindication	osteitis fibrosa
Pravastatin	contraindication	hyperparathyroidism
Pravastatin	contraindication	osteitis fibrosa
Famotidine	contraindication	hyperparathyroidism
Famotidine	contraindication	osteitis fibrosa
Sodium fluoride	contraindication	hyperparathyroidism
Sodium fluoride	contraindication	osteitis fibrosa
Lisinopril	contraindication	hyperparathyroidism
Lisinopril	contraindication	osteitis fibrosa
Sodium phosphate, monobasic	contraindication	hyperparathyroidism
Sodium phosphate, monobasic	contraindication	osteitis fibrosa
Bendroflumethiazide	contraindication	hyperparathyroidism
Bendroflumethiazide	contraindication	osteitis fibrosa
Didanosine	contraindication	hyperparathyroidism
Didanosine	contraindication	osteitis fibrosa
Cholecalciferol	contraindication	hyperparathyroidism
Cholecalciferol	contraindication	osteitis fibrosa
Bisoprolol	contraindication	hyperparathyroidism
Bisoprolol	contraindication	osteitis fibrosa
Captopril	contraindication	hyperparathyroidism
Captopril	contraindication	osteitis fibrosa
Calcium acetate	contraindication	hyperparathyroidism
Calcium acetate	contraindication	osteitis fibrosa
Folic acid	contraindication	hyperparathyroidism
Folic acid	contraindication	osteitis fibrosa
Chlorothiazide	contraindication	hyperparathyroidism
Chlorothiazide	contraindication	osteitis fibrosa
Hydrochlorothiazide	contraindication	hyperparathyroidism
Hydrochlorothiazide	contraindication	osteitis fibrosa
Biotin	contraindication	hyperparathyroidism
Biotin	contraindication	osteitis fibrosa
Glycine	contraindication	hyperparathyroidism
Glycine	contraindication	osteitis fibrosa
Methyldopa	contraindication	hyperparathyroidism
Methyldopa	contraindication	osteitis fibrosa
Guanethidine	contraindication	hyperparathyroidism
Guanethidine	contraindication	osteitis fibrosa
Magnesium carbonate	contraindication	hyperparathyroidism
Magnesium carbonate	contraindication	osteitis fibrosa
Propranolol	contraindication	hyperparathyroidism
Propranolol	contraindication	osteitis fibrosa
Spironolactone	contraindication	hyperparathyroidism
Spironolactone	contraindication	osteitis fibrosa
Metoprolol	contraindication	hyperparathyroidism
Metoprolol	contraindication	osteitis fibrosa
Ascorbic acid	contraindication	hyperparathyroidism
Ascorbic acid	contraindication	osteitis fibrosa
Reserpine	contraindication	hyperparathyroidism
Reserpine	contraindication	osteitis fibrosa
Ergocalciferol	contraindication	hyperparathyroidism
Ergocalciferol	contraindication	osteitis fibrosa
Phenobarbital	contraindication	hyperparathyroidism
Phenobarbital	contraindication	osteitis fibrosa
Isotretinoin	contraindication	hyperparathyroidism
Isotretinoin	contraindication	osteitis fibrosa
Nadolol	contraindication	hyperparathyroidism
Nadolol	contraindication	osteitis fibrosa
Triamterene	contraindication	hyperparathyroidism
Triamterene	contraindication	osteitis fibrosa
Labetalol	contraindication	hyperparathyroidism
Labetalol	contraindication	osteitis fibrosa
Magnesium citrate	contraindication	hyperparathyroidism
Magnesium citrate	contraindication	osteitis fibrosa
Calcium gluconate	contraindication	hyperparathyroidism
Calcium gluconate	contraindication	osteitis fibrosa
Calcium glycerophosphate	contraindication	hyperparathyroidism
Calcium glycerophosphate	contraindication	osteitis fibrosa
Timolol	contraindication	hyperparathyroidism
Timolol	contraindication	osteitis fibrosa
Indapamide	contraindication	hyperparathyroidism
Indapamide	contraindication	osteitis fibrosa
Amiloride	contraindication	hyperparathyroidism
Amiloride	contraindication	osteitis fibrosa
Aliskiren	contraindication	hyperparathyroidism
Aliskiren	contraindication	osteitis fibrosa
Candesartan cilexetil	contraindication	hyperparathyroidism
Candesartan cilexetil	contraindication	osteitis fibrosa
Telmisartan	contraindication	hyperparathyroidism
Telmisartan	contraindication	osteitis fibrosa
Ferrous fumarate	contraindication	hyperparathyroidism
Ferrous fumarate	contraindication	osteitis fibrosa
Irbesartan	contraindication	hyperparathyroidism
Irbesartan	contraindication	osteitis fibrosa
Valsartan	contraindication	hyperparathyroidism
Valsartan	contraindication	osteitis fibrosa
Eprosartan	contraindication	hyperparathyroidism
Eprosartan	contraindication	osteitis fibrosa
Magnesium oxide	contraindication	hyperparathyroidism
Magnesium oxide	contraindication	osteitis fibrosa
Magnesium hydroxide	contraindication	hyperparathyroidism
Magnesium hydroxide	contraindication	osteitis fibrosa
Losartan	contraindication	hyperparathyroidism
Losartan	contraindication	osteitis fibrosa
Risedronic acid	contraindication	hyperparathyroidism
Risedronic acid	contraindication	osteitis fibrosa
Moexipril	contraindication	hyperparathyroidism
Moexipril	contraindication	osteitis fibrosa
Fosinopril	contraindication	hepatic coma
Fosinopril	contraindication	hepatic encephalopathy
Benzocaine	contraindication	hepatic coma
Benzocaine	contraindication	hepatic encephalopathy
Guaifenesin	contraindication	hepatic coma
Guaifenesin	contraindication	hepatic encephalopathy
Amlodipine	contraindication	hepatic coma
Amlodipine	contraindication	hepatic encephalopathy
Homatropine	contraindication	hepatic coma
Homatropine	contraindication	hepatic encephalopathy
Benazepril	contraindication	hepatic coma
Benazepril	contraindication	hepatic encephalopathy
Hydralazine	contraindication	hepatic coma
Hydralazine	contraindication	hepatic encephalopathy
Quinapril	contraindication	hepatic coma
Quinapril	contraindication	hepatic encephalopathy
Butobarbital	contraindication	hepatic coma
Butobarbital	contraindication	hepatic encephalopathy
Dicyclomine	contraindication	hepatic coma
Dicyclomine	contraindication	hepatic encephalopathy
Potassium Iodide	contraindication	hepatic coma
Potassium Iodide	contraindication	hepatic encephalopathy
Lisinopril	contraindication	hepatic coma
Lisinopril	contraindication	hepatic encephalopathy
Pentobarbital	contraindication	hepatic coma
Pentobarbital	contraindication	hepatic encephalopathy
Secobarbital	contraindication	hepatic coma
Secobarbital	contraindication	hepatic encephalopathy
Codeine	contraindication	hepatic coma
Codeine	contraindication	hepatic encephalopathy
Bendroflumethiazide	contraindication	hepatic coma
Bendroflumethiazide	contraindication	hepatic encephalopathy
Mannitol	contraindication	hepatic coma
Mannitol	contraindication	hepatic encephalopathy
Bisoprolol	contraindication	hepatic coma
Bisoprolol	contraindication	hepatic encephalopathy
Captopril	contraindication	hepatic coma
Captopril	contraindication	hepatic encephalopathy
Chlorothiazide	contraindication	hepatic coma
Chlorothiazide	contraindication	hepatic encephalopathy
Hydrochlorothiazide	contraindication	hepatic coma
Hydrochlorothiazide	contraindication	hepatic encephalopathy
Theophylline	contraindication	hepatic coma
Theophylline	contraindication	hepatic encephalopathy
Caffeine	contraindication	hepatic coma
Caffeine	contraindication	hepatic encephalopathy
Amobarbital	contraindication	hepatic coma
Amobarbital	contraindication	hepatic encephalopathy
Phenytoin	contraindication	hepatic coma
Phenytoin	contraindication	hepatic encephalopathy
Methyldopa	contraindication	hepatic coma
Methyldopa	contraindication	hepatic encephalopathy
Guanethidine	contraindication	hepatic coma
Guanethidine	contraindication	hepatic encephalopathy
Magnesium carbonate	contraindication	hepatic coma
Magnesium carbonate	contraindication	hepatic encephalopathy
Metamfetamine	contraindication	hepatic coma
Metamfetamine	contraindication	hepatic encephalopathy
Propranolol	contraindication	hepatic coma
Propranolol	contraindication	hepatic encephalopathy
Spironolactone	contraindication	hepatic coma
Spironolactone	contraindication	hepatic encephalopathy
Metoprolol	contraindication	hepatic coma
Metoprolol	contraindication	hepatic encephalopathy
Scopolamine	contraindication	hepatic coma
Scopolamine	contraindication	hepatic encephalopathy
Reserpine	contraindication	hepatic coma
Reserpine	contraindication	hepatic encephalopathy
Phenobarbital	contraindication	hepatic coma
Phenobarbital	contraindication	hepatic encephalopathy
Dyphylline	contraindication	hepatic coma
Dyphylline	contraindication	hepatic encephalopathy
Isotretinoin	contraindication	hepatic coma
Isotretinoin	contraindication	hepatic encephalopathy
Nadolol	contraindication	hepatic coma
Nadolol	contraindication	hepatic encephalopathy
Triamterene	contraindication	hepatic coma
Triamterene	contraindication	hepatic encephalopathy
Labetalol	contraindication	hepatic coma
Labetalol	contraindication	hepatic encephalopathy
Amphetamine	contraindication	hepatic coma
Amphetamine	contraindication	hepatic encephalopathy
Ephedrine	contraindication	hepatic coma
Ephedrine	contraindication	hepatic encephalopathy
Bumetanide	contraindication	hepatic coma
Bumetanide	contraindication	hepatic encephalopathy
Timolol	contraindication	hepatic coma
Timolol	contraindication	hepatic encephalopathy
Amiloride	contraindication	hepatic coma
Amiloride	contraindication	hepatic encephalopathy
Metolazone	contraindication	hepatic coma
Metolazone	contraindication	hepatic encephalopathy
Aliskiren	contraindication	hepatic coma
Aliskiren	contraindication	hepatic encephalopathy
Candesartan cilexetil	contraindication	hepatic coma
Candesartan cilexetil	contraindication	hepatic encephalopathy
Telmisartan	contraindication	hepatic coma
Telmisartan	contraindication	hepatic encephalopathy
Irbesartan	contraindication	hepatic coma
Irbesartan	contraindication	hepatic encephalopathy
Valsartan	contraindication	hepatic coma
Valsartan	contraindication	hepatic encephalopathy
Eprosartan	contraindication	hepatic coma
Eprosartan	contraindication	hepatic encephalopathy
Oxyphencyclimine	contraindication	hepatic coma
Oxyphencyclimine	contraindication	hepatic encephalopathy
Butabarbital	contraindication	hepatic coma
Butabarbital	contraindication	hepatic encephalopathy
Methylphenobarbital	contraindication	hepatic coma
Methylphenobarbital	contraindication	hepatic encephalopathy
Losartan	contraindication	hepatic coma
Losartan	contraindication	hepatic encephalopathy
Ergotamine	contraindication	hepatic coma
Ergotamine	contraindication	hepatic encephalopathy
Moexipril	contraindication	hepatic coma
Moexipril	contraindication	hepatic encephalopathy
Hyoscyamine	contraindication	hepatic coma
Hyoscyamine	contraindication	hepatic encephalopathy
Fosinopril	contraindication	gout
Pyrazinamide	contraindication	gout
Nicotinamide	contraindication	gout
Dichlorophen	contraindication	gout
Phenyltoloxamine	contraindication	gout
Amlodipine	contraindication	gout
Inositol	contraindication	gout
Benazepril	contraindication	gout
Hydralazine	contraindication	gout
Pheniramine	contraindication	gout
Quinapril	contraindication	gout
Orphenadrine	contraindication	gout
Pravastatin	contraindication	gout
Simvastatin	contraindication	gout
Citric acid	contraindication	gout
Chlorthalidone	contraindication	gout
Lisinopril	contraindication	gout
Codeine	contraindication	gout
Lovastatin	contraindication	gout
Ethambutol	contraindication	gout
Bendroflumethiazide	contraindication	gout
Bisoprolol	contraindication	gout
Inositol nicotinate	contraindication	gout
Salicylamide	contraindication	gout
Pyridoxine	contraindication	gout
Choline magnesium trisalicylate	contraindication	gout
Captopril	contraindication	gout
Tetracycline	contraindication	gout
Acetazolamide	contraindication	gout
Phenylephrine	contraindication	gout
Chlorothiazide	contraindication	gout
Hydrochlorothiazide	contraindication	gout
Etacrynic acid	contraindication	gout
Dipyridamole	contraindication	gout
Caffeine	contraindication	gout
Meprobamate	contraindication	gout
Torasemide	contraindication	gout
Methyldopa	contraindication	gout
Methazolamide	contraindication	gout
Guanethidine	contraindication	gout
Isoniazid	contraindication	gout
Furosemide	contraindication	gout
Nicotine	contraindication	gout
Propranolol	contraindication	gout
Dimenhydrinate	contraindication	gout
Spironolactone	contraindication	gout
Metoprolol	contraindication	gout
Reserpine	contraindication	gout
Phenobarbital	contraindication	gout
Isotretinoin	contraindication	gout
Metronidazole	contraindication	gout
Nadolol	contraindication	gout
Clonidine	contraindication	gout
Triamterene	contraindication	gout
Labetalol	contraindication	gout
Diazoxide	contraindication	gout
Calcium gluconate	contraindication	gout
Atenolol	contraindication	gout
Timolol	contraindication	gout
Indapamide	contraindication	gout
Amiloride	contraindication	gout
Magnesium salicylate	contraindication	gout
Metolazone	contraindication	gout
Aliskiren	contraindication	gout
Ritonavir	contraindication	gout
Bismuth subsalicylate	contraindication	gout
Phenylpropanolamine	contraindication	gout
Candesartan cilexetil	contraindication	gout
Telmisartan	contraindication	gout
Sulfamethizole	contraindication	gout
Irbesartan	contraindication	gout
Valsartan	contraindication	gout
Methyclothiazide	contraindication	gout
Eprosartan	contraindication	gout
Rifampicin	contraindication	gout
Chlorpheniramine	contraindication	gout
Hydrocodone	contraindication	gout
Dihydrocodeine	contraindication	gout
Diclofenamide	contraindication	gout
Losartan	contraindication	gout
Moexipril	contraindication	gout
Fosinopril	contraindication	hypertrophic cardiomyopathy
Trandolapril	contraindication	hypertrophic cardiomyopathy
Hydralazine	contraindication	hypertrophic cardiomyopathy
Lisinopril	contraindication	hypertrophic cardiomyopathy
Felodipine	contraindication	hypertrophic cardiomyopathy
Captopril	contraindication	hypertrophic cardiomyopathy
Chlorothiazide	contraindication	hypertrophic cardiomyopathy
Hydrochlorothiazide	contraindication	hypertrophic cardiomyopathy
Verapamil	contraindication	hypertrophic cardiomyopathy
Diltiazem	contraindication	hypertrophic cardiomyopathy
Fosinopril	contraindication	hypercalcemia disease
Fosinopril	contraindication	nephrocalcinosis
Fosinopril	contraindication	phosphorus metabolism disease
Benzocaine	contraindication	hypercalcemia disease
Benzocaine	contraindication	nephrocalcinosis
Benzocaine	contraindication	phosphorus metabolism disease
Amlodipine	contraindication	hypercalcemia disease
Amlodipine	contraindication	nephrocalcinosis
Amlodipine	contraindication	phosphorus metabolism disease
Benazepril	contraindication	hypercalcemia disease
Benazepril	contraindication	nephrocalcinosis
Benazepril	contraindication	phosphorus metabolism disease
Hydralazine	contraindication	hypercalcemia disease
Hydralazine	contraindication	nephrocalcinosis
Hydralazine	contraindication	phosphorus metabolism disease
Quinapril	contraindication	hypercalcemia disease
Quinapril	contraindication	nephrocalcinosis
Quinapril	contraindication	phosphorus metabolism disease
Phylloquinone	contraindication	hypercalcemia disease
Phylloquinone	contraindication	nephrocalcinosis
Phylloquinone	contraindication	phosphorus metabolism disease
Calcium lactate	contraindication	hypercalcemia disease
Calcium lactate	contraindication	nephrocalcinosis
Calcium lactate	contraindication	phosphorus metabolism disease
Pravastatin	contraindication	hypercalcemia disease
Pravastatin	contraindication	nephrocalcinosis
Pravastatin	contraindication	phosphorus metabolism disease
Chlorthalidone	contraindication	hypercalcemia disease
Chlorthalidone	contraindication	nephrocalcinosis
Chlorthalidone	contraindication	phosphorus metabolism disease
Famotidine	contraindication	hypercalcemia disease
Famotidine	contraindication	nephrocalcinosis
Famotidine	contraindication	phosphorus metabolism disease
Sodium fluoride	contraindication	hypercalcemia disease
Sodium fluoride	contraindication	nephrocalcinosis
Sodium fluoride	contraindication	phosphorus metabolism disease
Lisinopril	contraindication	hypercalcemia disease
Lisinopril	contraindication	nephrocalcinosis
Lisinopril	contraindication	phosphorus metabolism disease
Fluoxymesterone	contraindication	hypercalcemia disease
Fluoxymesterone	contraindication	nephrocalcinosis
Fluoxymesterone	contraindication	phosphorus metabolism disease
Potassium chloride	contraindication	hypercalcemia disease
Potassium chloride	contraindication	nephrocalcinosis
Potassium chloride	contraindication	phosphorus metabolism disease
Bendroflumethiazide	contraindication	hypercalcemia disease
Bendroflumethiazide	contraindication	nephrocalcinosis
Bendroflumethiazide	contraindication	phosphorus metabolism disease
Melatonin	contraindication	hypercalcemia disease
Melatonin	contraindication	nephrocalcinosis
Melatonin	contraindication	phosphorus metabolism disease
Didanosine	contraindication	hypercalcemia disease
Didanosine	contraindication	nephrocalcinosis
Didanosine	contraindication	phosphorus metabolism disease
Vitamin A	contraindication	hypercalcemia disease
Vitamin A	contraindication	nephrocalcinosis
Vitamin A	contraindication	phosphorus metabolism disease
Cholecalciferol	contraindication	hypercalcemia disease
Cholecalciferol	contraindication	nephrocalcinosis
Cholecalciferol	contraindication	phosphorus metabolism disease
Dihydrotachysterol	contraindication	hypercalcemia disease
Dihydrotachysterol	contraindication	nephrocalcinosis
Dihydrotachysterol	contraindication	phosphorus metabolism disease
Bisoprolol	contraindication	hypercalcemia disease
Bisoprolol	contraindication	nephrocalcinosis
Bisoprolol	contraindication	phosphorus metabolism disease
Alendronic acid	contraindication	hypercalcemia disease
Alendronic acid	contraindication	nephrocalcinosis
Alendronic acid	contraindication	phosphorus metabolism disease
Goserelin	contraindication	hypercalcemia disease
Goserelin	contraindication	nephrocalcinosis
Goserelin	contraindication	phosphorus metabolism disease
Captopril	contraindication	hypercalcemia disease
Captopril	contraindication	nephrocalcinosis
Captopril	contraindication	phosphorus metabolism disease
Calcium acetate	contraindication	hypercalcemia disease
Calcium acetate	contraindication	nephrocalcinosis
Calcium acetate	contraindication	phosphorus metabolism disease
Folic acid	contraindication	hypercalcemia disease
Folic acid	contraindication	nephrocalcinosis
Folic acid	contraindication	phosphorus metabolism disease
Chlorothiazide	contraindication	hypercalcemia disease
Chlorothiazide	contraindication	nephrocalcinosis
Chlorothiazide	contraindication	phosphorus metabolism disease
Hydrochlorothiazide	contraindication	hypercalcemia disease
Hydrochlorothiazide	contraindication	nephrocalcinosis
Hydrochlorothiazide	contraindication	phosphorus metabolism disease
Biotin	contraindication	hypercalcemia disease
Biotin	contraindication	nephrocalcinosis
Biotin	contraindication	phosphorus metabolism disease
Dipyridamole	contraindication	hypercalcemia disease
Dipyridamole	contraindication	nephrocalcinosis
Dipyridamole	contraindication	phosphorus metabolism disease
Testosterone	contraindication	hypercalcemia disease
Testosterone	contraindication	nephrocalcinosis
Testosterone	contraindication	phosphorus metabolism disease
Methyltestosterone	contraindication	hypercalcemia disease
Methyltestosterone	contraindication	nephrocalcinosis
Methyltestosterone	contraindication	phosphorus metabolism disease
Ethinylestradiol	contraindication	hypercalcemia disease
Ethinylestradiol	contraindication	nephrocalcinosis
Ethinylestradiol	contraindication	phosphorus metabolism disease
Serine	contraindication	hypercalcemia disease
Serine	contraindication	nephrocalcinosis
Serine	contraindication	phosphorus metabolism disease
Glycine	contraindication	hypercalcemia disease
Glycine	contraindication	nephrocalcinosis
Glycine	contraindication	phosphorus metabolism disease
Methyldopa	contraindication	hypercalcemia disease
Methyldopa	contraindication	nephrocalcinosis
Methyldopa	contraindication	phosphorus metabolism disease
Guanethidine	contraindication	hypercalcemia disease
Guanethidine	contraindication	nephrocalcinosis
Guanethidine	contraindication	phosphorus metabolism disease
Magnesium carbonate	contraindication	hypercalcemia disease
Magnesium carbonate	contraindication	nephrocalcinosis
Magnesium carbonate	contraindication	phosphorus metabolism disease
Propranolol	contraindication	hypercalcemia disease
Propranolol	contraindication	nephrocalcinosis
Propranolol	contraindication	phosphorus metabolism disease
Teriparatide	contraindication	hypercalcemia disease
Teriparatide	contraindication	nephrocalcinosis
Teriparatide	contraindication	phosphorus metabolism disease
Spironolactone	contraindication	hypercalcemia disease
Spironolactone	contraindication	nephrocalcinosis
Spironolactone	contraindication	phosphorus metabolism disease
Metoprolol	contraindication	hypercalcemia disease
Metoprolol	contraindication	nephrocalcinosis
Metoprolol	contraindication	phosphorus metabolism disease
Ascorbic acid	contraindication	hypercalcemia disease
Ascorbic acid	contraindication	nephrocalcinosis
Ascorbic acid	contraindication	phosphorus metabolism disease
Reserpine	contraindication	hypercalcemia disease
Reserpine	contraindication	nephrocalcinosis
Reserpine	contraindication	phosphorus metabolism disease
Estradiol	contraindication	hypercalcemia disease
Estradiol	contraindication	nephrocalcinosis
Estradiol	contraindication	phosphorus metabolism disease
Ergocalciferol	contraindication	hypercalcemia disease
Ergocalciferol	contraindication	nephrocalcinosis
Ergocalciferol	contraindication	phosphorus metabolism disease
Phenobarbital	contraindication	hypercalcemia disease
Phenobarbital	contraindication	nephrocalcinosis
Phenobarbital	contraindication	phosphorus metabolism disease
Isotretinoin	contraindication	hypercalcemia disease
Isotretinoin	contraindication	nephrocalcinosis
Isotretinoin	contraindication	phosphorus metabolism disease
Nadolol	contraindication	hypercalcemia disease
Nadolol	contraindication	nephrocalcinosis
Nadolol	contraindication	phosphorus metabolism disease
Clonidine	contraindication	hypercalcemia disease
Clonidine	contraindication	nephrocalcinosis
Clonidine	contraindication	phosphorus metabolism disease
Triamterene	contraindication	hypercalcemia disease
Triamterene	contraindication	nephrocalcinosis
Triamterene	contraindication	phosphorus metabolism disease
Betamethasone	contraindication	hypercalcemia disease
Betamethasone	contraindication	nephrocalcinosis
Betamethasone	contraindication	phosphorus metabolism disease
Labetalol	contraindication	hypercalcemia disease
Labetalol	contraindication	nephrocalcinosis
Labetalol	contraindication	phosphorus metabolism disease
Magnesium citrate	contraindication	hypercalcemia disease
Magnesium citrate	contraindication	nephrocalcinosis
Magnesium citrate	contraindication	phosphorus metabolism disease
Calcitriol	contraindication	hypercalcemia disease
Calcitriol	contraindication	nephrocalcinosis
Calcitriol	contraindication	phosphorus metabolism disease
Calcium gluconate	contraindication	hypercalcemia disease
Calcium gluconate	contraindication	nephrocalcinosis
Calcium gluconate	contraindication	phosphorus metabolism disease
Atenolol	contraindication	hypercalcemia disease
Atenolol	contraindication	nephrocalcinosis
Atenolol	contraindication	phosphorus metabolism disease
Calcium glucoheptonate	contraindication	hypercalcemia disease
Calcium glucoheptonate	contraindication	nephrocalcinosis
Calcium glucoheptonate	contraindication	phosphorus metabolism disease
Calcium glycerophosphate	contraindication	hypercalcemia disease
Calcium glycerophosphate	contraindication	nephrocalcinosis
Calcium glycerophosphate	contraindication	phosphorus metabolism disease
Timolol	contraindication	hypercalcemia disease
Timolol	contraindication	nephrocalcinosis
Timolol	contraindication	phosphorus metabolism disease
Digoxin	contraindication	hypercalcemia disease
Digoxin	contraindication	nephrocalcinosis
Digoxin	contraindication	phosphorus metabolism disease
Calcifediol	contraindication	hypercalcemia disease
Calcifediol	contraindication	nephrocalcinosis
Calcifediol	contraindication	phosphorus metabolism disease
Metolazone	contraindication	hypercalcemia disease
Metolazone	contraindication	nephrocalcinosis
Metolazone	contraindication	phosphorus metabolism disease
Aliskiren	contraindication	hypercalcemia disease
Aliskiren	contraindication	nephrocalcinosis
Aliskiren	contraindication	phosphorus metabolism disease
Cianidanol	contraindication	hypercalcemia disease
Cianidanol	contraindication	nephrocalcinosis
Cianidanol	contraindication	phosphorus metabolism disease
Candesartan cilexetil	contraindication	hypercalcemia disease
Candesartan cilexetil	contraindication	nephrocalcinosis
Candesartan cilexetil	contraindication	phosphorus metabolism disease
Telmisartan	contraindication	hypercalcemia disease
Telmisartan	contraindication	nephrocalcinosis
Telmisartan	contraindication	phosphorus metabolism disease
Ferrous fumarate	contraindication	hypercalcemia disease
Ferrous fumarate	contraindication	nephrocalcinosis
Ferrous fumarate	contraindication	phosphorus metabolism disease
Irbesartan	contraindication	hypercalcemia disease
Irbesartan	contraindication	nephrocalcinosis
Irbesartan	contraindication	phosphorus metabolism disease
Valsartan	contraindication	hypercalcemia disease
Valsartan	contraindication	nephrocalcinosis
Valsartan	contraindication	phosphorus metabolism disease
Methyclothiazide	contraindication	hypercalcemia disease
Methyclothiazide	contraindication	nephrocalcinosis
Methyclothiazide	contraindication	phosphorus metabolism disease
Eprosartan	contraindication	hypercalcemia disease
Eprosartan	contraindication	nephrocalcinosis
Eprosartan	contraindication	phosphorus metabolism disease
Magnesium oxide	contraindication	hypercalcemia disease
Magnesium oxide	contraindication	nephrocalcinosis
Magnesium oxide	contraindication	phosphorus metabolism disease
Magnesium hydroxide	contraindication	hypercalcemia disease
Magnesium hydroxide	contraindication	nephrocalcinosis
Magnesium hydroxide	contraindication	phosphorus metabolism disease
Losartan	contraindication	hypercalcemia disease
Losartan	contraindication	nephrocalcinosis
Losartan	contraindication	phosphorus metabolism disease
Triethylenetetramine	contraindication	hypercalcemia disease
Triethylenetetramine	contraindication	nephrocalcinosis
Triethylenetetramine	contraindication	phosphorus metabolism disease
Risedronic acid	contraindication	hypercalcemia disease
Risedronic acid	contraindication	nephrocalcinosis
Risedronic acid	contraindication	phosphorus metabolism disease
Tamoxifen	contraindication	hypercalcemia disease
Tamoxifen	contraindication	nephrocalcinosis
Tamoxifen	contraindication	phosphorus metabolism disease
Stanozolol	contraindication	hypercalcemia disease
Stanozolol	contraindication	nephrocalcinosis
Stanozolol	contraindication	phosphorus metabolism disease
Moexipril	contraindication	hypercalcemia disease
Moexipril	contraindication	nephrocalcinosis
Moexipril	contraindication	phosphorus metabolism disease
Calcium chloride	contraindication	hypercalcemia disease
Calcium chloride	contraindication	nephrocalcinosis
Calcium chloride	contraindication	phosphorus metabolism disease
Fluticasone propionate	contraindication	pulmonary tuberculosis
Desonide	contraindication	pulmonary tuberculosis
Edetic acid	contraindication	pulmonary tuberculosis
Budesonide	contraindication	pulmonary tuberculosis
Fluticasone furoate	contraindication	pulmonary tuberculosis
Pyrazinamide	contraindication	substance abuse/dependence
Benzocaine	contraindication	substance abuse/dependence
Fluvastatin	contraindication	substance abuse/dependence
Glimepiride	contraindication	substance abuse/dependence
Fosphenytoin	contraindication	substance abuse/dependence
Guaifenesin	contraindication	substance abuse/dependence
Milnacipran	contraindication	substance abuse/dependence
Phenyltoloxamine	contraindication	substance abuse/dependence
Diphenoxylate	contraindication	substance abuse/dependence
Terbinafine	contraindication	substance abuse/dependence
Mepyramine	contraindication	substance abuse/dependence
Diethylpropion	contraindication	substance abuse/dependence
Pseudoephedrine	contraindication	substance abuse/dependence
Amlodipine	contraindication	substance abuse/dependence
Inositol	contraindication	substance abuse/dependence
Homatropine	contraindication	substance abuse/dependence
Brompheniramine	contraindication	substance abuse/dependence
Pheniramine	contraindication	substance abuse/dependence
Perazine	contraindication	substance abuse/dependence
Alimemazine	contraindication	substance abuse/dependence
Orphenadrine	contraindication	substance abuse/dependence
Riboflavin	contraindication	substance abuse/dependence
Pravastatin	contraindication	substance abuse/dependence
Warfarin	contraindication	substance abuse/dependence
Simvastatin	contraindication	substance abuse/dependence
Citric acid	contraindication	substance abuse/dependence
Butobarbital	contraindication	substance abuse/dependence
Dicyclomine	contraindication	substance abuse/dependence
Nafarelin	contraindication	substance abuse/dependence
Potassium Iodide	contraindication	substance abuse/dependence
Pentobarbital	contraindication	substance abuse/dependence
Secobarbital	contraindication	substance abuse/dependence
Codeine	contraindication	substance abuse/dependence
Lovastatin	contraindication	substance abuse/dependence
Isopropamide	contraindication	substance abuse/dependence
Trimipramine	contraindication	substance abuse/dependence
Melatonin	contraindication	substance abuse/dependence
Nortriptyline	contraindication	substance abuse/dependence
Meloxicam	contraindication	substance abuse/dependence
Medroxyprogesterone acetate	contraindication	substance abuse/dependence
Didanosine	contraindication	substance abuse/dependence
Mannitol	contraindication	substance abuse/dependence
Fluphenazine	contraindication	substance abuse/dependence
Modafinil	contraindication	substance abuse/dependence
Hydroxyzine	contraindication	substance abuse/dependence
Cycloserine	contraindication	substance abuse/dependence
Procarbazine	contraindication	substance abuse/dependence
Dicoumarol	contraindication	substance abuse/dependence
Metformin	contraindication	substance abuse/dependence
Inositol nicotinate	contraindication	substance abuse/dependence
Salicylamide	contraindication	substance abuse/dependence
Pyridoxine	contraindication	substance abuse/dependence
Meclofenamic acid	contraindication	substance abuse/dependence
Tolbutamide	contraindication	substance abuse/dependence
Rifapentine	contraindication	substance abuse/dependence
Tetracycline	contraindication	substance abuse/dependence
Tridihexethyl	contraindication	substance abuse/dependence
Isocarboxazid	contraindication	substance abuse/dependence
Phenylephrine	contraindication	substance abuse/dependence
Methotrexate	contraindication	substance abuse/dependence
Lindane	contraindication	substance abuse/dependence
Theophylline	contraindication	substance abuse/dependence
Promazine	contraindication	substance abuse/dependence
Perphenazine	contraindication	substance abuse/dependence
Prochlorperazine	contraindication	substance abuse/dependence
Dipyridamole	contraindication	substance abuse/dependence
Chlordiazepoxide	contraindication	substance abuse/dependence
Caffeine	contraindication	substance abuse/dependence
Apomorphine	contraindication	substance abuse/dependence
Progesterone	contraindication	substance abuse/dependence
Meprobamate	contraindication	substance abuse/dependence
Amobarbital	contraindication	substance abuse/dependence
Phenytoin	contraindication	substance abuse/dependence
Morphine	contraindication	substance abuse/dependence
Serine	contraindication	substance abuse/dependence
Magnesium carbonate	contraindication	substance abuse/dependence
Acetohydroxamic acid	contraindication	substance abuse/dependence
Isoniazid	contraindication	substance abuse/dependence
Nicotine	contraindication	substance abuse/dependence
Chloroquine	contraindication	substance abuse/dependence
Metamfetamine	contraindication	substance abuse/dependence
Ethionamide	contraindication	substance abuse/dependence
Dimenhydrinate	contraindication	substance abuse/dependence
Flurbiprofen	contraindication	substance abuse/dependence
Phenelzine	contraindication	substance abuse/dependence
Histamine	contraindication	substance abuse/dependence
Scopolamine	contraindication	substance abuse/dependence
Methadyl acetate	contraindication	substance abuse/dependence
Sodium oxybate	contraindication	substance abuse/dependence
Chlorpromazine	contraindication	substance abuse/dependence
Imipramine	contraindication	substance abuse/dependence
Amitriptyline	contraindication	substance abuse/dependence
Desipramine	contraindication	substance abuse/dependence
Estradiol	contraindication	substance abuse/dependence
Phenobarbital	contraindication	substance abuse/dependence
Sitagliptin	contraindication	substance abuse/dependence
Dyphylline	contraindication	substance abuse/dependence
Isotretinoin	contraindication	substance abuse/dependence
Doxylamine	contraindication	substance abuse/dependence
Chlorphentermine	contraindication	substance abuse/dependence
Fenfluramine	contraindication	substance abuse/dependence
Metronidazole	contraindication	substance abuse/dependence
Protriptyline	contraindication	substance abuse/dependence
Nabumetone	contraindication	substance abuse/dependence
Dexmethylphenidate	contraindication	substance abuse/dependence
Bupivacaine	contraindication	substance abuse/dependence
Sulindac	contraindication	substance abuse/dependence
Piroxicam	contraindication	substance abuse/dependence
Saxagliptin	contraindication	substance abuse/dependence
Bupropion	contraindication	substance abuse/dependence
Cefamandole	contraindication	substance abuse/dependence
Dexfenfluramine	contraindication	substance abuse/dependence
Estradiol cypionate	contraindication	substance abuse/dependence
Stavudine	contraindication	substance abuse/dependence
Clomipramine	contraindication	substance abuse/dependence
Tretinoin	contraindication	substance abuse/dependence
Amphetamine	contraindication	substance abuse/dependence
Ephedrine	contraindication	substance abuse/dependence
Calcium gluconate	contraindication	substance abuse/dependence
Fenoprofen	contraindication	substance abuse/dependence
Glipizide	contraindication	substance abuse/dependence
Difenoxin	contraindication	substance abuse/dependence
Rosuvastatin	contraindication	substance abuse/dependence
Acetophenazine	contraindication	substance abuse/dependence
Tramadol	contraindication	substance abuse/dependence
Dexchlorpheniramine	contraindication	substance abuse/dependence
Naproxen	contraindication	substance abuse/dependence
Loxapine	contraindication	substance abuse/dependence
Magnesium salicylate	contraindication	substance abuse/dependence
Riluzole	contraindication	substance abuse/dependence
Celecoxib	contraindication	substance abuse/dependence
Doxepin	contraindication	substance abuse/dependence
Ezetimibe	contraindication	substance abuse/dependence
Ibuprofen	contraindication	substance abuse/dependence
Tranylcypromine	contraindication	substance abuse/dependence
Bexarotene	contraindication	substance abuse/dependence
Diclofenac	contraindication	substance abuse/dependence
Tolvaptan	contraindication	substance abuse/dependence
Bismuth subsalicylate	contraindication	substance abuse/dependence
Phenylpropanolamine	contraindication	substance abuse/dependence
Triflupromazine	contraindication	substance abuse/dependence
Amoxapine	contraindication	substance abuse/dependence
Lidocaine	contraindication	substance abuse/dependence
Repaglinide	contraindication	substance abuse/dependence
Atorvastatin	contraindication	substance abuse/dependence
Phenmetrazine	contraindication	substance abuse/dependence
Rifampicin	contraindication	substance abuse/dependence
Chlorpheniramine	contraindication	substance abuse/dependence
Dexbrompheniramine	contraindication	substance abuse/dependence
Saquinavir	contraindication	substance abuse/dependence
Griseofulvin	contraindication	substance abuse/dependence
Dextromethorphan	contraindication	substance abuse/dependence
Oxyphencyclimine	contraindication	substance abuse/dependence
Butabarbital	contraindication	substance abuse/dependence
Primidone	contraindication	substance abuse/dependence
Hydrocodone	contraindication	substance abuse/dependence
Dihydrocodeine	contraindication	substance abuse/dependence
Phentermine	contraindication	substance abuse/dependence
Hydroxychloroquine	contraindication	substance abuse/dependence
Duloxetine	contraindication	substance abuse/dependence
Tolazamide	contraindication	substance abuse/dependence
Methylphenobarbital	contraindication	substance abuse/dependence
Methylphenidate	contraindication	substance abuse/dependence
Ergotamine	contraindication	substance abuse/dependence
Pioglitazone	contraindication	substance abuse/dependence
Sumatriptan	contraindication	substance abuse/dependence
Lansoprazole	contraindication	substance abuse/dependence
Maprotiline	contraindication	substance abuse/dependence
Glyburide	contraindication	substance abuse/dependence
Hyoscyamine	contraindication	substance abuse/dependence
Nicotinamide	contraindication	acute coronary syndrome
Inositol	contraindication	acute coronary syndrome
Pheniramine	contraindication	acute coronary syndrome
Ganciclovir	contraindication	acute coronary syndrome
Simvastatin	contraindication	acute coronary syndrome
Sodium phosphate, monobasic	contraindication	acute coronary syndrome
Lovastatin	contraindication	acute coronary syndrome
Modafinil	contraindication	acute coronary syndrome
Inositol nicotinate	contraindication	acute coronary syndrome
Adenosine	contraindication	acute coronary syndrome
Dipyridamole	contraindication	acute coronary syndrome
Nicotine	contraindication	acute coronary syndrome
Dimenhydrinate	contraindication	acute coronary syndrome
Sorafenib	contraindication	acute coronary syndrome
Vardenafil	contraindication	acute coronary syndrome
Nifedipine	contraindication	acute coronary syndrome
Tadalafil	contraindication	acute coronary syndrome
Sildenafil	contraindication	acute coronary syndrome
Nicotinamide	contraindication	sickle cell anemia
Nicotinamide	contraindication	hereditary persistence of fetal hemoglobin
Racementhol	contraindication	sickle cell anemia
Racementhol	contraindication	hereditary persistence of fetal hemoglobin
Pantothenic acid	contraindication	sickle cell anemia
Pantothenic acid	contraindication	hereditary persistence of fetal hemoglobin
Ferrous sulfate anhydrous	contraindication	sickle cell anemia
Ferrous sulfate anhydrous	contraindication	hereditary persistence of fetal hemoglobin
Alprostadil	contraindication	sickle cell anemia
Alprostadil	contraindication	hereditary persistence of fetal hemoglobin
Potassium chloride	contraindication	sickle cell anemia
Potassium chloride	contraindication	hereditary persistence of fetal hemoglobin
Vitamin A	contraindication	sickle cell anemia
Vitamin A	contraindication	hereditary persistence of fetal hemoglobin
Cholecalciferol	contraindication	sickle cell anemia
Cholecalciferol	contraindication	hereditary persistence of fetal hemoglobin
Folic acid	contraindication	sickle cell anemia
Folic acid	contraindication	hereditary persistence of fetal hemoglobin
Ascorbic acid	contraindication	sickle cell anemia
Ascorbic acid	contraindication	hereditary persistence of fetal hemoglobin
Ergocalciferol	contraindication	sickle cell anemia
Ergocalciferol	contraindication	hereditary persistence of fetal hemoglobin
Zinc gluconate	contraindication	sickle cell anemia
Zinc gluconate	contraindication	hereditary persistence of fetal hemoglobin
Ribavirin	contraindication	sickle cell anemia
Ribavirin	contraindication	hereditary persistence of fetal hemoglobin
Vardenafil	contraindication	sickle cell anemia
Vardenafil	contraindication	hereditary persistence of fetal hemoglobin
Tadalafil	contraindication	sickle cell anemia
Tadalafil	contraindication	hereditary persistence of fetal hemoglobin
Rutin	contraindication	sickle cell anemia
Rutin	contraindication	hereditary persistence of fetal hemoglobin
Phenylpropanolamine	contraindication	sickle cell anemia
Phenylpropanolamine	contraindication	hereditary persistence of fetal hemoglobin
Ferrous fumarate	contraindication	sickle cell anemia
Ferrous fumarate	contraindication	hereditary persistence of fetal hemoglobin
Sildenafil	contraindication	sickle cell anemia
Sildenafil	contraindication	hereditary persistence of fetal hemoglobin
Zinc oxide	contraindication	sickle cell anemia
Zinc oxide	contraindication	hereditary persistence of fetal hemoglobin
Succinic acid	contraindication	sickle cell anemia
Succinic acid	contraindication	hereditary persistence of fetal hemoglobin
Docusate	contraindication	sickle cell anemia
Docusate	contraindication	hereditary persistence of fetal hemoglobin
Benzocaine	contraindication	methemoglobinemia
Benzocaine	contraindication	sulfhemoglobinemia
Racementhol	contraindication	methemoglobinemia
Racementhol	contraindication	sulfhemoglobinemia
Amyl Nitrite	contraindication	methemoglobinemia
Amyl Nitrite	contraindication	sulfhemoglobinemia
Nitrogen	contraindication	methemoglobinemia
Nitrogen	contraindication	sulfhemoglobinemia
Flutamide	contraindication	methemoglobinemia
Flutamide	contraindication	sulfhemoglobinemia
Dextromethorphan	contraindication	methemoglobinemia
Dextromethorphan	contraindication	sulfhemoglobinemia
Resorcinol	contraindication	methemoglobinemia
Resorcinol	contraindication	sulfhemoglobinemia
Nitric Oxide	contraindication	methemoglobinemia
Nitric Oxide	contraindication	sulfhemoglobinemia
Nicotinamide	contraindication	goiter (disease)
Nicotinamide	contraindication	thyroid gland disease
Pheniramine	contraindication	goiter (disease)
Pheniramine	contraindication	thyroid gland disease
Potassium Iodide	contraindication	goiter (disease)
Potassium Iodide	contraindication	thyroid gland disease
Codeine	contraindication	goiter (disease)
Codeine	contraindication	thyroid gland disease
Aminosalicylic acid	contraindication	goiter (disease)
Aminosalicylic acid	contraindication	thyroid gland disease
Phenylephrine	contraindication	goiter (disease)
Phenylephrine	contraindication	thyroid gland disease
Theophylline	contraindication	goiter (disease)
Theophylline	contraindication	thyroid gland disease
Phenobarbital	contraindication	goiter (disease)
Phenobarbital	contraindication	thyroid gland disease
Ephedrine	contraindication	goiter (disease)
Ephedrine	contraindication	thyroid gland disease
Chlorpheniramine	contraindication	goiter (disease)
Chlorpheniramine	contraindication	thyroid gland disease
Dextromethorphan	contraindication	goiter (disease)
Dextromethorphan	contraindication	thyroid gland disease
Nicotinamide	contraindication	Hashimoto thyroiditis
Pheniramine	contraindication	Hashimoto thyroiditis
Potassium Iodide	contraindication	Hashimoto thyroiditis
Codeine	contraindication	Hashimoto thyroiditis
Phenylephrine	contraindication	Hashimoto thyroiditis
Theophylline	contraindication	Hashimoto thyroiditis
Phenobarbital	contraindication	Hashimoto thyroiditis
Ephedrine	contraindication	Hashimoto thyroiditis
Chlorpheniramine	contraindication	Hashimoto thyroiditis
Dextromethorphan	contraindication	Hashimoto thyroiditis
Nicotinamide	contraindication	hemophilia
Benzocaine	contraindication	hemophilia
Phenyltoloxamine	contraindication	hemophilia
Ardeparin	contraindication	hemophilia
Heparin	contraindication	hemophilia
Enoxaparin	contraindication	hemophilia
Adomiparin	contraindication	hemophilia
Dalteparin	contraindication	hemophilia
Parnaparin	contraindication	hemophilia
Heparin, bovine	contraindication	hemophilia
Racementhol	contraindication	hemophilia
Pheniramine	contraindication	hemophilia
Orphenadrine	contraindication	hemophilia
Riboflavin	contraindication	hemophilia
Pravastatin	contraindication	hemophilia
Dexpanthenol	contraindication	hemophilia
Citric acid	contraindication	hemophilia
Tromethamine	contraindication	hemophilia
Codeine	contraindication	hemophilia
Sodium phosphate, monobasic	contraindication	hemophilia
Ketorolac	contraindication	hemophilia
Benzoic acid	contraindication	hemophilia
Salicylamide	contraindication	hemophilia
Choline magnesium trisalicylate	contraindication	hemophilia
Methylene blue	contraindication	hemophilia
Phenylephrine	contraindication	hemophilia
Dipyridamole	contraindication	hemophilia
Caffeine	contraindication	hemophilia
Meprobamate	contraindication	hemophilia
Salsalate	contraindication	hemophilia
Phenobarbital	contraindication	hemophilia
Capsaicin	contraindication	hemophilia
Pentosan polysulfate	contraindication	hemophilia
Calcium gluconate	contraindication	hemophilia
Atazanavir	contraindication	hemophilia
Magnesium salicylate	contraindication	hemophilia
Nelfinavir	contraindication	hemophilia
Indinavir	contraindication	hemophilia
Phenylpropanolamine	contraindication	hemophilia
Lidocaine	contraindication	hemophilia
Chlorpheniramine	contraindication	hemophilia
Hydrocodone	contraindication	hemophilia
Dihydrocodeine	contraindication	hemophilia
Hyoscyamine	contraindication	hemophilia
Methenamine	contraindication	hemophilia
Nicotinamide	contraindication	primary hyperoxaluria
Orlistat	contraindication	primary hyperoxaluria
Racementhol	contraindication	primary hyperoxaluria
Pantothenic acid	contraindication	primary hyperoxaluria
Ferrous sulfate anhydrous	contraindication	primary hyperoxaluria
Potassium chloride	contraindication	primary hyperoxaluria
Vitamin A	contraindication	primary hyperoxaluria
Cholecalciferol	contraindication	primary hyperoxaluria
Folic acid	contraindication	primary hyperoxaluria
Ascorbic acid	contraindication	primary hyperoxaluria
Ergocalciferol	contraindication	primary hyperoxaluria
Zinc gluconate	contraindication	primary hyperoxaluria
Rutin	contraindication	primary hyperoxaluria
Phenylpropanolamine	contraindication	primary hyperoxaluria
Ferrous fumarate	contraindication	primary hyperoxaluria
Zinc oxide	contraindication	primary hyperoxaluria
Succinic acid	contraindication	primary hyperoxaluria
Docusate	contraindication	primary hyperoxaluria
Nicotinamide	contraindication	hereditary hemochromatosis
Nicotinamide	contraindication	hemosiderosis
Nicotinamide	contraindication	iron metabolism disease
Nicotinamide	contraindication	Wilson disease
Racementhol	contraindication	hereditary hemochromatosis
Racementhol	contraindication	hemosiderosis
Racementhol	contraindication	iron metabolism disease
Racementhol	contraindication	Wilson disease
Pantothenic acid	contraindication	hereditary hemochromatosis
Pantothenic acid	contraindication	hemosiderosis
Pantothenic acid	contraindication	iron metabolism disease
Pantothenic acid	contraindication	Wilson disease
Ferrous sulfate anhydrous	contraindication	hereditary hemochromatosis
Ferrous sulfate anhydrous	contraindication	hemosiderosis
Ferrous sulfate anhydrous	contraindication	iron metabolism disease
Ferrous sulfate anhydrous	contraindication	Wilson disease
Potassium chloride	contraindication	hereditary hemochromatosis
Potassium chloride	contraindication	hemosiderosis
Potassium chloride	contraindication	iron metabolism disease
Potassium chloride	contraindication	Wilson disease
Iron	contraindication	hereditary hemochromatosis
Iron	contraindication	hemosiderosis
Iron	contraindication	iron metabolism disease
Iron	contraindication	Wilson disease
Vitamin A	contraindication	hereditary hemochromatosis
Vitamin A	contraindication	hemosiderosis
Vitamin A	contraindication	iron metabolism disease
Vitamin A	contraindication	Wilson disease
Cholecalciferol	contraindication	hereditary hemochromatosis
Cholecalciferol	contraindication	hemosiderosis
Cholecalciferol	contraindication	iron metabolism disease
Cholecalciferol	contraindication	Wilson disease
Pyridoxine	contraindication	hereditary hemochromatosis
Pyridoxine	contraindication	hemosiderosis
Pyridoxine	contraindication	iron metabolism disease
Pyridoxine	contraindication	Wilson disease
Folic acid	contraindication	hereditary hemochromatosis
Folic acid	contraindication	hemosiderosis
Folic acid	contraindication	iron metabolism disease
Folic acid	contraindication	Wilson disease
Ascorbic acid	contraindication	hereditary hemochromatosis
Ascorbic acid	contraindication	hemosiderosis
Ascorbic acid	contraindication	iron metabolism disease
Ascorbic acid	contraindication	Wilson disease
Ergocalciferol	contraindication	hereditary hemochromatosis
Ergocalciferol	contraindication	hemosiderosis
Ergocalciferol	contraindication	iron metabolism disease
Ergocalciferol	contraindication	Wilson disease
Zinc gluconate	contraindication	hereditary hemochromatosis
Zinc gluconate	contraindication	hemosiderosis
Zinc gluconate	contraindication	iron metabolism disease
Zinc gluconate	contraindication	Wilson disease
Ferric maltol	contraindication	hereditary hemochromatosis
Ferric maltol	contraindication	hemosiderosis
Ferric maltol	contraindication	iron metabolism disease
Ferric maltol	contraindication	Wilson disease
Ferrous gluconate	contraindication	hereditary hemochromatosis
Ferrous gluconate	contraindication	hemosiderosis
Ferrous gluconate	contraindication	iron metabolism disease
Ferrous gluconate	contraindication	Wilson disease
Hematin	contraindication	hereditary hemochromatosis
Hematin	contraindication	hemosiderosis
Hematin	contraindication	iron metabolism disease
Hematin	contraindication	Wilson disease
Rutin	contraindication	hereditary hemochromatosis
Rutin	contraindication	hemosiderosis
Rutin	contraindication	iron metabolism disease
Rutin	contraindication	Wilson disease
Phenylpropanolamine	contraindication	hereditary hemochromatosis
Phenylpropanolamine	contraindication	hemosiderosis
Phenylpropanolamine	contraindication	iron metabolism disease
Phenylpropanolamine	contraindication	Wilson disease
Ferrous fumarate	contraindication	hereditary hemochromatosis
Ferrous fumarate	contraindication	hemosiderosis
Ferrous fumarate	contraindication	iron metabolism disease
Ferrous fumarate	contraindication	Wilson disease
Zinc oxide	contraindication	hereditary hemochromatosis
Zinc oxide	contraindication	hemosiderosis
Zinc oxide	contraindication	iron metabolism disease
Zinc oxide	contraindication	Wilson disease
Succinic acid	contraindication	hereditary hemochromatosis
Succinic acid	contraindication	hemosiderosis
Succinic acid	contraindication	iron metabolism disease
Succinic acid	contraindication	Wilson disease
Docusate	contraindication	hereditary hemochromatosis
Docusate	contraindication	hemosiderosis
Docusate	contraindication	iron metabolism disease
Docusate	contraindication	Wilson disease
Estradiol valerate	contraindication	hypertriglyceridemia (disease)
Venlafaxine	contraindication	hypertriglyceridemia (disease)
Desvenlafaxine	contraindication	hypertriglyceridemia (disease)
Mirtazapine	contraindication	hypertriglyceridemia (disease)
Raloxifene	contraindication	hypertriglyceridemia (disease)
Levonorgestrel	contraindication	hypertriglyceridemia (disease)
Fluoxymesterone	contraindication	hypertriglyceridemia (disease)
Mestranol	contraindication	hypertriglyceridemia (disease)
Medroxyprogesterone acetate	contraindication	hypertriglyceridemia (disease)
Didanosine	contraindication	hypertriglyceridemia (disease)
Norethisterone	contraindication	hypertriglyceridemia (disease)
Drospirenone	contraindication	hypertriglyceridemia (disease)
Cyclosporine	contraindication	hypertriglyceridemia (disease)
Chlorothiazide	contraindication	hypertriglyceridemia (disease)
Chlordiazepoxide	contraindication	hypertriglyceridemia (disease)
Testosterone	contraindication	hypertriglyceridemia (disease)
Testosterone cypionate	contraindication	hypertriglyceridemia (disease)
Methyltestosterone	contraindication	hypertriglyceridemia (disease)
Progesterone	contraindication	hypertriglyceridemia (disease)
Ethinylestradiol	contraindication	hypertriglyceridemia (disease)
Meprobamate	contraindication	hypertriglyceridemia (disease)
Torasemide	contraindication	hypertriglyceridemia (disease)
Methyldopa	contraindication	hypertriglyceridemia (disease)
Fluoxetine	contraindication	hypertriglyceridemia (disease)
Etretinate	contraindication	hypertriglyceridemia (disease)
Sirolimus	contraindication	hypertriglyceridemia (disease)
Estrone	contraindication	hypertriglyceridemia (disease)
Reserpine	contraindication	hypertriglyceridemia (disease)
Estradiol	contraindication	hypertriglyceridemia (disease)
Isotretinoin	contraindication	hypertriglyceridemia (disease)
Norgestimate	contraindication	hypertriglyceridemia (disease)
Levomefolic acid	contraindication	hypertriglyceridemia (disease)
Testosterone enanthate	contraindication	hypertriglyceridemia (disease)
Estradiol cypionate	contraindication	hypertriglyceridemia (disease)
Zidovudine	contraindication	hypertriglyceridemia (disease)
Tretinoin	contraindication	hypertriglyceridemia (disease)
Fosamprenavir	contraindication	hypertriglyceridemia (disease)
Darunavir	contraindication	hypertriglyceridemia (disease)
Tenofovir disoproxil	contraindication	hypertriglyceridemia (disease)
Lopinavir	contraindication	hypertriglyceridemia (disease)
Tipranavir	contraindication	hypertriglyceridemia (disease)
Clevidipine	contraindication	hypertriglyceridemia (disease)
Amprenavir	contraindication	hypertriglyceridemia (disease)
Everolimus	contraindication	hypertriglyceridemia (disease)
Ritonavir	contraindication	hypertriglyceridemia (disease)
Efavirenz	contraindication	hypertriglyceridemia (disease)
Quinestrol	contraindication	hypertriglyceridemia (disease)
Indinavir	contraindication	hypertriglyceridemia (disease)
Tenofovir	contraindication	hypertriglyceridemia (disease)
Emtricitabine	contraindication	hypertriglyceridemia (disease)
Ferrous fumarate	contraindication	hypertriglyceridemia (disease)
Abacavir	contraindication	hypertriglyceridemia (disease)
Methyclothiazide	contraindication	hypertriglyceridemia (disease)
Lamivudine	contraindication	hypertriglyceridemia (disease)
Olanzapine	contraindication	hypertriglyceridemia (disease)
Saquinavir	contraindication	hypertriglyceridemia (disease)
Tranexamic acid	contraindication	hypertriglyceridemia (disease)
Quetiapine	contraindication	hypertriglyceridemia (disease)
Estradiol valerate	contraindication	hypercalcemia disease
Estradiol valerate	contraindication	nephrocalcinosis
Estradiol valerate	contraindication	phosphorus metabolism disease
Guaifenesin	contraindication	hypercalcemia disease
Guaifenesin	contraindication	nephrocalcinosis
Guaifenesin	contraindication	phosphorus metabolism disease
Romosozumab	contraindication	hypercalcemia disease
Romosozumab	contraindication	nephrocalcinosis
Romosozumab	contraindication	phosphorus metabolism disease
Guaiacol	contraindication	hypercalcemia disease
Guaiacol	contraindication	nephrocalcinosis
Guaiacol	contraindication	phosphorus metabolism disease
Tiludronic acid	contraindication	hypercalcemia disease
Tiludronic acid	contraindication	nephrocalcinosis
Tiludronic acid	contraindication	phosphorus metabolism disease
Potassium citrate	contraindication	hypercalcemia disease
Potassium citrate	contraindication	nephrocalcinosis
Potassium citrate	contraindication	phosphorus metabolism disease
Itraconazole	contraindication	hypercalcemia disease
Itraconazole	contraindication	nephrocalcinosis
Itraconazole	contraindication	phosphorus metabolism disease
Cisapride	contraindication	hypercalcemia disease
Cisapride	contraindication	nephrocalcinosis
Cisapride	contraindication	phosphorus metabolism disease
Levonorgestrel	contraindication	hypercalcemia disease
Levonorgestrel	contraindication	nephrocalcinosis
Levonorgestrel	contraindication	phosphorus metabolism disease
Citric acid	contraindication	hypercalcemia disease
Citric acid	contraindication	nephrocalcinosis
Citric acid	contraindication	phosphorus metabolism disease
Sodium phosphate, monobasic	contraindication	hypercalcemia disease
Sodium phosphate, monobasic	contraindication	nephrocalcinosis
Sodium phosphate, monobasic	contraindication	phosphorus metabolism disease
Magnesium sulfate	contraindication	hypercalcemia disease
Magnesium sulfate	contraindication	nephrocalcinosis
Magnesium sulfate	contraindication	phosphorus metabolism disease
Medroxyprogesterone acetate	contraindication	hypercalcemia disease
Medroxyprogesterone acetate	contraindication	nephrocalcinosis
Medroxyprogesterone acetate	contraindication	phosphorus metabolism disease
Fusidic acid	contraindication	hypercalcemia disease
Fusidic acid	contraindication	nephrocalcinosis
Fusidic acid	contraindication	phosphorus metabolism disease
Norethisterone	contraindication	hypercalcemia disease
Norethisterone	contraindication	nephrocalcinosis
Norethisterone	contraindication	phosphorus metabolism disease
Sodium citrate	contraindication	hypercalcemia disease
Sodium citrate	contraindication	nephrocalcinosis
Sodium citrate	contraindication	phosphorus metabolism disease
Drospirenone	contraindication	hypercalcemia disease
Drospirenone	contraindication	nephrocalcinosis
Drospirenone	contraindication	phosphorus metabolism disease
Nilotinib	contraindication	hypercalcemia disease
Nilotinib	contraindication	nephrocalcinosis
Nilotinib	contraindication	phosphorus metabolism disease
Methylene blue	contraindication	hypercalcemia disease
Methylene blue	contraindication	nephrocalcinosis
Methylene blue	contraindication	phosphorus metabolism disease
Bisacodyl	contraindication	hypercalcemia disease
Bisacodyl	contraindication	nephrocalcinosis
Bisacodyl	contraindication	phosphorus metabolism disease
Edetic acid	contraindication	hypercalcemia disease
Edetic acid	contraindication	nephrocalcinosis
Edetic acid	contraindication	phosphorus metabolism disease
Phenylephrine	contraindication	hypercalcemia disease
Phenylephrine	contraindication	nephrocalcinosis
Phenylephrine	contraindication	phosphorus metabolism disease
Kanamycin	contraindication	hypercalcemia disease
Kanamycin	contraindication	nephrocalcinosis
Kanamycin	contraindication	phosphorus metabolism disease
Chlordiazepoxide	contraindication	hypercalcemia disease
Chlordiazepoxide	contraindication	nephrocalcinosis
Chlordiazepoxide	contraindication	phosphorus metabolism disease
Testosterone cypionate	contraindication	hypercalcemia disease
Testosterone cypionate	contraindication	nephrocalcinosis
Testosterone cypionate	contraindication	phosphorus metabolism disease
Streptomycin	contraindication	hypercalcemia disease
Streptomycin	contraindication	nephrocalcinosis
Streptomycin	contraindication	phosphorus metabolism disease
Progesterone	contraindication	hypercalcemia disease
Progesterone	contraindication	nephrocalcinosis
Progesterone	contraindication	phosphorus metabolism disease
Meprobamate	contraindication	hypercalcemia disease
Meprobamate	contraindication	nephrocalcinosis
Meprobamate	contraindication	phosphorus metabolism disease
Furosemide	contraindication	hypercalcemia disease
Furosemide	contraindication	nephrocalcinosis
Furosemide	contraindication	phosphorus metabolism disease
Estrone	contraindication	hypercalcemia disease
Estrone	contraindication	nephrocalcinosis
Estrone	contraindication	phosphorus metabolism disease
Salmon calcitonin	contraindication	hypercalcemia disease
Salmon calcitonin	contraindication	nephrocalcinosis
Salmon calcitonin	contraindication	phosphorus metabolism disease
Pazopanib	contraindication	hypercalcemia disease
Pazopanib	contraindication	nephrocalcinosis
Pazopanib	contraindication	phosphorus metabolism disease
Vandetanib	contraindication	hypercalcemia disease
Vandetanib	contraindication	nephrocalcinosis
Vandetanib	contraindication	phosphorus metabolism disease
Pamidronic acid	contraindication	hypercalcemia disease
Pamidronic acid	contraindication	nephrocalcinosis
Pamidronic acid	contraindication	phosphorus metabolism disease
Amikacin	contraindication	hypercalcemia disease
Amikacin	contraindication	nephrocalcinosis
Amikacin	contraindication	phosphorus metabolism disease
Norgestimate	contraindication	hypercalcemia disease
Norgestimate	contraindication	nephrocalcinosis
Norgestimate	contraindication	phosphorus metabolism disease
Tobramycin	contraindication	hypercalcemia disease
Tobramycin	contraindication	nephrocalcinosis
Tobramycin	contraindication	phosphorus metabolism disease
Levomefolic acid	contraindication	hypercalcemia disease
Levomefolic acid	contraindication	nephrocalcinosis
Levomefolic acid	contraindication	phosphorus metabolism disease
Testosterone enanthate	contraindication	hypercalcemia disease
Testosterone enanthate	contraindication	nephrocalcinosis
Testosterone enanthate	contraindication	phosphorus metabolism disease
Estradiol cypionate	contraindication	hypercalcemia disease
Estradiol cypionate	contraindication	nephrocalcinosis
Estradiol cypionate	contraindication	phosphorus metabolism disease
Estramustine	contraindication	hypercalcemia disease
Estramustine	contraindication	nephrocalcinosis
Estramustine	contraindication	phosphorus metabolism disease
Bumetanide	contraindication	hypercalcemia disease
Bumetanide	contraindication	nephrocalcinosis
Bumetanide	contraindication	phosphorus metabolism disease
Etidronic acid	contraindication	hypercalcemia disease
Etidronic acid	contraindication	nephrocalcinosis
Etidronic acid	contraindication	phosphorus metabolism disease
Polyethylene glycol	contraindication	hypercalcemia disease
Polyethylene glycol	contraindication	nephrocalcinosis
Polyethylene glycol	contraindication	phosphorus metabolism disease
Polyethylene glycol 400	contraindication	hypercalcemia disease
Polyethylene glycol 400	contraindication	nephrocalcinosis
Polyethylene glycol 400	contraindication	phosphorus metabolism disease
Polyethylene glycol 300	contraindication	hypercalcemia disease
Polyethylene glycol 300	contraindication	nephrocalcinosis
Polyethylene glycol 300	contraindication	phosphorus metabolism disease
Polyethylene glycol 3500	contraindication	hypercalcemia disease
Polyethylene glycol 3500	contraindication	nephrocalcinosis
Polyethylene glycol 3500	contraindication	phosphorus metabolism disease
Quinestrol	contraindication	hypercalcemia disease
Quinestrol	contraindication	nephrocalcinosis
Quinestrol	contraindication	phosphorus metabolism disease
Vorinostat	contraindication	hypercalcemia disease
Vorinostat	contraindication	nephrocalcinosis
Vorinostat	contraindication	phosphorus metabolism disease
Voriconazole	contraindication	hypercalcemia disease
Voriconazole	contraindication	nephrocalcinosis
Voriconazole	contraindication	phosphorus metabolism disease
Dextromethorphan	contraindication	hypercalcemia disease
Dextromethorphan	contraindication	nephrocalcinosis
Dextromethorphan	contraindication	phosphorus metabolism disease
Ammonium chloride	contraindication	hypercalcemia disease
Ammonium chloride	contraindication	nephrocalcinosis
Ammonium chloride	contraindication	phosphorus metabolism disease
Zoledronic acid	contraindication	hypercalcemia disease
Zoledronic acid	contraindication	nephrocalcinosis
Zoledronic acid	contraindication	phosphorus metabolism disease
Ibandronate	contraindication	hypercalcemia disease
Ibandronate	contraindication	nephrocalcinosis
Ibandronate	contraindication	phosphorus metabolism disease
Hyoscyamine	contraindication	hypercalcemia disease
Hyoscyamine	contraindication	nephrocalcinosis
Hyoscyamine	contraindication	phosphorus metabolism disease
Methenamine	contraindication	hypercalcemia disease
Methenamine	contraindication	nephrocalcinosis
Methenamine	contraindication	phosphorus metabolism disease
Pentamidine	contraindication	hypercalcemia disease
Pentamidine	contraindication	nephrocalcinosis
Pentamidine	contraindication	phosphorus metabolism disease
Estradiol valerate	contraindication	female breast carcinoma
Perazine	contraindication	female breast carcinoma
Alimemazine	contraindication	female breast carcinoma
Phylloquinone	contraindication	female breast carcinoma
Levonorgestrel	contraindication	female breast carcinoma
Fluoxymesterone	contraindication	female breast carcinoma
Isopropamide	contraindication	female breast carcinoma
Molindone	contraindication	female breast carcinoma
Mestranol	contraindication	female breast carcinoma
Medroxyprogesterone acetate	contraindication	female breast carcinoma
Fluphenazine	contraindication	female breast carcinoma
Norethisterone	contraindication	female breast carcinoma
Drospirenone	contraindication	female breast carcinoma
Cholecalciferol	contraindication	female breast carcinoma
Promazine	contraindication	female breast carcinoma
Perphenazine	contraindication	female breast carcinoma
Prochlorperazine	contraindication	female breast carcinoma
Chlordiazepoxide	contraindication	female breast carcinoma
Testosterone	contraindication	female breast carcinoma
Testosterone cypionate	contraindication	female breast carcinoma
Methyltestosterone	contraindication	female breast carcinoma
Progesterone	contraindication	female breast carcinoma
Ethinylestradiol	contraindication	female breast carcinoma
Meprobamate	contraindication	female breast carcinoma
Fluoxetine	contraindication	female breast carcinoma
Estrone	contraindication	female breast carcinoma
Haloperidol	contraindication	female breast carcinoma
Chlorpromazine	contraindication	female breast carcinoma
Amitriptyline	contraindication	female breast carcinoma
Estradiol	contraindication	female breast carcinoma
Ergocalciferol	contraindication	female breast carcinoma
Oxymetholone	contraindication	female breast carcinoma
Norgestimate	contraindication	female breast carcinoma
Thiothixene	contraindication	female breast carcinoma
Levomefolic acid	contraindication	female breast carcinoma
Testosterone enanthate	contraindication	female breast carcinoma
Estradiol cypionate	contraindication	female breast carcinoma
Acetophenazine	contraindication	female breast carcinoma
Pimozide	contraindication	female breast carcinoma
Loxapine	contraindication	female breast carcinoma
Danazol	contraindication	female breast carcinoma
Quinestrol	contraindication	female breast carcinoma
Ziprasidone	contraindication	female breast carcinoma
Triflupromazine	contraindication	female breast carcinoma
Paliperidone	contraindication	female breast carcinoma
Ferrous fumarate	contraindication	female breast carcinoma
Iloperidone	contraindication	female breast carcinoma
Olanzapine	contraindication	female breast carcinoma
Magnesium oxide	contraindication	female breast carcinoma
Tranexamic acid	contraindication	female breast carcinoma
Trifluoperazine	contraindication	female breast carcinoma
Chlorprothixene	contraindication	female breast carcinoma
Quetiapine	contraindication	female breast carcinoma
Risperidone	contraindication	female breast carcinoma
Estradiol valerate	contraindication	heart disease
Estradiol valerate	contraindication	cardiovascular disease
Tetracaine	contraindication	heart disease
Tetracaine	contraindication	cardiovascular disease
Chlorpropamide	contraindication	heart disease
Chlorpropamide	contraindication	cardiovascular disease
Synephrine	contraindication	heart disease
Synephrine	contraindication	cardiovascular disease
Guaifenesin	contraindication	heart disease
Guaifenesin	contraindication	cardiovascular disease
Polyvinyl alcohol	contraindication	heart disease
Polyvinyl alcohol	contraindication	cardiovascular disease
Pheniramine	contraindication	heart disease
Pheniramine	contraindication	cardiovascular disease
Calcium lactate	contraindication	heart disease
Calcium lactate	contraindication	cardiovascular disease
Pentobarbital	contraindication	heart disease
Pentobarbital	contraindication	cardiovascular disease
Secobarbital	contraindication	heart disease
Secobarbital	contraindication	cardiovascular disease
Potassium chloride	contraindication	heart disease
Potassium chloride	contraindication	cardiovascular disease
Anagrelide	contraindication	heart disease
Anagrelide	contraindication	cardiovascular disease
Calcium acetate	contraindication	heart disease
Calcium acetate	contraindication	cardiovascular disease
Citalopram	contraindication	heart disease
Citalopram	contraindication	cardiovascular disease
Phenylephrine	contraindication	heart disease
Phenylephrine	contraindication	cardiovascular disease
Testosterone	contraindication	heart disease
Testosterone	contraindication	cardiovascular disease
Testosterone cypionate	contraindication	heart disease
Testosterone cypionate	contraindication	cardiovascular disease
Testosterone propionate	contraindication	heart disease
Testosterone propionate	contraindication	cardiovascular disease
Amobarbital	contraindication	heart disease
Amobarbital	contraindication	cardiovascular disease
Serine	contraindication	heart disease
Serine	contraindication	cardiovascular disease
Glycine	contraindication	heart disease
Glycine	contraindication	cardiovascular disease
Praziquantel	contraindication	heart disease
Praziquantel	contraindication	cardiovascular disease
Xylometazoline	contraindication	heart disease
Xylometazoline	contraindication	cardiovascular disease
Cyclopentolate	contraindication	heart disease
Cyclopentolate	contraindication	cardiovascular disease
Scopolamine	contraindication	heart disease
Scopolamine	contraindication	cardiovascular disease
Estradiol	contraindication	heart disease
Estradiol	contraindication	cardiovascular disease
Phenobarbital	contraindication	heart disease
Phenobarbital	contraindication	cardiovascular disease
Dyphylline	contraindication	heart disease
Dyphylline	contraindication	cardiovascular disease
Nylidrin	contraindication	heart disease
Nylidrin	contraindication	cardiovascular disease
Oxymetholone	contraindication	heart disease
Oxymetholone	contraindication	cardiovascular disease
Testosterone enanthate	contraindication	heart disease
Testosterone enanthate	contraindication	cardiovascular disease
Estradiol cypionate	contraindication	heart disease
Estradiol cypionate	contraindication	cardiovascular disease
Ephedrine	contraindication	heart disease
Ephedrine	contraindication	cardiovascular disease
Calcium gluconate	contraindication	heart disease
Calcium gluconate	contraindication	cardiovascular disease
Calcium glucoheptonate	contraindication	heart disease
Calcium glucoheptonate	contraindication	cardiovascular disease
Calcium glycerophosphate	contraindication	heart disease
Calcium glycerophosphate	contraindication	cardiovascular disease
Doxorubicin	contraindication	heart disease
Doxorubicin	contraindication	cardiovascular disease
Ixabepilone	contraindication	heart disease
Ixabepilone	contraindication	cardiovascular disease
Trazodone	contraindication	heart disease
Trazodone	contraindication	cardiovascular disease
Oxymetazoline	contraindication	heart disease
Oxymetazoline	contraindication	cardiovascular disease
Sulfacetamide	contraindication	heart disease
Sulfacetamide	contraindication	cardiovascular disease
Escitalopram	contraindication	heart disease
Escitalopram	contraindication	cardiovascular disease
Stanozolol	contraindication	heart disease
Stanozolol	contraindication	cardiovascular disease
Calcium chloride	contraindication	heart disease
Calcium chloride	contraindication	cardiovascular disease
Estradiol valerate	contraindication	migraine disorder
Estradiol valerate	contraindication	migraine with or without aura, susceptibility to
Levonorgestrel	contraindication	migraine disorder
Levonorgestrel	contraindication	migraine with or without aura, susceptibility to
Fluoxymesterone	contraindication	migraine disorder
Fluoxymesterone	contraindication	migraine with or without aura, susceptibility to
Mestranol	contraindication	migraine disorder
Mestranol	contraindication	migraine with or without aura, susceptibility to
Medroxyprogesterone acetate	contraindication	migraine disorder
Medroxyprogesterone acetate	contraindication	migraine with or without aura, susceptibility to
Norethisterone	contraindication	migraine disorder
Norethisterone	contraindication	migraine with or without aura, susceptibility to
Drospirenone	contraindication	migraine disorder
Drospirenone	contraindication	migraine with or without aura, susceptibility to
Chlordiazepoxide	contraindication	migraine disorder
Chlordiazepoxide	contraindication	migraine with or without aura, susceptibility to
Testosterone	contraindication	migraine disorder
Testosterone	contraindication	migraine with or without aura, susceptibility to
Testosterone cypionate	contraindication	migraine disorder
Testosterone cypionate	contraindication	migraine with or without aura, susceptibility to
Methyltestosterone	contraindication	migraine disorder
Methyltestosterone	contraindication	migraine with or without aura, susceptibility to
Progesterone	contraindication	migraine disorder
Progesterone	contraindication	migraine with or without aura, susceptibility to
Ethinylestradiol	contraindication	migraine disorder
Ethinylestradiol	contraindication	migraine with or without aura, susceptibility to
Meprobamate	contraindication	migraine disorder
Meprobamate	contraindication	migraine with or without aura, susceptibility to
Estrone	contraindication	migraine disorder
Estrone	contraindication	migraine with or without aura, susceptibility to
Estradiol	contraindication	migraine disorder
Estradiol	contraindication	migraine with or without aura, susceptibility to
Norgestimate	contraindication	migraine disorder
Norgestimate	contraindication	migraine with or without aura, susceptibility to
Levomefolic acid	contraindication	migraine disorder
Levomefolic acid	contraindication	migraine with or without aura, susceptibility to
Testosterone enanthate	contraindication	migraine disorder
Testosterone enanthate	contraindication	migraine with or without aura, susceptibility to
Estradiol cypionate	contraindication	migraine disorder
Estradiol cypionate	contraindication	migraine with or without aura, susceptibility to
Estramustine	contraindication	migraine disorder
Estramustine	contraindication	migraine with or without aura, susceptibility to
Danazol	contraindication	migraine disorder
Danazol	contraindication	migraine with or without aura, susceptibility to
Quinestrol	contraindication	migraine disorder
Quinestrol	contraindication	migraine with or without aura, susceptibility to
Ferrous fumarate	contraindication	migraine disorder
Ferrous fumarate	contraindication	migraine with or without aura, susceptibility to
Tranexamic acid	contraindication	migraine disorder
Tranexamic acid	contraindication	migraine with or without aura, susceptibility to
Estradiol valerate	contraindication	hyperlipidemia
Estradiol valerate	contraindication	familial hyperlipidemia
Warfarin	contraindication	hyperlipidemia
Warfarin	contraindication	familial hyperlipidemia
Levonorgestrel	contraindication	hyperlipidemia
Levonorgestrel	contraindication	familial hyperlipidemia
Mestranol	contraindication	hyperlipidemia
Mestranol	contraindication	familial hyperlipidemia
Meloxicam	contraindication	hyperlipidemia
Meloxicam	contraindication	familial hyperlipidemia
Medroxyprogesterone acetate	contraindication	hyperlipidemia
Medroxyprogesterone acetate	contraindication	familial hyperlipidemia
Norethisterone	contraindication	hyperlipidemia
Norethisterone	contraindication	familial hyperlipidemia
Drospirenone	contraindication	hyperlipidemia
Drospirenone	contraindication	familial hyperlipidemia
Cholecalciferol	contraindication	hyperlipidemia
Cholecalciferol	contraindication	familial hyperlipidemia
Apraclonidine	contraindication	hyperlipidemia
Apraclonidine	contraindication	familial hyperlipidemia
Dicoumarol	contraindication	hyperlipidemia
Dicoumarol	contraindication	familial hyperlipidemia
Progesterone	contraindication	hyperlipidemia
Progesterone	contraindication	familial hyperlipidemia
Ethinylestradiol	contraindication	hyperlipidemia
Ethinylestradiol	contraindication	familial hyperlipidemia
Fluoxetine	contraindication	hyperlipidemia
Fluoxetine	contraindication	familial hyperlipidemia
Sirolimus	contraindication	hyperlipidemia
Sirolimus	contraindication	familial hyperlipidemia
Estrone	contraindication	hyperlipidemia
Estrone	contraindication	familial hyperlipidemia
Ascorbic acid	contraindication	hyperlipidemia
Ascorbic acid	contraindication	familial hyperlipidemia
Estradiol	contraindication	hyperlipidemia
Estradiol	contraindication	familial hyperlipidemia
Ergocalciferol	contraindication	hyperlipidemia
Ergocalciferol	contraindication	familial hyperlipidemia
Lurasidone	contraindication	hyperlipidemia
Lurasidone	contraindication	familial hyperlipidemia
Norgestimate	contraindication	hyperlipidemia
Norgestimate	contraindication	familial hyperlipidemia
Levomefolic acid	contraindication	hyperlipidemia
Levomefolic acid	contraindication	familial hyperlipidemia
Estradiol cypionate	contraindication	hyperlipidemia
Estradiol cypionate	contraindication	familial hyperlipidemia
Tramadol	contraindication	hyperlipidemia
Tramadol	contraindication	familial hyperlipidemia
Temsirolimus	contraindication	hyperlipidemia
Temsirolimus	contraindication	familial hyperlipidemia
Everolimus	contraindication	hyperlipidemia
Everolimus	contraindication	familial hyperlipidemia
Ziprasidone	contraindication	hyperlipidemia
Ziprasidone	contraindication	familial hyperlipidemia
Paliperidone	contraindication	hyperlipidemia
Paliperidone	contraindication	familial hyperlipidemia
Ferrous fumarate	contraindication	hyperlipidemia
Ferrous fumarate	contraindication	familial hyperlipidemia
Olanzapine	contraindication	hyperlipidemia
Olanzapine	contraindication	familial hyperlipidemia
Aripiprazole	contraindication	hyperlipidemia
Aripiprazole	contraindication	familial hyperlipidemia
Tranexamic acid	contraindication	hyperlipidemia
Tranexamic acid	contraindication	familial hyperlipidemia
Quetiapine	contraindication	hyperlipidemia
Quetiapine	contraindication	familial hyperlipidemia
Risperidone	contraindication	hyperlipidemia
Risperidone	contraindication	familial hyperlipidemia
Estradiol valerate	contraindication	coronary artery disease
Synephrine	contraindication	coronary artery disease
Glimepiride	contraindication	coronary artery disease
Guaifenesin	contraindication	coronary artery disease
Phenyltoloxamine	contraindication	coronary artery disease
Mepyramine	contraindication	coronary artery disease
Polyvinyl alcohol	contraindication	coronary artery disease
Diethylpropion	contraindication	coronary artery disease
Pseudoephedrine	contraindication	coronary artery disease
Guaiacol	contraindication	coronary artery disease
Inositol	contraindication	coronary artery disease
Homatropine	contraindication	coronary artery disease
Potassium citrate	contraindication	coronary artery disease
Hydralazine	contraindication	coronary artery disease
Brompheniramine	contraindication	coronary artery disease
Pheniramine	contraindication	coronary artery disease
Benzatropine	contraindication	coronary artery disease
Raloxifene	contraindication	coronary artery disease
Perazine	contraindication	coronary artery disease
Atomoxetine	contraindication	coronary artery disease
Chlorcyclizine	contraindication	coronary artery disease
Cyclizine	contraindication	coronary artery disease
Homatropine methylbromide	contraindication	coronary artery disease
Simvastatin	contraindication	coronary artery disease
Levonorgestrel	contraindication	coronary artery disease
Clofedanol	contraindication	coronary artery disease
Procyclidine	contraindication	coronary artery disease
Pentoxyverine	contraindication	coronary artery disease
Dicyclomine	contraindication	coronary artery disease
Isoprenaline	contraindication	coronary artery disease
Potassium Iodide	contraindication	coronary artery disease
Codeine	contraindication	coronary artery disease
Fluoxymesterone	contraindication	coronary artery disease
Sodium phosphate, monobasic	contraindication	coronary artery disease
Lovastatin	contraindication	coronary artery disease
Isopropamide	contraindication	coronary artery disease
Potassium chloride	contraindication	coronary artery disease
Trimipramine	contraindication	coronary artery disease
Prilocaine	contraindication	coronary artery disease
Mestranol	contraindication	coronary artery disease
Medroxyprogesterone acetate	contraindication	coronary artery disease
Clidinium	contraindication	coronary artery disease
Didanosine	contraindication	coronary artery disease
Liothyronine	contraindication	coronary artery disease
Hydroxyzine	contraindication	coronary artery disease
Norethisterone	contraindication	coronary artery disease
Sodium citrate	contraindication	coronary artery disease
Drospirenone	contraindication	coronary artery disease
Metformin	contraindication	coronary artery disease
Inositol nicotinate	contraindication	coronary artery disease
Benzoic acid	contraindication	coronary artery disease
Methylene blue	contraindication	coronary artery disease
Lisdexamfetamine	contraindication	coronary artery disease
Phenoxybenzamine	contraindication	coronary artery disease
Isocarboxazid	contraindication	coronary artery disease
Phenylephrine	contraindication	coronary artery disease
Orciprenaline	contraindication	coronary artery disease
Chlorothiazide	contraindication	coronary artery disease
Hydrochlorothiazide	contraindication	coronary artery disease
Papaverine	contraindication	coronary artery disease
Theophylline	contraindication	coronary artery disease
Prochlorperazine	contraindication	coronary artery disease
Chlordiazepoxide	contraindication	coronary artery disease
Testosterone	contraindication	coronary artery disease
Testosterone cypionate	contraindication	coronary artery disease
Methyltestosterone	contraindication	coronary artery disease
Caffeine	contraindication	coronary artery disease
Apomorphine	contraindication	coronary artery disease
Progesterone	contraindication	coronary artery disease
Ethinylestradiol	contraindication	coronary artery disease
Meprobamate	contraindication	coronary artery disease
Morphine	contraindication	coronary artery disease
Oxybutynin	contraindication	coronary artery disease
Nicotine	contraindication	coronary artery disease
Metamfetamine	contraindication	coronary artery disease
Estrone	contraindication	coronary artery disease
Dimenhydrinate	contraindication	coronary artery disease
Biperiden	contraindication	coronary artery disease
Cyclopentolate	contraindication	coronary artery disease
Dihydroergotamine	contraindication	coronary artery disease
Phenelzine	contraindication	coronary artery disease
Dextroamphetamine	contraindication	coronary artery disease
Levothyroxine	contraindication	coronary artery disease
Epinephrine	contraindication	coronary artery disease
Scopolamine	contraindication	coronary artery disease
Phentolamine	contraindication	coronary artery disease
Reserpine	contraindication	coronary artery disease
Imipramine	contraindication	coronary artery disease
Estradiol	contraindication	coronary artery disease
Phenobarbital	contraindication	coronary artery disease
Carbinoxamine	contraindication	coronary artery disease
Triprolidine	contraindication	coronary artery disease
Dyphylline	contraindication	coronary artery disease
Doxylamine	contraindication	coronary artery disease
Oxymetholone	contraindication	coronary artery disease
Dexmethylphenidate	contraindication	coronary artery disease
Bupivacaine	contraindication	coronary artery disease
Norgestimate	contraindication	coronary artery disease
Levomefolic acid	contraindication	coronary artery disease
Testosterone enanthate	contraindication	coronary artery disease
Estradiol cypionate	contraindication	coronary artery disease
Amphetamine	contraindication	coronary artery disease
Estramustine	contraindication	coronary artery disease
Ephedrine	contraindication	coronary artery disease
Propantheline	contraindication	coronary artery disease
Carbamazepine	contraindication	coronary artery disease
Difenoxin	contraindication	coronary artery disease
Sorafenib	contraindication	coronary artery disease
Mepenzolate	contraindication	coronary artery disease
Bromocriptine	contraindication	coronary artery disease
Dexchlorpheniramine	contraindication	coronary artery disease
Fosamprenavir	contraindication	coronary artery disease
Naproxen	contraindication	coronary artery disease
Desmopressin	contraindication	coronary artery disease
Amprenavir	contraindication	coronary artery disease
Frovatriptan	contraindication	coronary artery disease
Tranylcypromine	contraindication	coronary artery disease
Capecitabine	contraindication	coronary artery disease
Almotriptan	contraindication	coronary artery disease
Imatinib	contraindication	coronary artery disease
Quinestrol	contraindication	coronary artery disease
Oxymetazoline	contraindication	coronary artery disease
Butacaine	contraindication	coronary artery disease
Phenylpropanolamine	contraindication	coronary artery disease
Sulfacetamide	contraindication	coronary artery disease
Trihexyphenidyl	contraindication	coronary artery disease
Eletriptan	contraindication	coronary artery disease
Ferrous fumarate	contraindication	coronary artery disease
Pramocaine	contraindication	coronary artery disease
Zolmitriptan	contraindication	coronary artery disease
Lidocaine	contraindication	coronary artery disease
Phenmetrazine	contraindication	coronary artery disease
Methscopolamine	contraindication	coronary artery disease
Chlorpheniramine	contraindication	coronary artery disease
Dexbrompheniramine	contraindication	coronary artery disease
Zinc oxide	contraindication	coronary artery disease
Dextromethorphan	contraindication	coronary artery disease
Butabarbital	contraindication	coronary artery disease
Hydrocodone	contraindication	coronary artery disease
Dihydrocodeine	contraindication	coronary artery disease
Naratriptan	contraindication	coronary artery disease
Tranexamic acid	contraindication	coronary artery disease
Methylphenidate	contraindication	coronary artery disease
Ergotamine	contraindication	coronary artery disease
Sibutramine	contraindication	coronary artery disease
Stanozolol	contraindication	coronary artery disease
Sumatriptan	contraindication	coronary artery disease
Hyoscyamine	contraindication	coronary artery disease
Calcium chloride	contraindication	coronary artery disease
Methenamine	contraindication	coronary artery disease
Estradiol valerate	contraindication	obesity disorder
Estradiol valerate	contraindication	monogenic obesity
Mirtazapine	contraindication	obesity disorder
Mirtazapine	contraindication	monogenic obesity
Perazine	contraindication	obesity disorder
Perazine	contraindication	monogenic obesity
Alimemazine	contraindication	obesity disorder
Alimemazine	contraindication	monogenic obesity
Levonorgestrel	contraindication	obesity disorder
Levonorgestrel	contraindication	monogenic obesity
Nafarelin	contraindication	obesity disorder
Nafarelin	contraindication	monogenic obesity
Histrelin	contraindication	obesity disorder
Histrelin	contraindication	monogenic obesity
Fluoxymesterone	contraindication	obesity disorder
Fluoxymesterone	contraindication	monogenic obesity
Isopropamide	contraindication	obesity disorder
Isopropamide	contraindication	monogenic obesity
Mestranol	contraindication	obesity disorder
Mestranol	contraindication	monogenic obesity
Medroxyprogesterone acetate	contraindication	obesity disorder
Medroxyprogesterone acetate	contraindication	monogenic obesity
Didanosine	contraindication	obesity disorder
Didanosine	contraindication	monogenic obesity
Fluphenazine	contraindication	obesity disorder
Fluphenazine	contraindication	monogenic obesity
Norethisterone	contraindication	obesity disorder
Norethisterone	contraindication	monogenic obesity
Drospirenone	contraindication	obesity disorder
Drospirenone	contraindication	monogenic obesity
Goserelin	contraindication	obesity disorder
Goserelin	contraindication	monogenic obesity
Asenapine	contraindication	obesity disorder
Asenapine	contraindication	monogenic obesity
Acyclovir	contraindication	obesity disorder
Acyclovir	contraindication	monogenic obesity
Promazine	contraindication	obesity disorder
Promazine	contraindication	monogenic obesity
Perphenazine	contraindication	obesity disorder
Perphenazine	contraindication	monogenic obesity
Prochlorperazine	contraindication	obesity disorder
Prochlorperazine	contraindication	monogenic obesity
Chlordiazepoxide	contraindication	obesity disorder
Chlordiazepoxide	contraindication	monogenic obesity
Testosterone	contraindication	obesity disorder
Testosterone	contraindication	monogenic obesity
Testosterone cypionate	contraindication	obesity disorder
Testosterone cypionate	contraindication	monogenic obesity
Methyltestosterone	contraindication	obesity disorder
Methyltestosterone	contraindication	monogenic obesity
Testosterone propionate	contraindication	obesity disorder
Testosterone propionate	contraindication	monogenic obesity
Progesterone	contraindication	obesity disorder
Progesterone	contraindication	monogenic obesity
Ethinylestradiol	contraindication	obesity disorder
Ethinylestradiol	contraindication	monogenic obesity
Meprobamate	contraindication	obesity disorder
Meprobamate	contraindication	monogenic obesity
Fluoxetine	contraindication	obesity disorder
Fluoxetine	contraindication	monogenic obesity
Leuprolide	contraindication	obesity disorder
Leuprolide	contraindication	monogenic obesity
Estrone	contraindication	obesity disorder
Estrone	contraindication	monogenic obesity
Rilpivirine	contraindication	obesity disorder
Rilpivirine	contraindication	monogenic obesity
Chlorpromazine	contraindication	obesity disorder
Chlorpromazine	contraindication	monogenic obesity
Amitriptyline	contraindication	obesity disorder
Amitriptyline	contraindication	monogenic obesity
Estradiol	contraindication	obesity disorder
Estradiol	contraindication	monogenic obesity
Isotretinoin	contraindication	obesity disorder
Isotretinoin	contraindication	monogenic obesity
Norgestimate	contraindication	obesity disorder
Norgestimate	contraindication	monogenic obesity
Levomefolic acid	contraindication	obesity disorder
Levomefolic acid	contraindication	monogenic obesity
Testosterone enanthate	contraindication	obesity disorder
Testosterone enanthate	contraindication	monogenic obesity
Estradiol cypionate	contraindication	obesity disorder
Estradiol cypionate	contraindication	monogenic obesity
Stavudine	contraindication	obesity disorder
Stavudine	contraindication	monogenic obesity
Zidovudine	contraindication	obesity disorder
Zidovudine	contraindication	monogenic obesity
Tretinoin	contraindication	obesity disorder
Tretinoin	contraindication	monogenic obesity
Alprazolam	contraindication	obesity disorder
Alprazolam	contraindication	monogenic obesity
Acetophenazine	contraindication	obesity disorder
Acetophenazine	contraindication	monogenic obesity
Fosamprenavir	contraindication	obesity disorder
Fosamprenavir	contraindication	monogenic obesity
Naproxen	contraindication	obesity disorder
Naproxen	contraindication	monogenic obesity
Tenofovir disoproxil	contraindication	obesity disorder
Tenofovir disoproxil	contraindication	monogenic obesity
Amprenavir	contraindication	obesity disorder
Amprenavir	contraindication	monogenic obesity
Frovatriptan	contraindication	obesity disorder
Frovatriptan	contraindication	monogenic obesity
Efavirenz	contraindication	obesity disorder
Efavirenz	contraindication	monogenic obesity
Almotriptan	contraindication	obesity disorder
Almotriptan	contraindication	monogenic obesity
Imatinib	contraindication	obesity disorder
Imatinib	contraindication	monogenic obesity
Quinestrol	contraindication	obesity disorder
Quinestrol	contraindication	monogenic obesity
Tenofovir	contraindication	obesity disorder
Tenofovir	contraindication	monogenic obesity
Ziprasidone	contraindication	obesity disorder
Ziprasidone	contraindication	monogenic obesity
Triflupromazine	contraindication	obesity disorder
Triflupromazine	contraindication	monogenic obesity
Paliperidone	contraindication	obesity disorder
Paliperidone	contraindication	monogenic obesity
Emtricitabine	contraindication	obesity disorder
Emtricitabine	contraindication	monogenic obesity
Eletriptan	contraindication	obesity disorder
Eletriptan	contraindication	monogenic obesity
Adefovir dipivoxil	contraindication	obesity disorder
Adefovir dipivoxil	contraindication	monogenic obesity
Ferrous fumarate	contraindication	obesity disorder
Ferrous fumarate	contraindication	monogenic obesity
Abacavir	contraindication	obesity disorder
Abacavir	contraindication	monogenic obesity
Lamivudine	contraindication	obesity disorder
Lamivudine	contraindication	monogenic obesity
Iloperidone	contraindication	obesity disorder
Iloperidone	contraindication	monogenic obesity
Olanzapine	contraindication	obesity disorder
Olanzapine	contraindication	monogenic obesity
Aripiprazole	contraindication	obesity disorder
Aripiprazole	contraindication	monogenic obesity
Naratriptan	contraindication	obesity disorder
Naratriptan	contraindication	monogenic obesity
Tranexamic acid	contraindication	obesity disorder
Tranexamic acid	contraindication	monogenic obesity
Quetiapine	contraindication	obesity disorder
Quetiapine	contraindication	monogenic obesity
Risperidone	contraindication	obesity disorder
Risperidone	contraindication	monogenic obesity
Sumatriptan	contraindication	obesity disorder
Sumatriptan	contraindication	monogenic obesity
Estradiol valerate	contraindication	ovarian cancer
Estradiol valerate	contraindication	ovarian adenocarcinoma
Estradiol valerate	contraindication	hereditary breast ovarian cancer syndrome
Estradiol valerate	contraindication	ovarian carcinosarcoma
Estradiol valerate	contraindication	ovarian small cell carcinoma
Estradiol valerate	contraindication	ovarian mucinous adenocarcinoma
Estradiol valerate	contraindication	yolk sac tumor
Estradiol valerate	contraindication	ovarian clear cell adenocarcinoma
Estradiol valerate	contraindication	ovarian endometrioid adenocarcinoma
Estradiol valerate	contraindication	borderline epithelial tumor of ovary
Estradiol valerate	contraindication	malignant non-dysgerminomatous germ cell tumor of ovary
Estradiol valerate	contraindication	familial ovarian cancer
Estradiol valerate	contraindication	hereditary site-specific ovarian cancer syndrome
Estradiol valerate	contraindication	primary non-gestational choriocarcinoma of ovary
Estradiol valerate	contraindication	malignant germ cell tumor of ovary
Estradiol valerate	contraindication	malignant sex cord stromal tumor of ovary
Estradiol valerate	contraindication	immature ovarian teratoma
Estradiol valerate	contraindication	malignant dysgerminomatous germ cell tumor of ovary
Estradiol valerate	contraindication	maligant granulosa cell tumor of ovary
Estradiol valerate	contraindication	malignant Sertoli-Leydig cell tumor of ovary
Estradiol valerate	contraindication	theca steroid-producing cell malignant tumor of ovary, not further specified
Levonorgestrel	contraindication	ovarian cancer
Levonorgestrel	contraindication	ovarian adenocarcinoma
Levonorgestrel	contraindication	hereditary breast ovarian cancer syndrome
Levonorgestrel	contraindication	ovarian carcinosarcoma
Levonorgestrel	contraindication	ovarian small cell carcinoma
Levonorgestrel	contraindication	ovarian mucinous adenocarcinoma
Levonorgestrel	contraindication	yolk sac tumor
Levonorgestrel	contraindication	ovarian clear cell adenocarcinoma
Levonorgestrel	contraindication	ovarian endometrioid adenocarcinoma
Levonorgestrel	contraindication	borderline epithelial tumor of ovary
Levonorgestrel	contraindication	malignant non-dysgerminomatous germ cell tumor of ovary
Levonorgestrel	contraindication	familial ovarian cancer
Levonorgestrel	contraindication	hereditary site-specific ovarian cancer syndrome
Levonorgestrel	contraindication	primary non-gestational choriocarcinoma of ovary
Levonorgestrel	contraindication	malignant germ cell tumor of ovary
Levonorgestrel	contraindication	malignant sex cord stromal tumor of ovary
Levonorgestrel	contraindication	immature ovarian teratoma
Levonorgestrel	contraindication	malignant dysgerminomatous germ cell tumor of ovary
Levonorgestrel	contraindication	maligant granulosa cell tumor of ovary
Levonorgestrel	contraindication	malignant Sertoli-Leydig cell tumor of ovary
Levonorgestrel	contraindication	theca steroid-producing cell malignant tumor of ovary, not further specified
Fluoxymesterone	contraindication	ovarian cancer
Fluoxymesterone	contraindication	ovarian adenocarcinoma
Fluoxymesterone	contraindication	hereditary breast ovarian cancer syndrome
Fluoxymesterone	contraindication	ovarian carcinosarcoma
Fluoxymesterone	contraindication	ovarian small cell carcinoma
Fluoxymesterone	contraindication	ovarian mucinous adenocarcinoma
Fluoxymesterone	contraindication	yolk sac tumor
Fluoxymesterone	contraindication	ovarian clear cell adenocarcinoma
Fluoxymesterone	contraindication	ovarian endometrioid adenocarcinoma
Fluoxymesterone	contraindication	borderline epithelial tumor of ovary
Fluoxymesterone	contraindication	malignant non-dysgerminomatous germ cell tumor of ovary
Fluoxymesterone	contraindication	familial ovarian cancer
Fluoxymesterone	contraindication	hereditary site-specific ovarian cancer syndrome
Fluoxymesterone	contraindication	primary non-gestational choriocarcinoma of ovary
Fluoxymesterone	contraindication	malignant germ cell tumor of ovary
Fluoxymesterone	contraindication	malignant sex cord stromal tumor of ovary
Fluoxymesterone	contraindication	immature ovarian teratoma
Fluoxymesterone	contraindication	malignant dysgerminomatous germ cell tumor of ovary
Fluoxymesterone	contraindication	maligant granulosa cell tumor of ovary
Fluoxymesterone	contraindication	malignant Sertoli-Leydig cell tumor of ovary
Fluoxymesterone	contraindication	theca steroid-producing cell malignant tumor of ovary, not further specified
Medroxyprogesterone acetate	contraindication	ovarian cancer
Medroxyprogesterone acetate	contraindication	ovarian adenocarcinoma
Medroxyprogesterone acetate	contraindication	hereditary breast ovarian cancer syndrome
Medroxyprogesterone acetate	contraindication	ovarian carcinosarcoma
Medroxyprogesterone acetate	contraindication	ovarian small cell carcinoma
Medroxyprogesterone acetate	contraindication	ovarian mucinous adenocarcinoma
Medroxyprogesterone acetate	contraindication	yolk sac tumor
Medroxyprogesterone acetate	contraindication	ovarian clear cell adenocarcinoma
Medroxyprogesterone acetate	contraindication	ovarian endometrioid adenocarcinoma
Medroxyprogesterone acetate	contraindication	borderline epithelial tumor of ovary
Medroxyprogesterone acetate	contraindication	malignant non-dysgerminomatous germ cell tumor of ovary
Medroxyprogesterone acetate	contraindication	familial ovarian cancer
Medroxyprogesterone acetate	contraindication	hereditary site-specific ovarian cancer syndrome
Medroxyprogesterone acetate	contraindication	primary non-gestational choriocarcinoma of ovary
Medroxyprogesterone acetate	contraindication	malignant germ cell tumor of ovary
Medroxyprogesterone acetate	contraindication	malignant sex cord stromal tumor of ovary
Medroxyprogesterone acetate	contraindication	immature ovarian teratoma
Medroxyprogesterone acetate	contraindication	malignant dysgerminomatous germ cell tumor of ovary
Medroxyprogesterone acetate	contraindication	maligant granulosa cell tumor of ovary
Medroxyprogesterone acetate	contraindication	malignant Sertoli-Leydig cell tumor of ovary
Medroxyprogesterone acetate	contraindication	theca steroid-producing cell malignant tumor of ovary, not further specified
Norethisterone	contraindication	ovarian cancer
Norethisterone	contraindication	ovarian adenocarcinoma
Norethisterone	contraindication	hereditary breast ovarian cancer syndrome
Norethisterone	contraindication	ovarian carcinosarcoma
Norethisterone	contraindication	ovarian small cell carcinoma
Norethisterone	contraindication	ovarian mucinous adenocarcinoma
Norethisterone	contraindication	yolk sac tumor
Norethisterone	contraindication	ovarian clear cell adenocarcinoma
Norethisterone	contraindication	ovarian endometrioid adenocarcinoma
Norethisterone	contraindication	borderline epithelial tumor of ovary
Norethisterone	contraindication	malignant non-dysgerminomatous germ cell tumor of ovary
Norethisterone	contraindication	familial ovarian cancer
Norethisterone	contraindication	hereditary site-specific ovarian cancer syndrome
Norethisterone	contraindication	primary non-gestational choriocarcinoma of ovary
Norethisterone	contraindication	malignant germ cell tumor of ovary
Norethisterone	contraindication	malignant sex cord stromal tumor of ovary
Norethisterone	contraindication	immature ovarian teratoma
Norethisterone	contraindication	malignant dysgerminomatous germ cell tumor of ovary
Norethisterone	contraindication	maligant granulosa cell tumor of ovary
Norethisterone	contraindication	malignant Sertoli-Leydig cell tumor of ovary
Norethisterone	contraindication	theca steroid-producing cell malignant tumor of ovary, not further specified
Drospirenone	contraindication	ovarian cancer
Drospirenone	contraindication	ovarian adenocarcinoma
Drospirenone	contraindication	hereditary breast ovarian cancer syndrome
Drospirenone	contraindication	ovarian carcinosarcoma
Drospirenone	contraindication	ovarian small cell carcinoma
Drospirenone	contraindication	ovarian mucinous adenocarcinoma
Drospirenone	contraindication	yolk sac tumor
Drospirenone	contraindication	ovarian clear cell adenocarcinoma
Drospirenone	contraindication	ovarian endometrioid adenocarcinoma
Drospirenone	contraindication	borderline epithelial tumor of ovary
Drospirenone	contraindication	malignant non-dysgerminomatous germ cell tumor of ovary
Drospirenone	contraindication	familial ovarian cancer
Drospirenone	contraindication	hereditary site-specific ovarian cancer syndrome
Drospirenone	contraindication	primary non-gestational choriocarcinoma of ovary
Drospirenone	contraindication	malignant germ cell tumor of ovary
Drospirenone	contraindication	malignant sex cord stromal tumor of ovary
Drospirenone	contraindication	immature ovarian teratoma
Drospirenone	contraindication	malignant dysgerminomatous germ cell tumor of ovary
Drospirenone	contraindication	maligant granulosa cell tumor of ovary
Drospirenone	contraindication	malignant Sertoli-Leydig cell tumor of ovary
Drospirenone	contraindication	theca steroid-producing cell malignant tumor of ovary, not further specified
Chlordiazepoxide	contraindication	ovarian cancer
Chlordiazepoxide	contraindication	ovarian adenocarcinoma
Chlordiazepoxide	contraindication	hereditary breast ovarian cancer syndrome
Chlordiazepoxide	contraindication	ovarian carcinosarcoma
Chlordiazepoxide	contraindication	ovarian small cell carcinoma
Chlordiazepoxide	contraindication	ovarian mucinous adenocarcinoma
Chlordiazepoxide	contraindication	yolk sac tumor
Chlordiazepoxide	contraindication	ovarian clear cell adenocarcinoma
Chlordiazepoxide	contraindication	ovarian endometrioid adenocarcinoma
Chlordiazepoxide	contraindication	borderline epithelial tumor of ovary
Chlordiazepoxide	contraindication	malignant non-dysgerminomatous germ cell tumor of ovary
Chlordiazepoxide	contraindication	familial ovarian cancer
Chlordiazepoxide	contraindication	hereditary site-specific ovarian cancer syndrome
Chlordiazepoxide	contraindication	primary non-gestational choriocarcinoma of ovary
Chlordiazepoxide	contraindication	malignant germ cell tumor of ovary
Chlordiazepoxide	contraindication	malignant sex cord stromal tumor of ovary
Chlordiazepoxide	contraindication	immature ovarian teratoma
Chlordiazepoxide	contraindication	malignant dysgerminomatous germ cell tumor of ovary
Chlordiazepoxide	contraindication	maligant granulosa cell tumor of ovary
Chlordiazepoxide	contraindication	malignant Sertoli-Leydig cell tumor of ovary
Chlordiazepoxide	contraindication	theca steroid-producing cell malignant tumor of ovary, not further specified
Testosterone	contraindication	ovarian cancer
Testosterone	contraindication	ovarian adenocarcinoma
Testosterone	contraindication	hereditary breast ovarian cancer syndrome
Testosterone	contraindication	ovarian carcinosarcoma
Testosterone	contraindication	ovarian small cell carcinoma
Testosterone	contraindication	ovarian mucinous adenocarcinoma
Testosterone	contraindication	yolk sac tumor
Testosterone	contraindication	ovarian clear cell adenocarcinoma
Testosterone	contraindication	ovarian endometrioid adenocarcinoma
Testosterone	contraindication	borderline epithelial tumor of ovary
Testosterone	contraindication	malignant non-dysgerminomatous germ cell tumor of ovary
Testosterone	contraindication	familial ovarian cancer
Testosterone	contraindication	hereditary site-specific ovarian cancer syndrome
Testosterone	contraindication	primary non-gestational choriocarcinoma of ovary
Testosterone	contraindication	malignant germ cell tumor of ovary
Testosterone	contraindication	malignant sex cord stromal tumor of ovary
Testosterone	contraindication	immature ovarian teratoma
Testosterone	contraindication	malignant dysgerminomatous germ cell tumor of ovary
Testosterone	contraindication	maligant granulosa cell tumor of ovary
Testosterone	contraindication	malignant Sertoli-Leydig cell tumor of ovary
Testosterone	contraindication	theca steroid-producing cell malignant tumor of ovary, not further specified
Testosterone cypionate	contraindication	ovarian cancer
Testosterone cypionate	contraindication	ovarian adenocarcinoma
Testosterone cypionate	contraindication	hereditary breast ovarian cancer syndrome
Testosterone cypionate	contraindication	ovarian carcinosarcoma
Testosterone cypionate	contraindication	ovarian small cell carcinoma
Testosterone cypionate	contraindication	ovarian mucinous adenocarcinoma
Testosterone cypionate	contraindication	yolk sac tumor
Testosterone cypionate	contraindication	ovarian clear cell adenocarcinoma
Testosterone cypionate	contraindication	ovarian endometrioid adenocarcinoma
Testosterone cypionate	contraindication	borderline epithelial tumor of ovary
Testosterone cypionate	contraindication	malignant non-dysgerminomatous germ cell tumor of ovary
Testosterone cypionate	contraindication	familial ovarian cancer
Testosterone cypionate	contraindication	hereditary site-specific ovarian cancer syndrome
Testosterone cypionate	contraindication	primary non-gestational choriocarcinoma of ovary
Testosterone cypionate	contraindication	malignant germ cell tumor of ovary
Testosterone cypionate	contraindication	malignant sex cord stromal tumor of ovary
Testosterone cypionate	contraindication	immature ovarian teratoma
Testosterone cypionate	contraindication	malignant dysgerminomatous germ cell tumor of ovary
Testosterone cypionate	contraindication	maligant granulosa cell tumor of ovary
Testosterone cypionate	contraindication	malignant Sertoli-Leydig cell tumor of ovary
Testosterone cypionate	contraindication	theca steroid-producing cell malignant tumor of ovary, not further specified
Methyltestosterone	contraindication	ovarian cancer
Methyltestosterone	contraindication	ovarian adenocarcinoma
Methyltestosterone	contraindication	hereditary breast ovarian cancer syndrome
Methyltestosterone	contraindication	ovarian carcinosarcoma
Methyltestosterone	contraindication	ovarian small cell carcinoma
Methyltestosterone	contraindication	ovarian mucinous adenocarcinoma
Methyltestosterone	contraindication	yolk sac tumor
Methyltestosterone	contraindication	ovarian clear cell adenocarcinoma
Methyltestosterone	contraindication	ovarian endometrioid adenocarcinoma
Methyltestosterone	contraindication	borderline epithelial tumor of ovary
Methyltestosterone	contraindication	malignant non-dysgerminomatous germ cell tumor of ovary
Methyltestosterone	contraindication	familial ovarian cancer
Methyltestosterone	contraindication	hereditary site-specific ovarian cancer syndrome
Methyltestosterone	contraindication	primary non-gestational choriocarcinoma of ovary
Methyltestosterone	contraindication	malignant germ cell tumor of ovary
Methyltestosterone	contraindication	malignant sex cord stromal tumor of ovary
Methyltestosterone	contraindication	immature ovarian teratoma
Methyltestosterone	contraindication	malignant dysgerminomatous germ cell tumor of ovary
Methyltestosterone	contraindication	maligant granulosa cell tumor of ovary
Methyltestosterone	contraindication	malignant Sertoli-Leydig cell tumor of ovary
Methyltestosterone	contraindication	theca steroid-producing cell malignant tumor of ovary, not further specified
Progesterone	contraindication	ovarian cancer
Progesterone	contraindication	ovarian adenocarcinoma
Progesterone	contraindication	hereditary breast ovarian cancer syndrome
Progesterone	contraindication	ovarian carcinosarcoma
Progesterone	contraindication	ovarian small cell carcinoma
Progesterone	contraindication	ovarian mucinous adenocarcinoma
Progesterone	contraindication	yolk sac tumor
Progesterone	contraindication	ovarian clear cell adenocarcinoma
Progesterone	contraindication	ovarian endometrioid adenocarcinoma
Progesterone	contraindication	borderline epithelial tumor of ovary
Progesterone	contraindication	malignant non-dysgerminomatous germ cell tumor of ovary
Progesterone	contraindication	familial ovarian cancer
Progesterone	contraindication	hereditary site-specific ovarian cancer syndrome
Progesterone	contraindication	primary non-gestational choriocarcinoma of ovary
Progesterone	contraindication	malignant germ cell tumor of ovary
Progesterone	contraindication	malignant sex cord stromal tumor of ovary
Progesterone	contraindication	immature ovarian teratoma
Progesterone	contraindication	malignant dysgerminomatous germ cell tumor of ovary
Progesterone	contraindication	maligant granulosa cell tumor of ovary
Progesterone	contraindication	malignant Sertoli-Leydig cell tumor of ovary
Progesterone	contraindication	theca steroid-producing cell malignant tumor of ovary, not further specified
Ethinylestradiol	contraindication	ovarian cancer
Ethinylestradiol	contraindication	ovarian adenocarcinoma
Ethinylestradiol	contraindication	hereditary breast ovarian cancer syndrome
Ethinylestradiol	contraindication	ovarian carcinosarcoma
Ethinylestradiol	contraindication	ovarian small cell carcinoma
Ethinylestradiol	contraindication	ovarian mucinous adenocarcinoma
Ethinylestradiol	contraindication	yolk sac tumor
Ethinylestradiol	contraindication	ovarian clear cell adenocarcinoma
Ethinylestradiol	contraindication	ovarian endometrioid adenocarcinoma
Ethinylestradiol	contraindication	borderline epithelial tumor of ovary
Ethinylestradiol	contraindication	malignant non-dysgerminomatous germ cell tumor of ovary
Ethinylestradiol	contraindication	familial ovarian cancer
Ethinylestradiol	contraindication	hereditary site-specific ovarian cancer syndrome
Ethinylestradiol	contraindication	primary non-gestational choriocarcinoma of ovary
Ethinylestradiol	contraindication	malignant germ cell tumor of ovary
Ethinylestradiol	contraindication	malignant sex cord stromal tumor of ovary
Ethinylestradiol	contraindication	immature ovarian teratoma
Ethinylestradiol	contraindication	malignant dysgerminomatous germ cell tumor of ovary
Ethinylestradiol	contraindication	maligant granulosa cell tumor of ovary
Ethinylestradiol	contraindication	malignant Sertoli-Leydig cell tumor of ovary
Ethinylestradiol	contraindication	theca steroid-producing cell malignant tumor of ovary, not further specified
Meprobamate	contraindication	ovarian cancer
Meprobamate	contraindication	ovarian adenocarcinoma
Meprobamate	contraindication	hereditary breast ovarian cancer syndrome
Meprobamate	contraindication	ovarian carcinosarcoma
Meprobamate	contraindication	ovarian small cell carcinoma
Meprobamate	contraindication	ovarian mucinous adenocarcinoma
Meprobamate	contraindication	yolk sac tumor
Meprobamate	contraindication	ovarian clear cell adenocarcinoma
Meprobamate	contraindication	ovarian endometrioid adenocarcinoma
Meprobamate	contraindication	borderline epithelial tumor of ovary
Meprobamate	contraindication	malignant non-dysgerminomatous germ cell tumor of ovary
Meprobamate	contraindication	familial ovarian cancer
Meprobamate	contraindication	hereditary site-specific ovarian cancer syndrome
Meprobamate	contraindication	primary non-gestational choriocarcinoma of ovary
Meprobamate	contraindication	malignant germ cell tumor of ovary
Meprobamate	contraindication	malignant sex cord stromal tumor of ovary
Meprobamate	contraindication	immature ovarian teratoma
Meprobamate	contraindication	malignant dysgerminomatous germ cell tumor of ovary
Meprobamate	contraindication	maligant granulosa cell tumor of ovary
Meprobamate	contraindication	malignant Sertoli-Leydig cell tumor of ovary
Meprobamate	contraindication	theca steroid-producing cell malignant tumor of ovary, not further specified
Estrone	contraindication	ovarian cancer
Estrone	contraindication	ovarian adenocarcinoma
Estrone	contraindication	hereditary breast ovarian cancer syndrome
Estrone	contraindication	ovarian carcinosarcoma
Estrone	contraindication	ovarian small cell carcinoma
Estrone	contraindication	ovarian mucinous adenocarcinoma
Estrone	contraindication	yolk sac tumor
Estrone	contraindication	ovarian clear cell adenocarcinoma
Estrone	contraindication	ovarian endometrioid adenocarcinoma
Estrone	contraindication	borderline epithelial tumor of ovary
Estrone	contraindication	malignant non-dysgerminomatous germ cell tumor of ovary
Estrone	contraindication	familial ovarian cancer
Estrone	contraindication	hereditary site-specific ovarian cancer syndrome
Estrone	contraindication	primary non-gestational choriocarcinoma of ovary
Estrone	contraindication	malignant germ cell tumor of ovary
Estrone	contraindication	malignant sex cord stromal tumor of ovary
Estrone	contraindication	immature ovarian teratoma
Estrone	contraindication	malignant dysgerminomatous germ cell tumor of ovary
Estrone	contraindication	maligant granulosa cell tumor of ovary
Estrone	contraindication	malignant Sertoli-Leydig cell tumor of ovary
Estrone	contraindication	theca steroid-producing cell malignant tumor of ovary, not further specified
Estradiol	contraindication	ovarian cancer
Estradiol	contraindication	ovarian adenocarcinoma
Estradiol	contraindication	hereditary breast ovarian cancer syndrome
Estradiol	contraindication	ovarian carcinosarcoma
Estradiol	contraindication	ovarian small cell carcinoma
Estradiol	contraindication	ovarian mucinous adenocarcinoma
Estradiol	contraindication	yolk sac tumor
Estradiol	contraindication	ovarian clear cell adenocarcinoma
Estradiol	contraindication	ovarian endometrioid adenocarcinoma
Estradiol	contraindication	borderline epithelial tumor of ovary
Estradiol	contraindication	malignant non-dysgerminomatous germ cell tumor of ovary
Estradiol	contraindication	familial ovarian cancer
Estradiol	contraindication	hereditary site-specific ovarian cancer syndrome
Estradiol	contraindication	primary non-gestational choriocarcinoma of ovary
Estradiol	contraindication	malignant germ cell tumor of ovary
Estradiol	contraindication	malignant sex cord stromal tumor of ovary
Estradiol	contraindication	immature ovarian teratoma
Estradiol	contraindication	malignant dysgerminomatous germ cell tumor of ovary
Estradiol	contraindication	maligant granulosa cell tumor of ovary
Estradiol	contraindication	malignant Sertoli-Leydig cell tumor of ovary
Estradiol	contraindication	theca steroid-producing cell malignant tumor of ovary, not further specified
Norgestimate	contraindication	ovarian cancer
Norgestimate	contraindication	ovarian adenocarcinoma
Norgestimate	contraindication	hereditary breast ovarian cancer syndrome
Norgestimate	contraindication	ovarian carcinosarcoma
Norgestimate	contraindication	ovarian small cell carcinoma
Norgestimate	contraindication	ovarian mucinous adenocarcinoma
Norgestimate	contraindication	yolk sac tumor
Norgestimate	contraindication	ovarian clear cell adenocarcinoma
Norgestimate	contraindication	ovarian endometrioid adenocarcinoma
Norgestimate	contraindication	borderline epithelial tumor of ovary
Norgestimate	contraindication	malignant non-dysgerminomatous germ cell tumor of ovary
Norgestimate	contraindication	familial ovarian cancer
Norgestimate	contraindication	hereditary site-specific ovarian cancer syndrome
Norgestimate	contraindication	primary non-gestational choriocarcinoma of ovary
Norgestimate	contraindication	malignant germ cell tumor of ovary
Norgestimate	contraindication	malignant sex cord stromal tumor of ovary
Norgestimate	contraindication	immature ovarian teratoma
Norgestimate	contraindication	malignant dysgerminomatous germ cell tumor of ovary
Norgestimate	contraindication	maligant granulosa cell tumor of ovary
Norgestimate	contraindication	malignant Sertoli-Leydig cell tumor of ovary
Norgestimate	contraindication	theca steroid-producing cell malignant tumor of ovary, not further specified
Levomefolic acid	contraindication	ovarian cancer
Levomefolic acid	contraindication	ovarian adenocarcinoma
Levomefolic acid	contraindication	hereditary breast ovarian cancer syndrome
Levomefolic acid	contraindication	ovarian carcinosarcoma
Levomefolic acid	contraindication	ovarian small cell carcinoma
Levomefolic acid	contraindication	ovarian mucinous adenocarcinoma
Levomefolic acid	contraindication	yolk sac tumor
Levomefolic acid	contraindication	ovarian clear cell adenocarcinoma
Levomefolic acid	contraindication	ovarian endometrioid adenocarcinoma
Levomefolic acid	contraindication	borderline epithelial tumor of ovary
Levomefolic acid	contraindication	malignant non-dysgerminomatous germ cell tumor of ovary
Levomefolic acid	contraindication	familial ovarian cancer
Levomefolic acid	contraindication	hereditary site-specific ovarian cancer syndrome
Levomefolic acid	contraindication	primary non-gestational choriocarcinoma of ovary
Levomefolic acid	contraindication	malignant germ cell tumor of ovary
Levomefolic acid	contraindication	malignant sex cord stromal tumor of ovary
Levomefolic acid	contraindication	immature ovarian teratoma
Levomefolic acid	contraindication	malignant dysgerminomatous germ cell tumor of ovary
Levomefolic acid	contraindication	maligant granulosa cell tumor of ovary
Levomefolic acid	contraindication	malignant Sertoli-Leydig cell tumor of ovary
Levomefolic acid	contraindication	theca steroid-producing cell malignant tumor of ovary, not further specified
Testosterone enanthate	contraindication	ovarian cancer
Testosterone enanthate	contraindication	ovarian adenocarcinoma
Testosterone enanthate	contraindication	hereditary breast ovarian cancer syndrome
Testosterone enanthate	contraindication	ovarian carcinosarcoma
Testosterone enanthate	contraindication	ovarian small cell carcinoma
Testosterone enanthate	contraindication	ovarian mucinous adenocarcinoma
Testosterone enanthate	contraindication	yolk sac tumor
Testosterone enanthate	contraindication	ovarian clear cell adenocarcinoma
Testosterone enanthate	contraindication	ovarian endometrioid adenocarcinoma
Testosterone enanthate	contraindication	borderline epithelial tumor of ovary
Testosterone enanthate	contraindication	malignant non-dysgerminomatous germ cell tumor of ovary
Testosterone enanthate	contraindication	familial ovarian cancer
Testosterone enanthate	contraindication	hereditary site-specific ovarian cancer syndrome
Testosterone enanthate	contraindication	primary non-gestational choriocarcinoma of ovary
Testosterone enanthate	contraindication	malignant germ cell tumor of ovary
Testosterone enanthate	contraindication	malignant sex cord stromal tumor of ovary
Testosterone enanthate	contraindication	immature ovarian teratoma
Testosterone enanthate	contraindication	malignant dysgerminomatous germ cell tumor of ovary
Testosterone enanthate	contraindication	maligant granulosa cell tumor of ovary
Testosterone enanthate	contraindication	malignant Sertoli-Leydig cell tumor of ovary
Testosterone enanthate	contraindication	theca steroid-producing cell malignant tumor of ovary, not further specified
Estradiol cypionate	contraindication	ovarian cancer
Estradiol cypionate	contraindication	ovarian adenocarcinoma
Estradiol cypionate	contraindication	hereditary breast ovarian cancer syndrome
Estradiol cypionate	contraindication	ovarian carcinosarcoma
Estradiol cypionate	contraindication	ovarian small cell carcinoma
Estradiol cypionate	contraindication	ovarian mucinous adenocarcinoma
Estradiol cypionate	contraindication	yolk sac tumor
Estradiol cypionate	contraindication	ovarian clear cell adenocarcinoma
Estradiol cypionate	contraindication	ovarian endometrioid adenocarcinoma
Estradiol cypionate	contraindication	borderline epithelial tumor of ovary
Estradiol cypionate	contraindication	malignant non-dysgerminomatous germ cell tumor of ovary
Estradiol cypionate	contraindication	familial ovarian cancer
Estradiol cypionate	contraindication	hereditary site-specific ovarian cancer syndrome
Estradiol cypionate	contraindication	primary non-gestational choriocarcinoma of ovary
Estradiol cypionate	contraindication	malignant germ cell tumor of ovary
Estradiol cypionate	contraindication	malignant sex cord stromal tumor of ovary
Estradiol cypionate	contraindication	immature ovarian teratoma
Estradiol cypionate	contraindication	malignant dysgerminomatous germ cell tumor of ovary
Estradiol cypionate	contraindication	maligant granulosa cell tumor of ovary
Estradiol cypionate	contraindication	malignant Sertoli-Leydig cell tumor of ovary
Estradiol cypionate	contraindication	theca steroid-producing cell malignant tumor of ovary, not further specified
Quinestrol	contraindication	ovarian cancer
Quinestrol	contraindication	ovarian adenocarcinoma
Quinestrol	contraindication	hereditary breast ovarian cancer syndrome
Quinestrol	contraindication	ovarian carcinosarcoma
Quinestrol	contraindication	ovarian small cell carcinoma
Quinestrol	contraindication	ovarian mucinous adenocarcinoma
Quinestrol	contraindication	yolk sac tumor
Quinestrol	contraindication	ovarian clear cell adenocarcinoma
Quinestrol	contraindication	ovarian endometrioid adenocarcinoma
Quinestrol	contraindication	borderline epithelial tumor of ovary
Quinestrol	contraindication	malignant non-dysgerminomatous germ cell tumor of ovary
Quinestrol	contraindication	familial ovarian cancer
Quinestrol	contraindication	hereditary site-specific ovarian cancer syndrome
Quinestrol	contraindication	primary non-gestational choriocarcinoma of ovary
Quinestrol	contraindication	malignant germ cell tumor of ovary
Quinestrol	contraindication	malignant sex cord stromal tumor of ovary
Quinestrol	contraindication	immature ovarian teratoma
Quinestrol	contraindication	malignant dysgerminomatous germ cell tumor of ovary
Quinestrol	contraindication	maligant granulosa cell tumor of ovary
Quinestrol	contraindication	malignant Sertoli-Leydig cell tumor of ovary
Quinestrol	contraindication	theca steroid-producing cell malignant tumor of ovary, not further specified
Estradiol valerate	contraindication	prostate cancer
Estradiol valerate	contraindication	prostate neoplasm
Estradiol valerate	contraindication	prostate carcinoma
Phylloquinone	contraindication	prostate cancer
Phylloquinone	contraindication	prostate neoplasm
Phylloquinone	contraindication	prostate carcinoma
Fluoxymesterone	contraindication	prostate cancer
Fluoxymesterone	contraindication	prostate neoplasm
Fluoxymesterone	contraindication	prostate carcinoma
Cholecalciferol	contraindication	prostate cancer
Cholecalciferol	contraindication	prostate neoplasm
Cholecalciferol	contraindication	prostate carcinoma
Testosterone	contraindication	prostate cancer
Testosterone	contraindication	prostate neoplasm
Testosterone	contraindication	prostate carcinoma
Testosterone cypionate	contraindication	prostate cancer
Testosterone cypionate	contraindication	prostate neoplasm
Testosterone cypionate	contraindication	prostate carcinoma
Methyltestosterone	contraindication	prostate cancer
Methyltestosterone	contraindication	prostate neoplasm
Methyltestosterone	contraindication	prostate carcinoma
Testosterone propionate	contraindication	prostate cancer
Testosterone propionate	contraindication	prostate neoplasm
Testosterone propionate	contraindication	prostate carcinoma
Ethinylestradiol	contraindication	prostate cancer
Ethinylestradiol	contraindication	prostate neoplasm
Ethinylestradiol	contraindication	prostate carcinoma
Estradiol	contraindication	prostate cancer
Estradiol	contraindication	prostate neoplasm
Estradiol	contraindication	prostate carcinoma
Ergocalciferol	contraindication	prostate cancer
Ergocalciferol	contraindication	prostate neoplasm
Ergocalciferol	contraindication	prostate carcinoma
Oxymetholone	contraindication	prostate cancer
Oxymetholone	contraindication	prostate neoplasm
Oxymetholone	contraindication	prostate carcinoma
Testosterone enanthate	contraindication	prostate cancer
Testosterone enanthate	contraindication	prostate neoplasm
Testosterone enanthate	contraindication	prostate carcinoma
Estradiol cypionate	contraindication	prostate cancer
Estradiol cypionate	contraindication	prostate neoplasm
Estradiol cypionate	contraindication	prostate carcinoma
Stanozolol	contraindication	prostate cancer
Stanozolol	contraindication	prostate neoplasm
Stanozolol	contraindication	prostate carcinoma
Estradiol valerate	contraindication	hyperlipoproteinemia
Levonorgestrel	contraindication	hyperlipoproteinemia
Fluoxymesterone	contraindication	hyperlipoproteinemia
Fluoxymesterone	contraindication	familial hyperlipidemia
Medroxyprogesterone acetate	contraindication	hyperlipoproteinemia
Norethisterone	contraindication	hyperlipoproteinemia
Drospirenone	contraindication	hyperlipoproteinemia
Chlordiazepoxide	contraindication	hyperlipoproteinemia
Chlordiazepoxide	contraindication	familial hyperlipidemia
Testosterone	contraindication	hyperlipoproteinemia
Testosterone	contraindication	familial hyperlipidemia
Testosterone cypionate	contraindication	hyperlipoproteinemia
Testosterone cypionate	contraindication	familial hyperlipidemia
Methyltestosterone	contraindication	hyperlipoproteinemia
Methyltestosterone	contraindication	familial hyperlipidemia
Progesterone	contraindication	hyperlipoproteinemia
Ethinylestradiol	contraindication	hyperlipoproteinemia
Meprobamate	contraindication	hyperlipoproteinemia
Meprobamate	contraindication	familial hyperlipidemia
Estrone	contraindication	hyperlipoproteinemia
Estradiol	contraindication	hyperlipoproteinemia
Norgestimate	contraindication	hyperlipoproteinemia
Levomefolic acid	contraindication	hyperlipoproteinemia
Testosterone enanthate	contraindication	hyperlipoproteinemia
Testosterone enanthate	contraindication	familial hyperlipidemia
Estradiol cypionate	contraindication	hyperlipoproteinemia
Quinestrol	contraindication	hyperlipoproteinemia
Quinestrol	contraindication	familial hyperlipidemia
Estradiol valerate	contraindication	obstructive sleep apnea syndrome
Benzocaine	contraindication	obstructive sleep apnea syndrome
Guaifenesin	contraindication	obstructive sleep apnea syndrome
Homatropine	contraindication	obstructive sleep apnea syndrome
Temazepam	contraindication	obstructive sleep apnea syndrome
Lorazepam	contraindication	obstructive sleep apnea syndrome
Zolpidem	contraindication	obstructive sleep apnea syndrome
Butobarbital	contraindication	obstructive sleep apnea syndrome
Dicyclomine	contraindication	obstructive sleep apnea syndrome
Potassium Iodide	contraindication	obstructive sleep apnea syndrome
Pentobarbital	contraindication	obstructive sleep apnea syndrome
Secobarbital	contraindication	obstructive sleep apnea syndrome
Codeine	contraindication	obstructive sleep apnea syndrome
Clidinium	contraindication	obstructive sleep apnea syndrome
Mannitol	contraindication	obstructive sleep apnea syndrome
Oxazepam	contraindication	obstructive sleep apnea syndrome
Phenylephrine	contraindication	obstructive sleep apnea syndrome
Theophylline	contraindication	obstructive sleep apnea syndrome
Chlordiazepoxide	contraindication	obstructive sleep apnea syndrome
Testosterone	contraindication	obstructive sleep apnea syndrome
Testosterone cypionate	contraindication	obstructive sleep apnea syndrome
Caffeine	contraindication	obstructive sleep apnea syndrome
Testosterone propionate	contraindication	obstructive sleep apnea syndrome
Amobarbital	contraindication	obstructive sleep apnea syndrome
Phenytoin	contraindication	obstructive sleep apnea syndrome
Morphine	contraindication	obstructive sleep apnea syndrome
Magnesium carbonate	contraindication	obstructive sleep apnea syndrome
Metamfetamine	contraindication	obstructive sleep apnea syndrome
Scopolamine	contraindication	obstructive sleep apnea syndrome
Sodium oxybate	contraindication	obstructive sleep apnea syndrome
Amitriptyline	contraindication	obstructive sleep apnea syndrome
Estradiol	contraindication	obstructive sleep apnea syndrome
Phenobarbital	contraindication	obstructive sleep apnea syndrome
Dyphylline	contraindication	obstructive sleep apnea syndrome
Diazepam	contraindication	obstructive sleep apnea syndrome
Quazepam	contraindication	obstructive sleep apnea syndrome
Testosterone enanthate	contraindication	obstructive sleep apnea syndrome
Estradiol cypionate	contraindication	obstructive sleep apnea syndrome
Amphetamine	contraindication	obstructive sleep apnea syndrome
Ephedrine	contraindication	obstructive sleep apnea syndrome
Prazepam	contraindication	obstructive sleep apnea syndrome
Alprazolam	contraindication	obstructive sleep apnea syndrome
Triazolam	contraindication	obstructive sleep apnea syndrome
Flurazepam	contraindication	obstructive sleep apnea syndrome
Doxepin	contraindication	obstructive sleep apnea syndrome
Clonazepam	contraindication	obstructive sleep apnea syndrome
Zaleplon	contraindication	obstructive sleep apnea syndrome
Methscopolamine	contraindication	obstructive sleep apnea syndrome
Ozanimod	contraindication	obstructive sleep apnea syndrome
Dextromethorphan	contraindication	obstructive sleep apnea syndrome
Oxyphencyclimine	contraindication	obstructive sleep apnea syndrome
Butabarbital	contraindication	obstructive sleep apnea syndrome
Primidone	contraindication	obstructive sleep apnea syndrome
Methylphenobarbital	contraindication	obstructive sleep apnea syndrome
Ergotamine	contraindication	obstructive sleep apnea syndrome
Pramipexole	contraindication	obstructive sleep apnea syndrome
Hyoscyamine	contraindication	obstructive sleep apnea syndrome
Estradiol valerate	contraindication	endometriosis (disease)
Estradiol valerate	contraindication	endometriosis of uterus
Clomifene	contraindication	endometriosis (disease)
Clomifene	contraindication	endometriosis of uterus
Fluoxymesterone	contraindication	endometriosis (disease)
Fluoxymesterone	contraindication	endometriosis of uterus
Drospirenone	contraindication	endometriosis (disease)
Drospirenone	contraindication	endometriosis of uterus
Chlordiazepoxide	contraindication	endometriosis (disease)
Chlordiazepoxide	contraindication	endometriosis of uterus
Testosterone	contraindication	endometriosis (disease)
Testosterone	contraindication	endometriosis of uterus
Testosterone cypionate	contraindication	endometriosis (disease)
Testosterone cypionate	contraindication	endometriosis of uterus
Methyltestosterone	contraindication	endometriosis (disease)
Methyltestosterone	contraindication	endometriosis of uterus
Ethinylestradiol	contraindication	endometriosis (disease)
Ethinylestradiol	contraindication	endometriosis of uterus
Meprobamate	contraindication	endometriosis (disease)
Meprobamate	contraindication	endometriosis of uterus
Estrone	contraindication	endometriosis (disease)
Estrone	contraindication	endometriosis of uterus
Estradiol	contraindication	endometriosis (disease)
Estradiol	contraindication	endometriosis of uterus
Norgestimate	contraindication	endometriosis (disease)
Norgestimate	contraindication	endometriosis of uterus
Levomefolic acid	contraindication	endometriosis (disease)
Levomefolic acid	contraindication	endometriosis of uterus
Testosterone enanthate	contraindication	endometriosis (disease)
Testosterone enanthate	contraindication	endometriosis of uterus
Estradiol cypionate	contraindication	endometriosis (disease)
Estradiol cypionate	contraindication	endometriosis of uterus
Quinestrol	contraindication	endometriosis (disease)
Quinestrol	contraindication	endometriosis of uterus
Estradiol valerate	contraindication	endometrial carcinoma (disease)
Estradiol valerate	contraindication	endometrial cancer
Estradiol valerate	contraindication	endometrium neoplasm
Estradiol valerate	contraindication	uterine corpus cancer
Clomifene	contraindication	endometrial carcinoma (disease)
Clomifene	contraindication	endometrial cancer
Clomifene	contraindication	endometrium neoplasm
Clomifene	contraindication	uterine corpus cancer
Levonorgestrel	contraindication	endometrial carcinoma (disease)
Levonorgestrel	contraindication	endometrial cancer
Levonorgestrel	contraindication	endometrium neoplasm
Levonorgestrel	contraindication	uterine corpus cancer
Fluoxymesterone	contraindication	endometrial carcinoma (disease)
Fluoxymesterone	contraindication	endometrial cancer
Fluoxymesterone	contraindication	endometrium neoplasm
Fluoxymesterone	contraindication	uterine corpus cancer
Mestranol	contraindication	endometrial carcinoma (disease)
Mestranol	contraindication	endometrial cancer
Mestranol	contraindication	endometrium neoplasm
Mestranol	contraindication	uterine corpus cancer
Norethisterone	contraindication	endometrial carcinoma (disease)
Norethisterone	contraindication	endometrial cancer
Norethisterone	contraindication	endometrium neoplasm
Norethisterone	contraindication	uterine corpus cancer
Drospirenone	contraindication	endometrial carcinoma (disease)
Drospirenone	contraindication	endometrial cancer
Drospirenone	contraindication	endometrium neoplasm
Drospirenone	contraindication	uterine corpus cancer
Chlordiazepoxide	contraindication	endometrial carcinoma (disease)
Chlordiazepoxide	contraindication	endometrial cancer
Chlordiazepoxide	contraindication	endometrium neoplasm
Chlordiazepoxide	contraindication	uterine corpus cancer
Testosterone	contraindication	endometrial carcinoma (disease)
Testosterone	contraindication	endometrial cancer
Testosterone	contraindication	endometrium neoplasm
Testosterone	contraindication	uterine corpus cancer
Testosterone cypionate	contraindication	endometrial carcinoma (disease)
Testosterone cypionate	contraindication	endometrial cancer
Testosterone cypionate	contraindication	endometrium neoplasm
Testosterone cypionate	contraindication	uterine corpus cancer
Methyltestosterone	contraindication	endometrial carcinoma (disease)
Methyltestosterone	contraindication	endometrial cancer
Methyltestosterone	contraindication	endometrium neoplasm
Methyltestosterone	contraindication	uterine corpus cancer
Ethinylestradiol	contraindication	endometrial carcinoma (disease)
Ethinylestradiol	contraindication	endometrial cancer
Ethinylestradiol	contraindication	endometrium neoplasm
Ethinylestradiol	contraindication	uterine corpus cancer
Meprobamate	contraindication	endometrial carcinoma (disease)
Meprobamate	contraindication	endometrial cancer
Meprobamate	contraindication	endometrium neoplasm
Meprobamate	contraindication	uterine corpus cancer
Estrone	contraindication	endometrial carcinoma (disease)
Estrone	contraindication	endometrial cancer
Estrone	contraindication	endometrium neoplasm
Estrone	contraindication	uterine corpus cancer
Estradiol	contraindication	endometrial carcinoma (disease)
Estradiol	contraindication	endometrial cancer
Estradiol	contraindication	endometrium neoplasm
Estradiol	contraindication	uterine corpus cancer
Norgestimate	contraindication	endometrial carcinoma (disease)
Norgestimate	contraindication	endometrial cancer
Norgestimate	contraindication	endometrium neoplasm
Norgestimate	contraindication	uterine corpus cancer
Levomefolic acid	contraindication	endometrial carcinoma (disease)
Levomefolic acid	contraindication	endometrial cancer
Levomefolic acid	contraindication	endometrium neoplasm
Levomefolic acid	contraindication	uterine corpus cancer
Testosterone enanthate	contraindication	endometrial carcinoma (disease)
Testosterone enanthate	contraindication	endometrial cancer
Testosterone enanthate	contraindication	endometrium neoplasm
Testosterone enanthate	contraindication	uterine corpus cancer
Estradiol cypionate	contraindication	endometrial carcinoma (disease)
Estradiol cypionate	contraindication	endometrial cancer
Estradiol cypionate	contraindication	endometrium neoplasm
Estradiol cypionate	contraindication	uterine corpus cancer
Quinestrol	contraindication	endometrial carcinoma (disease)
Quinestrol	contraindication	endometrial cancer
Quinestrol	contraindication	endometrium neoplasm
Quinestrol	contraindication	uterine corpus cancer
Ferrous fumarate	contraindication	endometrial carcinoma (disease)
Ferrous fumarate	contraindication	endometrial cancer
Ferrous fumarate	contraindication	endometrium neoplasm
Ferrous fumarate	contraindication	uterine corpus cancer
Magnesium oxide	contraindication	endometrial carcinoma (disease)
Magnesium oxide	contraindication	endometrial cancer
Magnesium oxide	contraindication	endometrium neoplasm
Magnesium oxide	contraindication	uterine corpus cancer
Tranexamic acid	contraindication	endometrial carcinoma (disease)
Tranexamic acid	contraindication	endometrial cancer
Tranexamic acid	contraindication	endometrium neoplasm
Tranexamic acid	contraindication	uterine corpus cancer
Estradiol valerate	contraindication	dementia (disease)
Levonorgestrel	contraindication	dementia (disease)
Fluoxymesterone	contraindication	dementia (disease)
Medroxyprogesterone acetate	contraindication	dementia (disease)
Norethisterone	contraindication	dementia (disease)
Drospirenone	contraindication	dementia (disease)
Chlordiazepoxide	contraindication	dementia (disease)
Testosterone	contraindication	dementia (disease)
Testosterone cypionate	contraindication	dementia (disease)
Methyltestosterone	contraindication	dementia (disease)
Progesterone	contraindication	dementia (disease)
Ethinylestradiol	contraindication	dementia (disease)
Meprobamate	contraindication	dementia (disease)
Estrone	contraindication	dementia (disease)
Estradiol	contraindication	dementia (disease)
Protriptyline	contraindication	dementia (disease)
Norgestimate	contraindication	dementia (disease)
Levomefolic acid	contraindication	dementia (disease)
Testosterone enanthate	contraindication	dementia (disease)
Estradiol cypionate	contraindication	dementia (disease)
Quinestrol	contraindication	dementia (disease)
Tolterodine	contraindication	dementia (disease)
Estradiol valerate	contraindication	stroke disorder
Estradiol valerate	contraindication	cerebrovascular disorder
Estradiol valerate	contraindication	obsolete susceptibility to ischemic stroke
Estradiol valerate	contraindication	cerebral infarction
Glimepiride	contraindication	stroke disorder
Glimepiride	contraindication	cerebrovascular disorder
Glimepiride	contraindication	obsolete susceptibility to ischemic stroke
Glimepiride	contraindication	cerebral infarction
Pseudoephedrine	contraindication	stroke disorder
Pseudoephedrine	contraindication	cerebrovascular disorder
Pseudoephedrine	contraindication	obsolete susceptibility to ischemic stroke
Pseudoephedrine	contraindication	cerebral infarction
Inositol	contraindication	stroke disorder
Inositol	contraindication	cerebrovascular disorder
Inositol	contraindication	obsolete susceptibility to ischemic stroke
Inositol	contraindication	cerebral infarction
Hydralazine	contraindication	stroke disorder
Hydralazine	contraindication	cerebrovascular disorder
Hydralazine	contraindication	obsolete susceptibility to ischemic stroke
Hydralazine	contraindication	cerebral infarction
Mirtazapine	contraindication	stroke disorder
Mirtazapine	contraindication	cerebrovascular disorder
Mirtazapine	contraindication	obsolete susceptibility to ischemic stroke
Mirtazapine	contraindication	cerebral infarction
Raloxifene	contraindication	stroke disorder
Raloxifene	contraindication	cerebrovascular disorder
Raloxifene	contraindication	obsolete susceptibility to ischemic stroke
Raloxifene	contraindication	cerebral infarction
Nefazodone	contraindication	stroke disorder
Nefazodone	contraindication	cerebrovascular disorder
Nefazodone	contraindication	obsolete susceptibility to ischemic stroke
Nefazodone	contraindication	cerebral infarction
Atomoxetine	contraindication	stroke disorder
Atomoxetine	contraindication	cerebrovascular disorder
Atomoxetine	contraindication	obsolete susceptibility to ischemic stroke
Atomoxetine	contraindication	cerebral infarction
Levonorgestrel	contraindication	stroke disorder
Levonorgestrel	contraindication	cerebrovascular disorder
Levonorgestrel	contraindication	obsolete susceptibility to ischemic stroke
Levonorgestrel	contraindication	cerebral infarction
Tromethamine	contraindication	stroke disorder
Tromethamine	contraindication	cerebrovascular disorder
Tromethamine	contraindication	obsolete susceptibility to ischemic stroke
Tromethamine	contraindication	cerebral infarction
Fluoxymesterone	contraindication	stroke disorder
Fluoxymesterone	contraindication	cerebrovascular disorder
Fluoxymesterone	contraindication	obsolete susceptibility to ischemic stroke
Fluoxymesterone	contraindication	cerebral infarction
Ketorolac	contraindication	stroke disorder
Ketorolac	contraindication	cerebrovascular disorder
Ketorolac	contraindication	obsolete susceptibility to ischemic stroke
Ketorolac	contraindication	cerebral infarction
Trimipramine	contraindication	stroke disorder
Trimipramine	contraindication	cerebrovascular disorder
Trimipramine	contraindication	obsolete susceptibility to ischemic stroke
Trimipramine	contraindication	cerebral infarction
Nortriptyline	contraindication	stroke disorder
Nortriptyline	contraindication	cerebrovascular disorder
Nortriptyline	contraindication	obsolete susceptibility to ischemic stroke
Nortriptyline	contraindication	cerebral infarction
Mestranol	contraindication	stroke disorder
Mestranol	contraindication	cerebrovascular disorder
Mestranol	contraindication	obsolete susceptibility to ischemic stroke
Mestranol	contraindication	cerebral infarction
Meloxicam	contraindication	stroke disorder
Meloxicam	contraindication	cerebrovascular disorder
Meloxicam	contraindication	obsolete susceptibility to ischemic stroke
Meloxicam	contraindication	cerebral infarction
Medroxyprogesterone acetate	contraindication	stroke disorder
Medroxyprogesterone acetate	contraindication	cerebrovascular disorder
Medroxyprogesterone acetate	contraindication	obsolete susceptibility to ischemic stroke
Medroxyprogesterone acetate	contraindication	cerebral infarction
Norethisterone	contraindication	stroke disorder
Norethisterone	contraindication	cerebrovascular disorder
Norethisterone	contraindication	obsolete susceptibility to ischemic stroke
Norethisterone	contraindication	cerebral infarction
Drospirenone	contraindication	stroke disorder
Drospirenone	contraindication	cerebrovascular disorder
Drospirenone	contraindication	obsolete susceptibility to ischemic stroke
Drospirenone	contraindication	cerebral infarction
Metformin	contraindication	stroke disorder
Metformin	contraindication	cerebrovascular disorder
Metformin	contraindication	obsolete susceptibility to ischemic stroke
Metformin	contraindication	cerebral infarction
Asenapine	contraindication	stroke disorder
Asenapine	contraindication	cerebrovascular disorder
Asenapine	contraindication	obsolete susceptibility to ischemic stroke
Asenapine	contraindication	cerebral infarction
Inositol nicotinate	contraindication	stroke disorder
Inositol nicotinate	contraindication	cerebrovascular disorder
Inositol nicotinate	contraindication	obsolete susceptibility to ischemic stroke
Inositol nicotinate	contraindication	cerebral infarction
Lisdexamfetamine	contraindication	stroke disorder
Lisdexamfetamine	contraindication	cerebrovascular disorder
Lisdexamfetamine	contraindication	obsolete susceptibility to ischemic stroke
Lisdexamfetamine	contraindication	cerebral infarction
Acyclovir	contraindication	stroke disorder
Acyclovir	contraindication	cerebrovascular disorder
Acyclovir	contraindication	obsolete susceptibility to ischemic stroke
Acyclovir	contraindication	cerebral infarction
Chlorothiazide	contraindication	stroke disorder
Chlorothiazide	contraindication	cerebrovascular disorder
Chlorothiazide	contraindication	obsolete susceptibility to ischemic stroke
Chlorothiazide	contraindication	cerebral infarction
Hydrochlorothiazide	contraindication	stroke disorder
Hydrochlorothiazide	contraindication	cerebrovascular disorder
Hydrochlorothiazide	contraindication	obsolete susceptibility to ischemic stroke
Hydrochlorothiazide	contraindication	cerebral infarction
Chlordiazepoxide	contraindication	stroke disorder
Chlordiazepoxide	contraindication	cerebrovascular disorder
Chlordiazepoxide	contraindication	obsolete susceptibility to ischemic stroke
Chlordiazepoxide	contraindication	cerebral infarction
Testosterone	contraindication	stroke disorder
Testosterone	contraindication	cerebrovascular disorder
Testosterone	contraindication	obsolete susceptibility to ischemic stroke
Testosterone	contraindication	cerebral infarction
Testosterone cypionate	contraindication	stroke disorder
Testosterone cypionate	contraindication	cerebrovascular disorder
Testosterone cypionate	contraindication	obsolete susceptibility to ischemic stroke
Testosterone cypionate	contraindication	cerebral infarction
Methyltestosterone	contraindication	stroke disorder
Methyltestosterone	contraindication	cerebrovascular disorder
Methyltestosterone	contraindication	obsolete susceptibility to ischemic stroke
Methyltestosterone	contraindication	cerebral infarction
Progesterone	contraindication	stroke disorder
Progesterone	contraindication	cerebrovascular disorder
Progesterone	contraindication	obsolete susceptibility to ischemic stroke
Progesterone	contraindication	cerebral infarction
Ethinylestradiol	contraindication	stroke disorder
Ethinylestradiol	contraindication	cerebrovascular disorder
Ethinylestradiol	contraindication	obsolete susceptibility to ischemic stroke
Ethinylestradiol	contraindication	cerebral infarction
Meprobamate	contraindication	stroke disorder
Meprobamate	contraindication	cerebrovascular disorder
Meprobamate	contraindication	obsolete susceptibility to ischemic stroke
Meprobamate	contraindication	cerebral infarction
Fluoxetine	contraindication	stroke disorder
Fluoxetine	contraindication	cerebrovascular disorder
Fluoxetine	contraindication	obsolete susceptibility to ischemic stroke
Fluoxetine	contraindication	cerebral infarction
Leuprolide	contraindication	stroke disorder
Leuprolide	contraindication	cerebrovascular disorder
Leuprolide	contraindication	obsolete susceptibility to ischemic stroke
Leuprolide	contraindication	cerebral infarction
Metamfetamine	contraindication	stroke disorder
Metamfetamine	contraindication	cerebrovascular disorder
Metamfetamine	contraindication	obsolete susceptibility to ischemic stroke
Metamfetamine	contraindication	cerebral infarction
Sirolimus	contraindication	stroke disorder
Sirolimus	contraindication	cerebrovascular disorder
Sirolimus	contraindication	obsolete susceptibility to ischemic stroke
Sirolimus	contraindication	cerebral infarction
Estrone	contraindication	stroke disorder
Estrone	contraindication	cerebrovascular disorder
Estrone	contraindication	obsolete susceptibility to ischemic stroke
Estrone	contraindication	cerebral infarction
Dextroamphetamine	contraindication	stroke disorder
Dextroamphetamine	contraindication	cerebrovascular disorder
Dextroamphetamine	contraindication	obsolete susceptibility to ischemic stroke
Dextroamphetamine	contraindication	cerebral infarction
Reserpine	contraindication	stroke disorder
Reserpine	contraindication	cerebrovascular disorder
Reserpine	contraindication	obsolete susceptibility to ischemic stroke
Reserpine	contraindication	cerebral infarction
Imipramine	contraindication	stroke disorder
Imipramine	contraindication	cerebrovascular disorder
Imipramine	contraindication	obsolete susceptibility to ischemic stroke
Imipramine	contraindication	cerebral infarction
Desipramine	contraindication	stroke disorder
Desipramine	contraindication	cerebrovascular disorder
Desipramine	contraindication	obsolete susceptibility to ischemic stroke
Desipramine	contraindication	cerebral infarction
Estradiol	contraindication	stroke disorder
Estradiol	contraindication	cerebrovascular disorder
Estradiol	contraindication	obsolete susceptibility to ischemic stroke
Estradiol	contraindication	cerebral infarction
Dexmethylphenidate	contraindication	stroke disorder
Dexmethylphenidate	contraindication	cerebrovascular disorder
Dexmethylphenidate	contraindication	obsolete susceptibility to ischemic stroke
Dexmethylphenidate	contraindication	cerebral infarction
Capsaicin	contraindication	stroke disorder
Capsaicin	contraindication	cerebrovascular disorder
Capsaicin	contraindication	obsolete susceptibility to ischemic stroke
Capsaicin	contraindication	cerebral infarction
Minoxidil	contraindication	stroke disorder
Minoxidil	contraindication	cerebrovascular disorder
Minoxidil	contraindication	obsolete susceptibility to ischemic stroke
Minoxidil	contraindication	cerebral infarction
Lurasidone	contraindication	stroke disorder
Lurasidone	contraindication	cerebrovascular disorder
Lurasidone	contraindication	obsolete susceptibility to ischemic stroke
Lurasidone	contraindication	cerebral infarction
Piroxicam	contraindication	stroke disorder
Piroxicam	contraindication	cerebrovascular disorder
Piroxicam	contraindication	obsolete susceptibility to ischemic stroke
Piroxicam	contraindication	cerebral infarction
Norgestimate	contraindication	stroke disorder
Norgestimate	contraindication	cerebrovascular disorder
Norgestimate	contraindication	obsolete susceptibility to ischemic stroke
Norgestimate	contraindication	cerebral infarction
Levomefolic acid	contraindication	stroke disorder
Levomefolic acid	contraindication	cerebrovascular disorder
Levomefolic acid	contraindication	obsolete susceptibility to ischemic stroke
Levomefolic acid	contraindication	cerebral infarction
Testosterone enanthate	contraindication	stroke disorder
Testosterone enanthate	contraindication	cerebrovascular disorder
Testosterone enanthate	contraindication	obsolete susceptibility to ischemic stroke
Testosterone enanthate	contraindication	cerebral infarction
Estradiol cypionate	contraindication	stroke disorder
Estradiol cypionate	contraindication	cerebrovascular disorder
Estradiol cypionate	contraindication	obsolete susceptibility to ischemic stroke
Estradiol cypionate	contraindication	cerebral infarction
Doxapram	contraindication	stroke disorder
Doxapram	contraindication	cerebrovascular disorder
Doxapram	contraindication	obsolete susceptibility to ischemic stroke
Doxapram	contraindication	cerebral infarction
Amphetamine	contraindication	stroke disorder
Amphetamine	contraindication	cerebrovascular disorder
Amphetamine	contraindication	obsolete susceptibility to ischemic stroke
Amphetamine	contraindication	cerebral infarction
Ephedrine	contraindication	stroke disorder
Ephedrine	contraindication	cerebrovascular disorder
Ephedrine	contraindication	obsolete susceptibility to ischemic stroke
Ephedrine	contraindication	cerebral infarction
Fenoprofen	contraindication	stroke disorder
Fenoprofen	contraindication	cerebrovascular disorder
Fenoprofen	contraindication	obsolete susceptibility to ischemic stroke
Fenoprofen	contraindication	cerebral infarction
Bromocriptine	contraindication	stroke disorder
Bromocriptine	contraindication	cerebrovascular disorder
Bromocriptine	contraindication	obsolete susceptibility to ischemic stroke
Bromocriptine	contraindication	cerebral infarction
Vardenafil	contraindication	stroke disorder
Vardenafil	contraindication	cerebrovascular disorder
Vardenafil	contraindication	obsolete susceptibility to ischemic stroke
Vardenafil	contraindication	cerebral infarction
Naproxen	contraindication	stroke disorder
Naproxen	contraindication	cerebrovascular disorder
Naproxen	contraindication	obsolete susceptibility to ischemic stroke
Naproxen	contraindication	cerebral infarction
Erlotinib	contraindication	stroke disorder
Erlotinib	contraindication	cerebrovascular disorder
Erlotinib	contraindication	obsolete susceptibility to ischemic stroke
Erlotinib	contraindication	cerebral infarction
Tadalafil	contraindication	stroke disorder
Tadalafil	contraindication	cerebrovascular disorder
Tadalafil	contraindication	obsolete susceptibility to ischemic stroke
Tadalafil	contraindication	cerebral infarction
Celecoxib	contraindication	stroke disorder
Celecoxib	contraindication	cerebrovascular disorder
Celecoxib	contraindication	obsolete susceptibility to ischemic stroke
Celecoxib	contraindication	cerebral infarction
Temsirolimus	contraindication	stroke disorder
Temsirolimus	contraindication	cerebrovascular disorder
Temsirolimus	contraindication	obsolete susceptibility to ischemic stroke
Temsirolimus	contraindication	cerebral infarction
Frovatriptan	contraindication	stroke disorder
Frovatriptan	contraindication	cerebrovascular disorder
Frovatriptan	contraindication	obsolete susceptibility to ischemic stroke
Frovatriptan	contraindication	cerebral infarction
Ibuprofen	contraindication	stroke disorder
Ibuprofen	contraindication	cerebrovascular disorder
Ibuprofen	contraindication	obsolete susceptibility to ischemic stroke
Ibuprofen	contraindication	cerebral infarction
Almotriptan	contraindication	stroke disorder
Almotriptan	contraindication	cerebrovascular disorder
Almotriptan	contraindication	obsolete susceptibility to ischemic stroke
Almotriptan	contraindication	cerebral infarction
Diclofenac	contraindication	stroke disorder
Diclofenac	contraindication	cerebrovascular disorder
Diclofenac	contraindication	obsolete susceptibility to ischemic stroke
Diclofenac	contraindication	cerebral infarction
Quinestrol	contraindication	stroke disorder
Quinestrol	contraindication	cerebrovascular disorder
Quinestrol	contraindication	obsolete susceptibility to ischemic stroke
Quinestrol	contraindication	cerebral infarction
Prasugrel	contraindication	stroke disorder
Prasugrel	contraindication	cerebrovascular disorder
Prasugrel	contraindication	obsolete susceptibility to ischemic stroke
Prasugrel	contraindication	cerebral infarction
Tirofiban	contraindication	stroke disorder
Tirofiban	contraindication	cerebrovascular disorder
Tirofiban	contraindication	obsolete susceptibility to ischemic stroke
Tirofiban	contraindication	cerebral infarction
Febuxostat	contraindication	stroke disorder
Febuxostat	contraindication	cerebrovascular disorder
Febuxostat	contraindication	obsolete susceptibility to ischemic stroke
Febuxostat	contraindication	cerebral infarction
Rizatriptan	contraindication	stroke disorder
Rizatriptan	contraindication	cerebrovascular disorder
Rizatriptan	contraindication	obsolete susceptibility to ischemic stroke
Rizatriptan	contraindication	cerebral infarction
Eletriptan	contraindication	stroke disorder
Eletriptan	contraindication	cerebrovascular disorder
Eletriptan	contraindication	obsolete susceptibility to ischemic stroke
Eletriptan	contraindication	cerebral infarction
Ferrous fumarate	contraindication	stroke disorder
Ferrous fumarate	contraindication	cerebrovascular disorder
Ferrous fumarate	contraindication	obsolete susceptibility to ischemic stroke
Ferrous fumarate	contraindication	cerebral infarction
Sildenafil	contraindication	stroke disorder
Sildenafil	contraindication	cerebrovascular disorder
Sildenafil	contraindication	obsolete susceptibility to ischemic stroke
Sildenafil	contraindication	cerebral infarction
Zolmitriptan	contraindication	stroke disorder
Zolmitriptan	contraindication	cerebrovascular disorder
Zolmitriptan	contraindication	obsolete susceptibility to ischemic stroke
Zolmitriptan	contraindication	cerebral infarction
Olanzapine	contraindication	stroke disorder
Olanzapine	contraindication	cerebrovascular disorder
Olanzapine	contraindication	obsolete susceptibility to ischemic stroke
Olanzapine	contraindication	cerebral infarction
Ozanimod	contraindication	stroke disorder
Ozanimod	contraindication	cerebrovascular disorder
Ozanimod	contraindication	obsolete susceptibility to ischemic stroke
Ozanimod	contraindication	cerebral infarction
Butabarbital	contraindication	stroke disorder
Butabarbital	contraindication	cerebrovascular disorder
Butabarbital	contraindication	obsolete susceptibility to ischemic stroke
Butabarbital	contraindication	cerebral infarction
Naratriptan	contraindication	stroke disorder
Naratriptan	contraindication	cerebrovascular disorder
Naratriptan	contraindication	obsolete susceptibility to ischemic stroke
Naratriptan	contraindication	cerebral infarction
Tranexamic acid	contraindication	stroke disorder
Tranexamic acid	contraindication	cerebrovascular disorder
Tranexamic acid	contraindication	obsolete susceptibility to ischemic stroke
Tranexamic acid	contraindication	cerebral infarction
Methylphenidate	contraindication	stroke disorder
Methylphenidate	contraindication	cerebrovascular disorder
Methylphenidate	contraindication	obsolete susceptibility to ischemic stroke
Methylphenidate	contraindication	cerebral infarction
Sibutramine	contraindication	stroke disorder
Sibutramine	contraindication	cerebrovascular disorder
Sibutramine	contraindication	obsolete susceptibility to ischemic stroke
Sibutramine	contraindication	cerebral infarction
Risperidone	contraindication	stroke disorder
Risperidone	contraindication	cerebrovascular disorder
Risperidone	contraindication	obsolete susceptibility to ischemic stroke
Risperidone	contraindication	cerebral infarction
Tamoxifen	contraindication	stroke disorder
Tamoxifen	contraindication	cerebrovascular disorder
Tamoxifen	contraindication	obsolete susceptibility to ischemic stroke
Tamoxifen	contraindication	cerebral infarction
Sumatriptan	contraindication	stroke disorder
Sumatriptan	contraindication	cerebrovascular disorder
Sumatriptan	contraindication	obsolete susceptibility to ischemic stroke
Sumatriptan	contraindication	cerebral infarction
Lansoprazole	contraindication	stroke disorder
Lansoprazole	contraindication	cerebrovascular disorder
Lansoprazole	contraindication	obsolete susceptibility to ischemic stroke
Lansoprazole	contraindication	cerebral infarction
Maprotiline	contraindication	stroke disorder
Maprotiline	contraindication	cerebrovascular disorder
Maprotiline	contraindication	obsolete susceptibility to ischemic stroke
Maprotiline	contraindication	cerebral infarction
Estradiol valerate	contraindication	pulmonary embolism (disease)
Raloxifene	contraindication	pulmonary embolism (disease)
Levonorgestrel	contraindication	pulmonary embolism (disease)
Fluoxymesterone	contraindication	pulmonary embolism (disease)
Mestranol	contraindication	pulmonary embolism (disease)
Medroxyprogesterone acetate	contraindication	pulmonary embolism (disease)
Norethisterone	contraindication	pulmonary embolism (disease)
Drospirenone	contraindication	pulmonary embolism (disease)
Chlordiazepoxide	contraindication	pulmonary embolism (disease)
Testosterone	contraindication	pulmonary embolism (disease)
Testosterone cypionate	contraindication	pulmonary embolism (disease)
Methyltestosterone	contraindication	pulmonary embolism (disease)
Progesterone	contraindication	pulmonary embolism (disease)
Ethinylestradiol	contraindication	pulmonary embolism (disease)
Meprobamate	contraindication	pulmonary embolism (disease)
Estrone	contraindication	pulmonary embolism (disease)
Thalidomide	contraindication	pulmonary embolism (disease)
Estradiol	contraindication	pulmonary embolism (disease)
Norgestimate	contraindication	pulmonary embolism (disease)
Levomefolic acid	contraindication	pulmonary embolism (disease)
Testosterone enanthate	contraindication	pulmonary embolism (disease)
Estradiol cypionate	contraindication	pulmonary embolism (disease)
Doxapram	contraindication	pulmonary embolism (disease)
Lenalidomide	contraindication	pulmonary embolism (disease)
Quinestrol	contraindication	pulmonary embolism (disease)
Vorinostat	contraindication	pulmonary embolism (disease)
Ferrous fumarate	contraindication	pulmonary embolism (disease)
Tranexamic acid	contraindication	pulmonary embolism (disease)
Tamoxifen	contraindication	pulmonary embolism (disease)
Estradiol valerate	contraindication	retinal artery occlusion
Raloxifene	contraindication	retinal artery occlusion
Levonorgestrel	contraindication	retinal artery occlusion
Fluoxymesterone	contraindication	retinal artery occlusion
Mestranol	contraindication	retinal artery occlusion
Medroxyprogesterone acetate	contraindication	retinal artery occlusion
Norethisterone	contraindication	retinal artery occlusion
Drospirenone	contraindication	retinal artery occlusion
Chlordiazepoxide	contraindication	retinal artery occlusion
Testosterone	contraindication	retinal artery occlusion
Testosterone cypionate	contraindication	retinal artery occlusion
Methyltestosterone	contraindication	retinal artery occlusion
Progesterone	contraindication	retinal artery occlusion
Ethinylestradiol	contraindication	retinal artery occlusion
Meprobamate	contraindication	retinal artery occlusion
Estrone	contraindication	retinal artery occlusion
Estradiol	contraindication	retinal artery occlusion
Norgestimate	contraindication	retinal artery occlusion
Levomefolic acid	contraindication	retinal artery occlusion
Testosterone enanthate	contraindication	retinal artery occlusion
Estradiol cypionate	contraindication	retinal artery occlusion
Quinestrol	contraindication	retinal artery occlusion
Ferrous fumarate	contraindication	retinal artery occlusion
Tranexamic acid	contraindication	retinal artery occlusion
Estradiol valerate	contraindication	thrombophilia
Raloxifene	contraindication	thrombophilia
Levonorgestrel	contraindication	thrombophilia
Fluoxymesterone	contraindication	thrombophilia
Medroxyprogesterone acetate	contraindication	thrombophilia
Norethisterone	contraindication	thrombophilia
Drospirenone	contraindication	thrombophilia
Chlordiazepoxide	contraindication	thrombophilia
Testosterone	contraindication	thrombophilia
Testosterone cypionate	contraindication	thrombophilia
Methyltestosterone	contraindication	thrombophilia
Progesterone	contraindication	thrombophilia
Ethinylestradiol	contraindication	thrombophilia
Meprobamate	contraindication	thrombophilia
Estrone	contraindication	thrombophilia
Estradiol	contraindication	thrombophilia
Norgestimate	contraindication	thrombophilia
Levomefolic acid	contraindication	thrombophilia
Testosterone enanthate	contraindication	thrombophilia
Estradiol cypionate	contraindication	thrombophilia
Quinestrol	contraindication	thrombophilia
Tranexamic acid	contraindication	thrombophilia
Estradiol valerate	contraindication	hepatic porphyria
Chlorpropamide	contraindication	hepatic porphyria
Glimepiride	contraindication	hepatic porphyria
Mifepristone	contraindication	hepatic porphyria
Levonorgestrel	contraindication	hepatic porphyria
Fluoxymesterone	contraindication	hepatic porphyria
Medroxyprogesterone acetate	contraindication	hepatic porphyria
Norethisterone	contraindication	hepatic porphyria
Drospirenone	contraindication	hepatic porphyria
Metformin	contraindication	hepatic porphyria
Tolbutamide	contraindication	hepatic porphyria
Chlordiazepoxide	contraindication	hepatic porphyria
Testosterone	contraindication	hepatic porphyria
Testosterone cypionate	contraindication	hepatic porphyria
Methyltestosterone	contraindication	hepatic porphyria
Progesterone	contraindication	hepatic porphyria
Ethinylestradiol	contraindication	hepatic porphyria
Meprobamate	contraindication	hepatic porphyria
Estrone	contraindication	hepatic porphyria
Estradiol	contraindication	hepatic porphyria
Norgestimate	contraindication	hepatic porphyria
Levomefolic acid	contraindication	hepatic porphyria
Testosterone enanthate	contraindication	hepatic porphyria
Estradiol cypionate	contraindication	hepatic porphyria
Glipizide	contraindication	hepatic porphyria
Quinestrol	contraindication	hepatic porphyria
Tolazamide	contraindication	hepatic porphyria
Pioglitazone	contraindication	hepatic porphyria
Glyburide	contraindication	hepatic porphyria
Estradiol valerate	contraindication	myocardial infarction (disease)
Estradiol valerate	contraindication	coronary thrombosis
Estradiol valerate	contraindication	myocardial infarction
Estradiol valerate	contraindication	hemoglobinopathy
Synephrine	contraindication	myocardial infarction (disease)
Synephrine	contraindication	coronary thrombosis
Synephrine	contraindication	myocardial infarction
Synephrine	contraindication	hemoglobinopathy
Glimepiride	contraindication	myocardial infarction (disease)
Glimepiride	contraindication	coronary thrombosis
Glimepiride	contraindication	myocardial infarction
Glimepiride	contraindication	hemoglobinopathy
Guaifenesin	contraindication	myocardial infarction (disease)
Guaifenesin	contraindication	coronary thrombosis
Guaifenesin	contraindication	myocardial infarction
Guaifenesin	contraindication	hemoglobinopathy
Phenyltoloxamine	contraindication	myocardial infarction (disease)
Phenyltoloxamine	contraindication	coronary thrombosis
Phenyltoloxamine	contraindication	myocardial infarction
Phenyltoloxamine	contraindication	hemoglobinopathy
Mepyramine	contraindication	myocardial infarction (disease)
Mepyramine	contraindication	coronary thrombosis
Mepyramine	contraindication	myocardial infarction
Mepyramine	contraindication	hemoglobinopathy
Pseudoephedrine	contraindication	myocardial infarction (disease)
Pseudoephedrine	contraindication	coronary thrombosis
Pseudoephedrine	contraindication	myocardial infarction
Pseudoephedrine	contraindication	hemoglobinopathy
Guaiacol	contraindication	myocardial infarction (disease)
Guaiacol	contraindication	coronary thrombosis
Guaiacol	contraindication	myocardial infarction
Guaiacol	contraindication	hemoglobinopathy
Inositol	contraindication	myocardial infarction (disease)
Inositol	contraindication	coronary thrombosis
Inositol	contraindication	myocardial infarction
Inositol	contraindication	hemoglobinopathy
Potassium citrate	contraindication	myocardial infarction (disease)
Potassium citrate	contraindication	coronary thrombosis
Potassium citrate	contraindication	myocardial infarction
Potassium citrate	contraindication	hemoglobinopathy
Hydralazine	contraindication	myocardial infarction (disease)
Hydralazine	contraindication	coronary thrombosis
Hydralazine	contraindication	myocardial infarction
Hydralazine	contraindication	hemoglobinopathy
Brompheniramine	contraindication	myocardial infarction (disease)
Brompheniramine	contraindication	coronary thrombosis
Brompheniramine	contraindication	myocardial infarction
Brompheniramine	contraindication	hemoglobinopathy
Pheniramine	contraindication	myocardial infarction (disease)
Pheniramine	contraindication	coronary thrombosis
Pheniramine	contraindication	myocardial infarction
Pheniramine	contraindication	hemoglobinopathy
Mirtazapine	contraindication	myocardial infarction (disease)
Mirtazapine	contraindication	coronary thrombosis
Mirtazapine	contraindication	myocardial infarction
Mirtazapine	contraindication	hemoglobinopathy
Perazine	contraindication	myocardial infarction (disease)
Perazine	contraindication	coronary thrombosis
Perazine	contraindication	myocardial infarction
Perazine	contraindication	hemoglobinopathy
Alimemazine	contraindication	myocardial infarction (disease)
Alimemazine	contraindication	coronary thrombosis
Alimemazine	contraindication	myocardial infarction
Alimemazine	contraindication	hemoglobinopathy
Nefazodone	contraindication	myocardial infarction (disease)
Nefazodone	contraindication	coronary thrombosis
Nefazodone	contraindication	myocardial infarction
Nefazodone	contraindication	hemoglobinopathy
Atomoxetine	contraindication	myocardial infarction (disease)
Atomoxetine	contraindication	coronary thrombosis
Atomoxetine	contraindication	myocardial infarction
Atomoxetine	contraindication	hemoglobinopathy
Riboflavin	contraindication	myocardial infarction (disease)
Riboflavin	contraindication	coronary thrombosis
Riboflavin	contraindication	myocardial infarction
Riboflavin	contraindication	hemoglobinopathy
Chlorcyclizine	contraindication	myocardial infarction (disease)
Chlorcyclizine	contraindication	coronary thrombosis
Chlorcyclizine	contraindication	myocardial infarction
Chlorcyclizine	contraindication	hemoglobinopathy
Cyclizine	contraindication	myocardial infarction (disease)
Cyclizine	contraindication	coronary thrombosis
Cyclizine	contraindication	myocardial infarction
Cyclizine	contraindication	hemoglobinopathy
Simvastatin	contraindication	myocardial infarction (disease)
Simvastatin	contraindication	coronary thrombosis
Simvastatin	contraindication	myocardial infarction
Simvastatin	contraindication	hemoglobinopathy
Levonorgestrel	contraindication	myocardial infarction (disease)
Levonorgestrel	contraindication	coronary thrombosis
Levonorgestrel	contraindication	myocardial infarction
Levonorgestrel	contraindication	hemoglobinopathy
Clofedanol	contraindication	myocardial infarction (disease)
Clofedanol	contraindication	coronary thrombosis
Clofedanol	contraindication	myocardial infarction
Clofedanol	contraindication	hemoglobinopathy
Tromethamine	contraindication	myocardial infarction (disease)
Tromethamine	contraindication	coronary thrombosis
Tromethamine	contraindication	myocardial infarction
Tromethamine	contraindication	hemoglobinopathy
Chlorthalidone	contraindication	myocardial infarction (disease)
Chlorthalidone	contraindication	coronary thrombosis
Chlorthalidone	contraindication	myocardial infarction
Chlorthalidone	contraindication	hemoglobinopathy
Pentoxyverine	contraindication	myocardial infarction (disease)
Pentoxyverine	contraindication	coronary thrombosis
Pentoxyverine	contraindication	myocardial infarction
Pentoxyverine	contraindication	hemoglobinopathy
Isoprenaline	contraindication	myocardial infarction (disease)
Isoprenaline	contraindication	coronary thrombosis
Isoprenaline	contraindication	myocardial infarction
Isoprenaline	contraindication	hemoglobinopathy
Potassium Iodide	contraindication	myocardial infarction (disease)
Potassium Iodide	contraindication	coronary thrombosis
Potassium Iodide	contraindication	myocardial infarction
Potassium Iodide	contraindication	hemoglobinopathy
Codeine	contraindication	myocardial infarction (disease)
Codeine	contraindication	coronary thrombosis
Codeine	contraindication	myocardial infarction
Codeine	contraindication	hemoglobinopathy
Fluoxymesterone	contraindication	myocardial infarction (disease)
Fluoxymesterone	contraindication	coronary thrombosis
Fluoxymesterone	contraindication	myocardial infarction
Fluoxymesterone	contraindication	hemoglobinopathy
Isradipine	contraindication	myocardial infarction (disease)
Isradipine	contraindication	coronary thrombosis
Isradipine	contraindication	myocardial infarction
Isradipine	contraindication	hemoglobinopathy
Lovastatin	contraindication	myocardial infarction (disease)
Lovastatin	contraindication	coronary thrombosis
Lovastatin	contraindication	myocardial infarction
Lovastatin	contraindication	hemoglobinopathy
Isopropamide	contraindication	myocardial infarction (disease)
Isopropamide	contraindication	coronary thrombosis
Isopropamide	contraindication	myocardial infarction
Isopropamide	contraindication	hemoglobinopathy
Potassium chloride	contraindication	myocardial infarction (disease)
Potassium chloride	contraindication	coronary thrombosis
Potassium chloride	contraindication	myocardial infarction
Potassium chloride	contraindication	hemoglobinopathy
Ketorolac	contraindication	myocardial infarction (disease)
Ketorolac	contraindication	coronary thrombosis
Ketorolac	contraindication	myocardial infarction
Ketorolac	contraindication	hemoglobinopathy
Felodipine	contraindication	myocardial infarction (disease)
Felodipine	contraindication	coronary thrombosis
Felodipine	contraindication	myocardial infarction
Felodipine	contraindication	hemoglobinopathy
Prilocaine	contraindication	myocardial infarction (disease)
Prilocaine	contraindication	coronary thrombosis
Prilocaine	contraindication	myocardial infarction
Prilocaine	contraindication	hemoglobinopathy
Nortriptyline	contraindication	myocardial infarction (disease)
Nortriptyline	contraindication	coronary thrombosis
Nortriptyline	contraindication	myocardial infarction
Nortriptyline	contraindication	hemoglobinopathy
Mestranol	contraindication	myocardial infarction (disease)
Mestranol	contraindication	coronary thrombosis
Mestranol	contraindication	myocardial infarction
Mestranol	contraindication	hemoglobinopathy
Meloxicam	contraindication	myocardial infarction (disease)
Meloxicam	contraindication	coronary thrombosis
Meloxicam	contraindication	myocardial infarction
Meloxicam	contraindication	hemoglobinopathy
Medroxyprogesterone acetate	contraindication	myocardial infarction (disease)
Medroxyprogesterone acetate	contraindication	coronary thrombosis
Medroxyprogesterone acetate	contraindication	myocardial infarction
Medroxyprogesterone acetate	contraindication	hemoglobinopathy
Fluphenazine	contraindication	myocardial infarction (disease)
Fluphenazine	contraindication	coronary thrombosis
Fluphenazine	contraindication	myocardial infarction
Fluphenazine	contraindication	hemoglobinopathy
Liothyronine	contraindication	myocardial infarction (disease)
Liothyronine	contraindication	coronary thrombosis
Liothyronine	contraindication	myocardial infarction
Liothyronine	contraindication	hemoglobinopathy
Modafinil	contraindication	myocardial infarction (disease)
Modafinil	contraindication	coronary thrombosis
Modafinil	contraindication	myocardial infarction
Modafinil	contraindication	hemoglobinopathy
Hydroxyzine	contraindication	myocardial infarction (disease)
Hydroxyzine	contraindication	coronary thrombosis
Hydroxyzine	contraindication	myocardial infarction
Hydroxyzine	contraindication	hemoglobinopathy
Norethisterone	contraindication	myocardial infarction (disease)
Norethisterone	contraindication	coronary thrombosis
Norethisterone	contraindication	myocardial infarction
Norethisterone	contraindication	hemoglobinopathy
Sodium citrate	contraindication	myocardial infarction (disease)
Sodium citrate	contraindication	coronary thrombosis
Sodium citrate	contraindication	myocardial infarction
Sodium citrate	contraindication	hemoglobinopathy
Drospirenone	contraindication	myocardial infarction (disease)
Drospirenone	contraindication	coronary thrombosis
Drospirenone	contraindication	myocardial infarction
Drospirenone	contraindication	hemoglobinopathy
Metformin	contraindication	myocardial infarction (disease)
Metformin	contraindication	coronary thrombosis
Metformin	contraindication	myocardial infarction
Metformin	contraindication	hemoglobinopathy
Asenapine	contraindication	myocardial infarction (disease)
Asenapine	contraindication	coronary thrombosis
Asenapine	contraindication	myocardial infarction
Asenapine	contraindication	hemoglobinopathy
Inositol nicotinate	contraindication	myocardial infarction (disease)
Inositol nicotinate	contraindication	coronary thrombosis
Inositol nicotinate	contraindication	myocardial infarction
Inositol nicotinate	contraindication	hemoglobinopathy
Meclofenamic acid	contraindication	myocardial infarction (disease)
Meclofenamic acid	contraindication	coronary thrombosis
Meclofenamic acid	contraindication	myocardial infarction
Meclofenamic acid	contraindication	hemoglobinopathy
Lisdexamfetamine	contraindication	myocardial infarction (disease)
Lisdexamfetamine	contraindication	coronary thrombosis
Lisdexamfetamine	contraindication	myocardial infarction
Lisdexamfetamine	contraindication	hemoglobinopathy
Acyclovir	contraindication	myocardial infarction (disease)
Acyclovir	contraindication	coronary thrombosis
Acyclovir	contraindication	myocardial infarction
Acyclovir	contraindication	hemoglobinopathy
Levodopa	contraindication	myocardial infarction (disease)
Levodopa	contraindication	coronary thrombosis
Levodopa	contraindication	myocardial infarction
Levodopa	contraindication	hemoglobinopathy
Phenylephrine	contraindication	myocardial infarction (disease)
Phenylephrine	contraindication	coronary thrombosis
Phenylephrine	contraindication	myocardial infarction
Phenylephrine	contraindication	hemoglobinopathy
Papaverine	contraindication	myocardial infarction (disease)
Papaverine	contraindication	coronary thrombosis
Papaverine	contraindication	myocardial infarction
Papaverine	contraindication	hemoglobinopathy
Theophylline	contraindication	myocardial infarction (disease)
Theophylline	contraindication	coronary thrombosis
Theophylline	contraindication	myocardial infarction
Theophylline	contraindication	hemoglobinopathy
Promazine	contraindication	myocardial infarction (disease)
Promazine	contraindication	coronary thrombosis
Promazine	contraindication	myocardial infarction
Promazine	contraindication	hemoglobinopathy
Perphenazine	contraindication	myocardial infarction (disease)
Perphenazine	contraindication	coronary thrombosis
Perphenazine	contraindication	myocardial infarction
Perphenazine	contraindication	hemoglobinopathy
Prochlorperazine	contraindication	myocardial infarction (disease)
Prochlorperazine	contraindication	coronary thrombosis
Prochlorperazine	contraindication	myocardial infarction
Prochlorperazine	contraindication	hemoglobinopathy
Dipyridamole	contraindication	myocardial infarction (disease)
Dipyridamole	contraindication	coronary thrombosis
Dipyridamole	contraindication	myocardial infarction
Dipyridamole	contraindication	hemoglobinopathy
Chlordiazepoxide	contraindication	myocardial infarction (disease)
Chlordiazepoxide	contraindication	coronary thrombosis
Chlordiazepoxide	contraindication	myocardial infarction
Chlordiazepoxide	contraindication	hemoglobinopathy
Testosterone	contraindication	myocardial infarction (disease)
Testosterone	contraindication	coronary thrombosis
Testosterone	contraindication	myocardial infarction
Testosterone	contraindication	hemoglobinopathy
Testosterone cypionate	contraindication	myocardial infarction (disease)
Testosterone cypionate	contraindication	coronary thrombosis
Testosterone cypionate	contraindication	myocardial infarction
Testosterone cypionate	contraindication	hemoglobinopathy
Methyltestosterone	contraindication	myocardial infarction (disease)
Methyltestosterone	contraindication	coronary thrombosis
Methyltestosterone	contraindication	myocardial infarction
Methyltestosterone	contraindication	hemoglobinopathy
Caffeine	contraindication	myocardial infarction (disease)
Caffeine	contraindication	coronary thrombosis
Caffeine	contraindication	myocardial infarction
Caffeine	contraindication	hemoglobinopathy
Progesterone	contraindication	myocardial infarction (disease)
Progesterone	contraindication	coronary thrombosis
Progesterone	contraindication	myocardial infarction
Progesterone	contraindication	hemoglobinopathy
Ethinylestradiol	contraindication	myocardial infarction (disease)
Ethinylestradiol	contraindication	coronary thrombosis
Ethinylestradiol	contraindication	myocardial infarction
Ethinylestradiol	contraindication	hemoglobinopathy
Meprobamate	contraindication	myocardial infarction (disease)
Meprobamate	contraindication	coronary thrombosis
Meprobamate	contraindication	myocardial infarction
Meprobamate	contraindication	hemoglobinopathy
Phenytoin	contraindication	myocardial infarction (disease)
Phenytoin	contraindication	coronary thrombosis
Phenytoin	contraindication	myocardial infarction
Phenytoin	contraindication	hemoglobinopathy
Epirubicin	contraindication	myocardial infarction (disease)
Epirubicin	contraindication	coronary thrombosis
Epirubicin	contraindication	myocardial infarction
Epirubicin	contraindication	hemoglobinopathy
Fluoxetine	contraindication	myocardial infarction (disease)
Fluoxetine	contraindication	coronary thrombosis
Fluoxetine	contraindication	myocardial infarction
Fluoxetine	contraindication	hemoglobinopathy
Flecainide	contraindication	myocardial infarction (disease)
Flecainide	contraindication	coronary thrombosis
Flecainide	contraindication	myocardial infarction
Flecainide	contraindication	hemoglobinopathy
Propafenone	contraindication	myocardial infarction (disease)
Propafenone	contraindication	coronary thrombosis
Propafenone	contraindication	myocardial infarction
Propafenone	contraindication	hemoglobinopathy
Furosemide	contraindication	myocardial infarction (disease)
Furosemide	contraindication	coronary thrombosis
Furosemide	contraindication	myocardial infarction
Furosemide	contraindication	hemoglobinopathy
Nicotine	contraindication	myocardial infarction (disease)
Nicotine	contraindication	coronary thrombosis
Nicotine	contraindication	myocardial infarction
Nicotine	contraindication	hemoglobinopathy
Leuprolide	contraindication	myocardial infarction (disease)
Leuprolide	contraindication	coronary thrombosis
Leuprolide	contraindication	myocardial infarction
Leuprolide	contraindication	hemoglobinopathy
Metamfetamine	contraindication	myocardial infarction (disease)
Metamfetamine	contraindication	coronary thrombosis
Metamfetamine	contraindication	myocardial infarction
Metamfetamine	contraindication	hemoglobinopathy
Indomethacin	contraindication	myocardial infarction (disease)
Indomethacin	contraindication	coronary thrombosis
Indomethacin	contraindication	myocardial infarction
Indomethacin	contraindication	hemoglobinopathy
Estrone	contraindication	myocardial infarction (disease)
Estrone	contraindication	coronary thrombosis
Estrone	contraindication	myocardial infarction
Estrone	contraindication	hemoglobinopathy
Dimenhydrinate	contraindication	myocardial infarction (disease)
Dimenhydrinate	contraindication	coronary thrombosis
Dimenhydrinate	contraindication	myocardial infarction
Dimenhydrinate	contraindication	hemoglobinopathy
Flurbiprofen	contraindication	myocardial infarction (disease)
Flurbiprofen	contraindication	coronary thrombosis
Flurbiprofen	contraindication	myocardial infarction
Flurbiprofen	contraindication	hemoglobinopathy
Dextroamphetamine	contraindication	myocardial infarction (disease)
Dextroamphetamine	contraindication	coronary thrombosis
Dextroamphetamine	contraindication	myocardial infarction
Dextroamphetamine	contraindication	hemoglobinopathy
Levothyroxine	contraindication	myocardial infarction (disease)
Levothyroxine	contraindication	coronary thrombosis
Levothyroxine	contraindication	myocardial infarction
Levothyroxine	contraindication	hemoglobinopathy
Epinephrine	contraindication	myocardial infarction (disease)
Epinephrine	contraindication	coronary thrombosis
Epinephrine	contraindication	myocardial infarction
Epinephrine	contraindication	hemoglobinopathy
Scopolamine	contraindication	myocardial infarction (disease)
Scopolamine	contraindication	coronary thrombosis
Scopolamine	contraindication	myocardial infarction
Scopolamine	contraindication	hemoglobinopathy
Phentolamine	contraindication	myocardial infarction (disease)
Phentolamine	contraindication	coronary thrombosis
Phentolamine	contraindication	myocardial infarction
Phentolamine	contraindication	hemoglobinopathy
Chlorpromazine	contraindication	myocardial infarction (disease)
Chlorpromazine	contraindication	coronary thrombosis
Chlorpromazine	contraindication	myocardial infarction
Chlorpromazine	contraindication	hemoglobinopathy
Amitriptyline	contraindication	myocardial infarction (disease)
Amitriptyline	contraindication	coronary thrombosis
Amitriptyline	contraindication	myocardial infarction
Amitriptyline	contraindication	hemoglobinopathy
Estradiol	contraindication	myocardial infarction (disease)
Estradiol	contraindication	coronary thrombosis
Estradiol	contraindication	myocardial infarction
Estradiol	contraindication	hemoglobinopathy
Phenobarbital	contraindication	myocardial infarction (disease)
Phenobarbital	contraindication	coronary thrombosis
Phenobarbital	contraindication	myocardial infarction
Phenobarbital	contraindication	hemoglobinopathy
Sitagliptin	contraindication	myocardial infarction (disease)
Sitagliptin	contraindication	coronary thrombosis
Sitagliptin	contraindication	myocardial infarction
Sitagliptin	contraindication	hemoglobinopathy
Carbinoxamine	contraindication	myocardial infarction (disease)
Carbinoxamine	contraindication	coronary thrombosis
Carbinoxamine	contraindication	myocardial infarction
Carbinoxamine	contraindication	hemoglobinopathy
Triprolidine	contraindication	myocardial infarction (disease)
Triprolidine	contraindication	coronary thrombosis
Triprolidine	contraindication	myocardial infarction
Triprolidine	contraindication	hemoglobinopathy
Dyphylline	contraindication	myocardial infarction (disease)
Dyphylline	contraindication	coronary thrombosis
Dyphylline	contraindication	myocardial infarction
Dyphylline	contraindication	hemoglobinopathy
Doxylamine	contraindication	myocardial infarction (disease)
Doxylamine	contraindication	coronary thrombosis
Doxylamine	contraindication	myocardial infarction
Doxylamine	contraindication	hemoglobinopathy
Nylidrin	contraindication	myocardial infarction (disease)
Nylidrin	contraindication	coronary thrombosis
Nylidrin	contraindication	myocardial infarction
Nylidrin	contraindication	hemoglobinopathy
Pazopanib	contraindication	myocardial infarction (disease)
Pazopanib	contraindication	coronary thrombosis
Pazopanib	contraindication	myocardial infarction
Pazopanib	contraindication	hemoglobinopathy
Nabumetone	contraindication	myocardial infarction (disease)
Nabumetone	contraindication	coronary thrombosis
Nabumetone	contraindication	myocardial infarction
Nabumetone	contraindication	hemoglobinopathy
Clonidine	contraindication	myocardial infarction (disease)
Clonidine	contraindication	coronary thrombosis
Clonidine	contraindication	myocardial infarction
Clonidine	contraindication	hemoglobinopathy
Etodolac	contraindication	myocardial infarction (disease)
Etodolac	contraindication	coronary thrombosis
Etodolac	contraindication	myocardial infarction
Etodolac	contraindication	hemoglobinopathy
Dexmethylphenidate	contraindication	myocardial infarction (disease)
Dexmethylphenidate	contraindication	coronary thrombosis
Dexmethylphenidate	contraindication	myocardial infarction
Dexmethylphenidate	contraindication	hemoglobinopathy
Capsaicin	contraindication	myocardial infarction (disease)
Capsaicin	contraindication	coronary thrombosis
Capsaicin	contraindication	myocardial infarction
Capsaicin	contraindication	hemoglobinopathy
Bupivacaine	contraindication	myocardial infarction (disease)
Bupivacaine	contraindication	coronary thrombosis
Bupivacaine	contraindication	myocardial infarction
Bupivacaine	contraindication	hemoglobinopathy
Minoxidil	contraindication	myocardial infarction (disease)
Minoxidil	contraindication	coronary thrombosis
Minoxidil	contraindication	myocardial infarction
Minoxidil	contraindication	hemoglobinopathy
Sulindac	contraindication	myocardial infarction (disease)
Sulindac	contraindication	coronary thrombosis
Sulindac	contraindication	myocardial infarction
Sulindac	contraindication	hemoglobinopathy
Ribavirin	contraindication	myocardial infarction (disease)
Ribavirin	contraindication	coronary thrombosis
Ribavirin	contraindication	myocardial infarction
Ribavirin	contraindication	hemoglobinopathy
Piroxicam	contraindication	myocardial infarction (disease)
Piroxicam	contraindication	coronary thrombosis
Piroxicam	contraindication	myocardial infarction
Piroxicam	contraindication	hemoglobinopathy
Saxagliptin	contraindication	myocardial infarction (disease)
Saxagliptin	contraindication	coronary thrombosis
Saxagliptin	contraindication	myocardial infarction
Saxagliptin	contraindication	hemoglobinopathy
Norgestimate	contraindication	myocardial infarction (disease)
Norgestimate	contraindication	coronary thrombosis
Norgestimate	contraindication	myocardial infarction
Norgestimate	contraindication	hemoglobinopathy
Bupropion	contraindication	myocardial infarction (disease)
Bupropion	contraindication	coronary thrombosis
Bupropion	contraindication	myocardial infarction
Bupropion	contraindication	hemoglobinopathy
Paclitaxel	contraindication	myocardial infarction (disease)
Paclitaxel	contraindication	coronary thrombosis
Paclitaxel	contraindication	myocardial infarction
Paclitaxel	contraindication	hemoglobinopathy
Levomefolic acid	contraindication	myocardial infarction (disease)
Levomefolic acid	contraindication	coronary thrombosis
Levomefolic acid	contraindication	myocardial infarction
Levomefolic acid	contraindication	hemoglobinopathy
Testosterone enanthate	contraindication	myocardial infarction (disease)
Testosterone enanthate	contraindication	coronary thrombosis
Testosterone enanthate	contraindication	myocardial infarction
Testosterone enanthate	contraindication	hemoglobinopathy
Estradiol cypionate	contraindication	myocardial infarction (disease)
Estradiol cypionate	contraindication	coronary thrombosis
Estradiol cypionate	contraindication	myocardial infarction
Estradiol cypionate	contraindication	hemoglobinopathy
Dasatinib	contraindication	myocardial infarction (disease)
Dasatinib	contraindication	coronary thrombosis
Dasatinib	contraindication	myocardial infarction
Dasatinib	contraindication	hemoglobinopathy
Tretinoin	contraindication	myocardial infarction (disease)
Tretinoin	contraindication	coronary thrombosis
Tretinoin	contraindication	myocardial infarction
Tretinoin	contraindication	hemoglobinopathy
Amphetamine	contraindication	myocardial infarction (disease)
Amphetamine	contraindication	coronary thrombosis
Amphetamine	contraindication	myocardial infarction
Amphetamine	contraindication	hemoglobinopathy
Estramustine	contraindication	myocardial infarction (disease)
Estramustine	contraindication	coronary thrombosis
Estramustine	contraindication	myocardial infarction
Estramustine	contraindication	hemoglobinopathy
Ephedrine	contraindication	myocardial infarction (disease)
Ephedrine	contraindication	coronary thrombosis
Ephedrine	contraindication	myocardial infarction
Ephedrine	contraindication	hemoglobinopathy
Fenoprofen	contraindication	myocardial infarction (disease)
Fenoprofen	contraindication	coronary thrombosis
Fenoprofen	contraindication	myocardial infarction
Fenoprofen	contraindication	hemoglobinopathy
Guanfacine	contraindication	myocardial infarction (disease)
Guanfacine	contraindication	coronary thrombosis
Guanfacine	contraindication	myocardial infarction
Guanfacine	contraindication	hemoglobinopathy
Glipizide	contraindication	myocardial infarction (disease)
Glipizide	contraindication	coronary thrombosis
Glipizide	contraindication	myocardial infarction
Glipizide	contraindication	hemoglobinopathy
Carbidopa	contraindication	myocardial infarction (disease)
Carbidopa	contraindication	coronary thrombosis
Carbidopa	contraindication	myocardial infarction
Carbidopa	contraindication	hemoglobinopathy
Sorafenib	contraindication	myocardial infarction (disease)
Sorafenib	contraindication	coronary thrombosis
Sorafenib	contraindication	myocardial infarction
Sorafenib	contraindication	hemoglobinopathy
Acetophenazine	contraindication	myocardial infarction (disease)
Acetophenazine	contraindication	coronary thrombosis
Acetophenazine	contraindication	myocardial infarction
Acetophenazine	contraindication	hemoglobinopathy
Tolmetin	contraindication	myocardial infarction (disease)
Tolmetin	contraindication	coronary thrombosis
Tolmetin	contraindication	myocardial infarction
Tolmetin	contraindication	hemoglobinopathy
Dexchlorpheniramine	contraindication	myocardial infarction (disease)
Dexchlorpheniramine	contraindication	coronary thrombosis
Dexchlorpheniramine	contraindication	myocardial infarction
Dexchlorpheniramine	contraindication	hemoglobinopathy
Fosamprenavir	contraindication	myocardial infarction (disease)
Fosamprenavir	contraindication	coronary thrombosis
Fosamprenavir	contraindication	myocardial infarction
Fosamprenavir	contraindication	hemoglobinopathy
Diflunisal	contraindication	myocardial infarction (disease)
Diflunisal	contraindication	coronary thrombosis
Diflunisal	contraindication	myocardial infarction
Diflunisal	contraindication	hemoglobinopathy
Vardenafil	contraindication	myocardial infarction (disease)
Vardenafil	contraindication	coronary thrombosis
Vardenafil	contraindication	myocardial infarction
Vardenafil	contraindication	hemoglobinopathy
Naproxen	contraindication	myocardial infarction (disease)
Naproxen	contraindication	coronary thrombosis
Naproxen	contraindication	myocardial infarction
Naproxen	contraindication	hemoglobinopathy
Ketoprofen	contraindication	myocardial infarction (disease)
Ketoprofen	contraindication	coronary thrombosis
Ketoprofen	contraindication	myocardial infarction
Ketoprofen	contraindication	hemoglobinopathy
Nifedipine	contraindication	myocardial infarction (disease)
Nifedipine	contraindication	coronary thrombosis
Nifedipine	contraindication	myocardial infarction
Nifedipine	contraindication	hemoglobinopathy
Oxaprozin	contraindication	myocardial infarction (disease)
Oxaprozin	contraindication	coronary thrombosis
Oxaprozin	contraindication	myocardial infarction
Oxaprozin	contraindication	hemoglobinopathy
Digoxin	contraindication	myocardial infarction (disease)
Digoxin	contraindication	coronary thrombosis
Digoxin	contraindication	myocardial infarction
Digoxin	contraindication	hemoglobinopathy
Erlotinib	contraindication	myocardial infarction (disease)
Erlotinib	contraindication	coronary thrombosis
Erlotinib	contraindication	myocardial infarction
Erlotinib	contraindication	hemoglobinopathy
Tadalafil	contraindication	myocardial infarction (disease)
Tadalafil	contraindication	coronary thrombosis
Tadalafil	contraindication	myocardial infarction
Tadalafil	contraindication	hemoglobinopathy
Celecoxib	contraindication	myocardial infarction (disease)
Celecoxib	contraindication	coronary thrombosis
Celecoxib	contraindication	myocardial infarction
Celecoxib	contraindication	hemoglobinopathy
Amprenavir	contraindication	myocardial infarction (disease)
Amprenavir	contraindication	coronary thrombosis
Amprenavir	contraindication	myocardial infarction
Amprenavir	contraindication	hemoglobinopathy
Ibuprofen	contraindication	myocardial infarction (disease)
Ibuprofen	contraindication	coronary thrombosis
Ibuprofen	contraindication	myocardial infarction
Ibuprofen	contraindication	hemoglobinopathy
Almotriptan	contraindication	myocardial infarction (disease)
Almotriptan	contraindication	coronary thrombosis
Almotriptan	contraindication	myocardial infarction
Almotriptan	contraindication	hemoglobinopathy
Diclofenac	contraindication	myocardial infarction (disease)
Diclofenac	contraindication	coronary thrombosis
Diclofenac	contraindication	myocardial infarction
Diclofenac	contraindication	hemoglobinopathy
Quinestrol	contraindication	myocardial infarction (disease)
Quinestrol	contraindication	coronary thrombosis
Quinestrol	contraindication	myocardial infarction
Quinestrol	contraindication	hemoglobinopathy
Phenylpropanolamine	contraindication	myocardial infarction (disease)
Phenylpropanolamine	contraindication	coronary thrombosis
Phenylpropanolamine	contraindication	myocardial infarction
Phenylpropanolamine	contraindication	hemoglobinopathy
Ziprasidone	contraindication	myocardial infarction (disease)
Ziprasidone	contraindication	coronary thrombosis
Ziprasidone	contraindication	myocardial infarction
Ziprasidone	contraindication	hemoglobinopathy
Triflupromazine	contraindication	myocardial infarction (disease)
Triflupromazine	contraindication	coronary thrombosis
Triflupromazine	contraindication	myocardial infarction
Triflupromazine	contraindication	hemoglobinopathy
Paliperidone	contraindication	myocardial infarction (disease)
Paliperidone	contraindication	coronary thrombosis
Paliperidone	contraindication	myocardial infarction
Paliperidone	contraindication	hemoglobinopathy
Febuxostat	contraindication	myocardial infarction (disease)
Febuxostat	contraindication	coronary thrombosis
Febuxostat	contraindication	myocardial infarction
Febuxostat	contraindication	hemoglobinopathy
Rizatriptan	contraindication	myocardial infarction (disease)
Rizatriptan	contraindication	coronary thrombosis
Rizatriptan	contraindication	myocardial infarction
Rizatriptan	contraindication	hemoglobinopathy
Eletriptan	contraindication	myocardial infarction (disease)
Eletriptan	contraindication	coronary thrombosis
Eletriptan	contraindication	myocardial infarction
Eletriptan	contraindication	hemoglobinopathy
Ferrous fumarate	contraindication	myocardial infarction (disease)
Ferrous fumarate	contraindication	coronary thrombosis
Ferrous fumarate	contraindication	myocardial infarction
Ferrous fumarate	contraindication	hemoglobinopathy
Sildenafil	contraindication	myocardial infarction (disease)
Sildenafil	contraindication	coronary thrombosis
Sildenafil	contraindication	myocardial infarction
Sildenafil	contraindication	hemoglobinopathy
Zolmitriptan	contraindication	myocardial infarction (disease)
Zolmitriptan	contraindication	coronary thrombosis
Zolmitriptan	contraindication	myocardial infarction
Zolmitriptan	contraindication	hemoglobinopathy
Lidocaine	contraindication	myocardial infarction (disease)
Lidocaine	contraindication	coronary thrombosis
Lidocaine	contraindication	myocardial infarction
Lidocaine	contraindication	hemoglobinopathy
Repaglinide	contraindication	myocardial infarction (disease)
Repaglinide	contraindication	coronary thrombosis
Repaglinide	contraindication	myocardial infarction
Repaglinide	contraindication	hemoglobinopathy
Iloperidone	contraindication	myocardial infarction (disease)
Iloperidone	contraindication	coronary thrombosis
Iloperidone	contraindication	myocardial infarction
Iloperidone	contraindication	hemoglobinopathy
Methscopolamine	contraindication	myocardial infarction (disease)
Methscopolamine	contraindication	coronary thrombosis
Methscopolamine	contraindication	myocardial infarction
Methscopolamine	contraindication	hemoglobinopathy
Olanzapine	contraindication	myocardial infarction (disease)
Olanzapine	contraindication	coronary thrombosis
Olanzapine	contraindication	myocardial infarction
Olanzapine	contraindication	hemoglobinopathy
Chlorpheniramine	contraindication	myocardial infarction (disease)
Chlorpheniramine	contraindication	coronary thrombosis
Chlorpheniramine	contraindication	myocardial infarction
Chlorpheniramine	contraindication	hemoglobinopathy
Dexbrompheniramine	contraindication	myocardial infarction (disease)
Dexbrompheniramine	contraindication	coronary thrombosis
Dexbrompheniramine	contraindication	myocardial infarction
Dexbrompheniramine	contraindication	hemoglobinopathy
Entacapone	contraindication	myocardial infarction (disease)
Entacapone	contraindication	coronary thrombosis
Entacapone	contraindication	myocardial infarction
Entacapone	contraindication	hemoglobinopathy
Ozanimod	contraindication	myocardial infarction (disease)
Ozanimod	contraindication	coronary thrombosis
Ozanimod	contraindication	myocardial infarction
Ozanimod	contraindication	hemoglobinopathy
Aripiprazole	contraindication	myocardial infarction (disease)
Aripiprazole	contraindication	coronary thrombosis
Aripiprazole	contraindication	myocardial infarction
Aripiprazole	contraindication	hemoglobinopathy
Dextromethorphan	contraindication	myocardial infarction (disease)
Dextromethorphan	contraindication	coronary thrombosis
Dextromethorphan	contraindication	myocardial infarction
Dextromethorphan	contraindication	hemoglobinopathy
Butabarbital	contraindication	myocardial infarction (disease)
Butabarbital	contraindication	coronary thrombosis
Butabarbital	contraindication	myocardial infarction
Butabarbital	contraindication	hemoglobinopathy
Hydrocodone	contraindication	myocardial infarction (disease)
Hydrocodone	contraindication	coronary thrombosis
Hydrocodone	contraindication	myocardial infarction
Hydrocodone	contraindication	hemoglobinopathy
Dihydrocodeine	contraindication	myocardial infarction (disease)
Dihydrocodeine	contraindication	coronary thrombosis
Dihydrocodeine	contraindication	myocardial infarction
Dihydrocodeine	contraindication	hemoglobinopathy
Naratriptan	contraindication	myocardial infarction (disease)
Naratriptan	contraindication	coronary thrombosis
Naratriptan	contraindication	myocardial infarction
Naratriptan	contraindication	hemoglobinopathy
Tranexamic acid	contraindication	myocardial infarction (disease)
Tranexamic acid	contraindication	coronary thrombosis
Tranexamic acid	contraindication	myocardial infarction
Tranexamic acid	contraindication	hemoglobinopathy
Methylphenidate	contraindication	myocardial infarction (disease)
Methylphenidate	contraindication	coronary thrombosis
Methylphenidate	contraindication	myocardial infarction
Methylphenidate	contraindication	hemoglobinopathy
Triethylenetetramine	contraindication	myocardial infarction (disease)
Triethylenetetramine	contraindication	coronary thrombosis
Triethylenetetramine	contraindication	myocardial infarction
Triethylenetetramine	contraindication	hemoglobinopathy
Quetiapine	contraindication	myocardial infarction (disease)
Quetiapine	contraindication	coronary thrombosis
Quetiapine	contraindication	myocardial infarction
Quetiapine	contraindication	hemoglobinopathy
Pioglitazone	contraindication	myocardial infarction (disease)
Pioglitazone	contraindication	coronary thrombosis
Pioglitazone	contraindication	myocardial infarction
Pioglitazone	contraindication	hemoglobinopathy
Sibutramine	contraindication	myocardial infarction (disease)
Sibutramine	contraindication	coronary thrombosis
Sibutramine	contraindication	myocardial infarction
Sibutramine	contraindication	hemoglobinopathy
Risperidone	contraindication	myocardial infarction (disease)
Risperidone	contraindication	coronary thrombosis
Risperidone	contraindication	myocardial infarction
Risperidone	contraindication	hemoglobinopathy
Sumatriptan	contraindication	myocardial infarction (disease)
Sumatriptan	contraindication	coronary thrombosis
Sumatriptan	contraindication	myocardial infarction
Sumatriptan	contraindication	hemoglobinopathy
Lansoprazole	contraindication	myocardial infarction (disease)
Lansoprazole	contraindication	coronary thrombosis
Lansoprazole	contraindication	myocardial infarction
Lansoprazole	contraindication	hemoglobinopathy
Maprotiline	contraindication	myocardial infarction (disease)
Maprotiline	contraindication	coronary thrombosis
Maprotiline	contraindication	myocardial infarction
Maprotiline	contraindication	hemoglobinopathy
Glyburide	contraindication	myocardial infarction (disease)
Glyburide	contraindication	coronary thrombosis
Glyburide	contraindication	myocardial infarction
Glyburide	contraindication	hemoglobinopathy
Calcium chloride	contraindication	myocardial infarction (disease)
Calcium chloride	contraindication	coronary thrombosis
Calcium chloride	contraindication	myocardial infarction
Calcium chloride	contraindication	hemoglobinopathy
Irinotecan	contraindication	intestinal obstruction
Octreotide	contraindication	intestinal obstruction
Potassium chloride	contraindication	intestinal obstruction
Vinorelbine	contraindication	intestinal obstruction
Bisacodyl	contraindication	intestinal obstruction
Ascorbic acid	contraindication	intestinal obstruction
Imipramine	contraindication	intestinal obstruction
Polyethylene glycol	contraindication	intestinal obstruction
Polyethylene glycol 400	contraindication	intestinal obstruction
Polyethylene glycol 300	contraindication	intestinal obstruction
Polyethylene glycol 3500	contraindication	intestinal obstruction
Bortezomib	contraindication	intestinal obstruction
Irinotecan	contraindication	diarrheal disease
Topiramate	contraindication	diarrheal disease
Benzocaine	contraindication	diarrheal disease
Guaifenesin	contraindication	diarrheal disease
Potassium citrate	contraindication	diarrheal disease
Pravastatin	contraindication	diarrheal disease
Cholic Acid	contraindication	diarrheal disease
Famotidine	contraindication	diarrheal disease
Silicon dioxide	contraindication	diarrheal disease
Almasilate	contraindication	diarrheal disease
Didanosine	contraindication	diarrheal disease
Echothiophate	contraindication	diarrheal disease
Cholecalciferol	contraindication	diarrheal disease
Pyridoxine	contraindication	diarrheal disease
Colchicine	contraindication	diarrheal disease
Calcium acetate	contraindication	diarrheal disease
Levodopa	contraindication	diarrheal disease
Folic acid	contraindication	diarrheal disease
Caffeine	contraindication	diarrheal disease
Probenecid	contraindication	diarrheal disease
Aspartic acid	contraindication	diarrheal disease
Magnesium carbonate	contraindication	diarrheal disease
Fluorouracil	contraindication	diarrheal disease
Ergocalciferol	contraindication	diarrheal disease
Phenobarbital	contraindication	diarrheal disease
Chenodeoxycholic acid	contraindication	diarrheal disease
Zinc gluconate	contraindication	diarrheal disease
Pazopanib	contraindication	diarrheal disease
Magnesium citrate	contraindication	diarrheal disease
Tacrine	contraindication	diarrheal disease
Carbidopa	contraindication	diarrheal disease
Clofazimine	contraindication	diarrheal disease
Telithromycin	contraindication	diarrheal disease
Magnesium lactate	contraindication	diarrheal disease
Clindamycin	contraindication	diarrheal disease
Nelfinavir	contraindication	diarrheal disease
Magnesium trisilicate	contraindication	diarrheal disease
Vorinostat	contraindication	diarrheal disease
Cytarabine	contraindication	diarrheal disease
Entacapone	contraindication	diarrheal disease
Magnesium oxide	contraindication	diarrheal disease
Magnesium hydroxide	contraindication	diarrheal disease
Topotecan	contraindication	diarrheal disease
Rivastigmine	contraindication	diarrheal disease
Docetaxel	contraindication	diarrheal disease
Ergotamine	contraindication	diarrheal disease
Triethylenetetramine	contraindication	diarrheal disease
Ceftibuten	contraindication	Clostridium difficile colitis
Ceftibuten	contraindication	perinatal necrotizing enterocolitis
Meropenem	contraindication	Clostridium difficile colitis
Meropenem	contraindication	perinatal necrotizing enterocolitis
Benzoyl peroxide	contraindication	Clostridium difficile colitis
Benzoyl peroxide	contraindication	perinatal necrotizing enterocolitis
Guaifenesin	contraindication	Clostridium difficile colitis
Guaifenesin	contraindication	perinatal necrotizing enterocolitis
Cefprozil	contraindication	Clostridium difficile colitis
Cefprozil	contraindication	perinatal necrotizing enterocolitis
Cefdinir	contraindication	Clostridium difficile colitis
Cefdinir	contraindication	perinatal necrotizing enterocolitis
Diphenoxylate	contraindication	Clostridium difficile colitis
Diphenoxylate	contraindication	perinatal necrotizing enterocolitis
Metacycline	contraindication	Clostridium difficile colitis
Metacycline	contraindication	perinatal necrotizing enterocolitis
Mepyramine	contraindication	Clostridium difficile colitis
Mepyramine	contraindication	perinatal necrotizing enterocolitis
Pseudoephedrine	contraindication	Clostridium difficile colitis
Pseudoephedrine	contraindication	perinatal necrotizing enterocolitis
Tazobactam	contraindication	Clostridium difficile colitis
Tazobactam	contraindication	perinatal necrotizing enterocolitis
Cefepime	contraindication	Clostridium difficile colitis
Cefepime	contraindication	perinatal necrotizing enterocolitis
Phenoxymethylpenicillin	contraindication	Clostridium difficile colitis
Phenoxymethylpenicillin	contraindication	perinatal necrotizing enterocolitis
Brompheniramine	contraindication	Clostridium difficile colitis
Brompheniramine	contraindication	perinatal necrotizing enterocolitis
Pheniramine	contraindication	Clostridium difficile colitis
Pheniramine	contraindication	perinatal necrotizing enterocolitis
Benzatropine	contraindication	Clostridium difficile colitis
Benzatropine	contraindication	perinatal necrotizing enterocolitis
Ciprofloxacin	contraindication	Clostridium difficile colitis
Ciprofloxacin	contraindication	perinatal necrotizing enterocolitis
Azithromycin	contraindication	Clostridium difficile colitis
Azithromycin	contraindication	perinatal necrotizing enterocolitis
Ofloxacin	contraindication	Clostridium difficile colitis
Ofloxacin	contraindication	perinatal necrotizing enterocolitis
Cilastatin	contraindication	Clostridium difficile colitis
Cilastatin	contraindication	perinatal necrotizing enterocolitis
Chlorcyclizine	contraindication	Clostridium difficile colitis
Chlorcyclizine	contraindication	perinatal necrotizing enterocolitis
Cyclizine	contraindication	Clostridium difficile colitis
Cyclizine	contraindication	perinatal necrotizing enterocolitis
Clarithromycin	contraindication	Clostridium difficile colitis
Clarithromycin	contraindication	perinatal necrotizing enterocolitis
Rifaximin	contraindication	Clostridium difficile colitis
Rifaximin	contraindication	perinatal necrotizing enterocolitis
Cefixime	contraindication	Clostridium difficile colitis
Cefixime	contraindication	perinatal necrotizing enterocolitis
Oxytetracycline	contraindication	Clostridium difficile colitis
Oxytetracycline	contraindication	perinatal necrotizing enterocolitis
Aztreonam	contraindication	Clostridium difficile colitis
Aztreonam	contraindication	perinatal necrotizing enterocolitis
Potassium Iodide	contraindication	Clostridium difficile colitis
Potassium Iodide	contraindication	perinatal necrotizing enterocolitis
Codeine	contraindication	Clostridium difficile colitis
Codeine	contraindication	perinatal necrotizing enterocolitis
Trimethoprim	contraindication	Clostridium difficile colitis
Trimethoprim	contraindication	perinatal necrotizing enterocolitis
Ceftriaxone	contraindication	Clostridium difficile colitis
Ceftriaxone	contraindication	perinatal necrotizing enterocolitis
Ceftazidime	contraindication	Clostridium difficile colitis
Ceftazidime	contraindication	perinatal necrotizing enterocolitis
Sulfamethoxazole	contraindication	Clostridium difficile colitis
Sulfamethoxazole	contraindication	perinatal necrotizing enterocolitis
Norfloxacin	contraindication	Clostridium difficile colitis
Norfloxacin	contraindication	perinatal necrotizing enterocolitis
Fusidic acid	contraindication	Clostridium difficile colitis
Fusidic acid	contraindication	perinatal necrotizing enterocolitis
Cefotetan	contraindication	Clostridium difficile colitis
Cefotetan	contraindication	perinatal necrotizing enterocolitis
Ampicillin	contraindication	Clostridium difficile colitis
Ampicillin	contraindication	perinatal necrotizing enterocolitis
Ceftizoxime	contraindication	Clostridium difficile colitis
Ceftizoxime	contraindication	perinatal necrotizing enterocolitis
Sulbactam	contraindication	Clostridium difficile colitis
Sulbactam	contraindication	perinatal necrotizing enterocolitis
Oxacillin	contraindication	Clostridium difficile colitis
Oxacillin	contraindication	perinatal necrotizing enterocolitis
Salicylamide	contraindication	Clostridium difficile colitis
Salicylamide	contraindication	perinatal necrotizing enterocolitis
Imipenem	contraindication	Clostridium difficile colitis
Imipenem	contraindication	perinatal necrotizing enterocolitis
Cefotaxime	contraindication	Clostridium difficile colitis
Cefotaxime	contraindication	perinatal necrotizing enterocolitis
Dirithromycin	contraindication	Clostridium difficile colitis
Dirithromycin	contraindication	perinatal necrotizing enterocolitis
Rifapentine	contraindication	Clostridium difficile colitis
Rifapentine	contraindication	perinatal necrotizing enterocolitis
Cloxacillin	contraindication	Clostridium difficile colitis
Cloxacillin	contraindication	perinatal necrotizing enterocolitis
Benzylpenicillin	contraindication	Clostridium difficile colitis
Benzylpenicillin	contraindication	perinatal necrotizing enterocolitis
Meticillin	contraindication	Clostridium difficile colitis
Meticillin	contraindication	perinatal necrotizing enterocolitis
Tetracycline	contraindication	Clostridium difficile colitis
Tetracycline	contraindication	perinatal necrotizing enterocolitis
Phenylephrine	contraindication	Clostridium difficile colitis
Phenylephrine	contraindication	perinatal necrotizing enterocolitis
Clavulanic acid	contraindication	Clostridium difficile colitis
Clavulanic acid	contraindication	perinatal necrotizing enterocolitis
Caffeine	contraindication	Clostridium difficile colitis
Caffeine	contraindication	perinatal necrotizing enterocolitis
Probenecid	contraindication	Clostridium difficile colitis
Probenecid	contraindication	perinatal necrotizing enterocolitis
Doxycycline	contraindication	Clostridium difficile colitis
Doxycycline	contraindication	perinatal necrotizing enterocolitis
Cefuroxime	contraindication	Clostridium difficile colitis
Cefuroxime	contraindication	perinatal necrotizing enterocolitis
Procaine benzylpenicillin	contraindication	Clostridium difficile colitis
Procaine benzylpenicillin	contraindication	perinatal necrotizing enterocolitis
Cefaclor	contraindication	Clostridium difficile colitis
Cefaclor	contraindication	perinatal necrotizing enterocolitis
Mezlocillin	contraindication	Clostridium difficile colitis
Mezlocillin	contraindication	perinatal necrotizing enterocolitis
Biperiden	contraindication	Clostridium difficile colitis
Biperiden	contraindication	perinatal necrotizing enterocolitis
Bacampicillin	contraindication	Clostridium difficile colitis
Bacampicillin	contraindication	perinatal necrotizing enterocolitis
Methadyl acetate	contraindication	Clostridium difficile colitis
Methadyl acetate	contraindication	perinatal necrotizing enterocolitis
Cefadroxil	contraindication	Clostridium difficile colitis
Cefadroxil	contraindication	perinatal necrotizing enterocolitis
Triprolidine	contraindication	Clostridium difficile colitis
Triprolidine	contraindication	perinatal necrotizing enterocolitis
Carbenicillin	contraindication	Clostridium difficile colitis
Carbenicillin	contraindication	perinatal necrotizing enterocolitis
Cefradine	contraindication	Clostridium difficile colitis
Cefradine	contraindication	perinatal necrotizing enterocolitis
Telavancin	contraindication	Clostridium difficile colitis
Telavancin	contraindication	perinatal necrotizing enterocolitis
Azlocillin	contraindication	Clostridium difficile colitis
Azlocillin	contraindication	perinatal necrotizing enterocolitis
Cefoxitin	contraindication	Clostridium difficile colitis
Cefoxitin	contraindication	perinatal necrotizing enterocolitis
Cyclacillin	contraindication	Clostridium difficile colitis
Cyclacillin	contraindication	perinatal necrotizing enterocolitis
Ticarcillin	contraindication	Clostridium difficile colitis
Ticarcillin	contraindication	perinatal necrotizing enterocolitis
Cefamandole	contraindication	Clostridium difficile colitis
Cefamandole	contraindication	perinatal necrotizing enterocolitis
Tobramycin	contraindication	Clostridium difficile colitis
Tobramycin	contraindication	perinatal necrotizing enterocolitis
Dicloxacillin	contraindication	Clostridium difficile colitis
Dicloxacillin	contraindication	perinatal necrotizing enterocolitis
Tretinoin	contraindication	Clostridium difficile colitis
Tretinoin	contraindication	perinatal necrotizing enterocolitis
Ephedrine	contraindication	Clostridium difficile colitis
Ephedrine	contraindication	perinatal necrotizing enterocolitis
Difenoxin	contraindication	Clostridium difficile colitis
Difenoxin	contraindication	perinatal necrotizing enterocolitis
Amoxicillin	contraindication	Clostridium difficile colitis
Amoxicillin	contraindication	perinatal necrotizing enterocolitis
Cefazolin	contraindication	Clostridium difficile colitis
Cefazolin	contraindication	perinatal necrotizing enterocolitis
Dexchlorpheniramine	contraindication	Clostridium difficile colitis
Dexchlorpheniramine	contraindication	perinatal necrotizing enterocolitis
Fosfomycin	contraindication	Clostridium difficile colitis
Fosfomycin	contraindication	perinatal necrotizing enterocolitis
Tigecycline	contraindication	Clostridium difficile colitis
Tigecycline	contraindication	perinatal necrotizing enterocolitis
Meclocycline	contraindication	Clostridium difficile colitis
Meclocycline	contraindication	perinatal necrotizing enterocolitis
Telithromycin	contraindication	Clostridium difficile colitis
Telithromycin	contraindication	perinatal necrotizing enterocolitis
Clindamycin	contraindication	Clostridium difficile colitis
Clindamycin	contraindication	perinatal necrotizing enterocolitis
Gemifloxacin	contraindication	Clostridium difficile colitis
Gemifloxacin	contraindication	perinatal necrotizing enterocolitis
Linezolid	contraindication	Clostridium difficile colitis
Linezolid	contraindication	perinatal necrotizing enterocolitis
Cephalexin	contraindication	Clostridium difficile colitis
Cephalexin	contraindication	perinatal necrotizing enterocolitis
Lincomycin	contraindication	Clostridium difficile colitis
Lincomycin	contraindication	perinatal necrotizing enterocolitis
Ertapenem	contraindication	Clostridium difficile colitis
Ertapenem	contraindication	perinatal necrotizing enterocolitis
Moxifloxacin	contraindication	Clostridium difficile colitis
Moxifloxacin	contraindication	perinatal necrotizing enterocolitis
Bismuth subsalicylate	contraindication	Clostridium difficile colitis
Bismuth subsalicylate	contraindication	perinatal necrotizing enterocolitis
Doripenem	contraindication	Clostridium difficile colitis
Doripenem	contraindication	perinatal necrotizing enterocolitis
Nafcillin	contraindication	Clostridium difficile colitis
Nafcillin	contraindication	perinatal necrotizing enterocolitis
Sulfamethizole	contraindication	Clostridium difficile colitis
Sulfamethizole	contraindication	perinatal necrotizing enterocolitis
Trihexyphenidyl	contraindication	Clostridium difficile colitis
Trihexyphenidyl	contraindication	perinatal necrotizing enterocolitis
Amphotericin B	contraindication	Clostridium difficile colitis
Amphotericin B	contraindication	perinatal necrotizing enterocolitis
Lidocaine	contraindication	Clostridium difficile colitis
Lidocaine	contraindication	perinatal necrotizing enterocolitis
Chlorpheniramine	contraindication	Clostridium difficile colitis
Chlorpheniramine	contraindication	perinatal necrotizing enterocolitis
Sulfisoxazole	contraindication	Clostridium difficile colitis
Sulfisoxazole	contraindication	perinatal necrotizing enterocolitis
Demeclocycline	contraindication	Clostridium difficile colitis
Demeclocycline	contraindication	perinatal necrotizing enterocolitis
Quinupristin	contraindication	Clostridium difficile colitis
Quinupristin	contraindication	perinatal necrotizing enterocolitis
Bromodiphenhydramine	contraindication	Clostridium difficile colitis
Bromodiphenhydramine	contraindication	perinatal necrotizing enterocolitis
Erythromycin	contraindication	Clostridium difficile colitis
Erythromycin	contraindication	perinatal necrotizing enterocolitis
Dalfopristin	contraindication	Clostridium difficile colitis
Dalfopristin	contraindication	perinatal necrotizing enterocolitis
Colistin	contraindication	Clostridium difficile colitis
Colistin	contraindication	perinatal necrotizing enterocolitis
Lansoprazole	contraindication	Clostridium difficile colitis
Lansoprazole	contraindication	perinatal necrotizing enterocolitis
Minocycline	contraindication	Clostridium difficile colitis
Minocycline	contraindication	perinatal necrotizing enterocolitis
Levofloxacin	contraindication	Clostridium difficile colitis
Levofloxacin	contraindication	perinatal necrotizing enterocolitis
Dichlorophen	contraindication	type 2 diabetes mellitus
Dichlorophen	contraindication	diabetes mellitus (disease)
Diethylpropion	contraindication	type 2 diabetes mellitus
Diethylpropion	contraindication	diabetes mellitus (disease)
Amlodipine	contraindication	type 2 diabetes mellitus
Chlorthalidone	contraindication	type 2 diabetes mellitus
Chlorthalidone	contraindication	diabetes mellitus (disease)
Acetazolamide	contraindication	type 2 diabetes mellitus
Acetazolamide	contraindication	diabetes mellitus (disease)
Chlorothiazide	contraindication	type 2 diabetes mellitus
Hydrochlorothiazide	contraindication	type 2 diabetes mellitus
Methazolamide	contraindication	type 2 diabetes mellitus
Methazolamide	contraindication	diabetes mellitus (disease)
Etretinate	contraindication	type 2 diabetes mellitus
Etretinate	contraindication	diabetes mellitus (disease)
Amcinonide	contraindication	type 2 diabetes mellitus
Amcinonide	contraindication	diabetes mellitus (disease)
Reserpine	contraindication	type 2 diabetes mellitus
Fenfluramine	contraindication	type 2 diabetes mellitus
Fenfluramine	contraindication	diabetes mellitus (disease)
Clonidine	contraindication	type 2 diabetes mellitus
Clonidine	contraindication	diabetes mellitus (disease)
Triamterene	contraindication	type 2 diabetes mellitus
Dexfenfluramine	contraindication	type 2 diabetes mellitus
Dexfenfluramine	contraindication	diabetes mellitus (disease)
Halcinonide	contraindication	type 2 diabetes mellitus
Halcinonide	contraindication	diabetes mellitus (disease)
Atenolol	contraindication	type 2 diabetes mellitus
Atenolol	contraindication	diabetes mellitus (disease)
Sulfamethizole	contraindication	type 2 diabetes mellitus
Sulfamethizole	contraindication	diabetes mellitus (disease)
Phenmetrazine	contraindication	type 2 diabetes mellitus
Phenmetrazine	contraindication	diabetes mellitus (disease)
Diclofenamide	contraindication	type 2 diabetes mellitus
Diclofenamide	contraindication	diabetes mellitus (disease)
Topiramate	contraindication	ocular hypertension
Venlafaxine	contraindication	ocular hypertension
Desvenlafaxine	contraindication	ocular hypertension
Guaifenesin	contraindication	ocular hypertension
Phenyltoloxamine	contraindication	ocular hypertension
Mepyramine	contraindication	ocular hypertension
Tripelennamine	contraindication	ocular hypertension
Methapyrilene	contraindication	ocular hypertension
Antazoline	contraindication	ocular hypertension
Pseudoephedrine	contraindication	ocular hypertension
Guaiacol	contraindication	ocular hypertension
Brompheniramine	contraindication	ocular hypertension
Pheniramine	contraindication	ocular hypertension
Mometasone furoate	contraindication	ocular hypertension
Loteprednol etabonate	contraindication	ocular hypertension
Chlorcyclizine	contraindication	ocular hypertension
Cyclizine	contraindication	ocular hypertension
Fluticasone propionate	contraindication	ocular hypertension
Clofedanol	contraindication	ocular hypertension
Pentoxyverine	contraindication	ocular hypertension
Codeine	contraindication	ocular hypertension
Trimipramine	contraindication	ocular hypertension
Formoterol	contraindication	ocular hypertension
Fusidic acid	contraindication	ocular hypertension
Sodium citrate	contraindication	ocular hypertension
Salicylamide	contraindication	ocular hypertension
Desonide	contraindication	ocular hypertension
Ipratropium	contraindication	ocular hypertension
Phenylephrine	contraindication	ocular hypertension
Caffeine	contraindication	ocular hypertension
Beclomethasone dipropionate	contraindication	ocular hypertension
Dinoprost	contraindication	ocular hypertension
Dimenhydrinate	contraindication	ocular hypertension
Prednisolone acetate	contraindication	ocular hypertension
Budesonide	contraindication	ocular hypertension
Histamine	contraindication	ocular hypertension
Scopolamine	contraindication	ocular hypertension
Imipramine	contraindication	ocular hypertension
Prednisolone	contraindication	ocular hypertension
Hydrocortisone	contraindication	ocular hypertension
Cortisone acetate	contraindication	ocular hypertension
Hydrocortisone acetate	contraindication	ocular hypertension
Dexamethasone	contraindication	ocular hypertension
Carbinoxamine	contraindication	ocular hypertension
Triprolidine	contraindication	ocular hypertension
Doxylamine	contraindication	ocular hypertension
Protriptyline	contraindication	ocular hypertension
Fluorometholone	contraindication	ocular hypertension
Fluticasone furoate	contraindication	ocular hypertension
Dinoprostone	contraindication	ocular hypertension
Tobramycin	contraindication	ocular hypertension
Amphetamine	contraindication	ocular hypertension
Ephedrine	contraindication	ocular hypertension
Carbamazepine	contraindication	ocular hypertension
Dexchlorpheniramine	contraindication	ocular hypertension
Deferasirox	contraindication	ocular hypertension
Magnesium salicylate	contraindication	ocular hypertension
Salbutamol	contraindication	ocular hypertension
Ibuprofen	contraindication	ocular hypertension
Clemastine	contraindication	ocular hypertension
Tropicamide	contraindication	ocular hypertension
Phenylpropanolamine	contraindication	ocular hypertension
Diphenylpyraline	contraindication	ocular hypertension
Sulfacetamide	contraindication	ocular hypertension
Bacitracin	contraindication	ocular hypertension
Amoxapine	contraindication	ocular hypertension
Methscopolamine	contraindication	ocular hypertension
Chlorpheniramine	contraindication	ocular hypertension
Dexbrompheniramine	contraindication	ocular hypertension
Cyproheptadine	contraindication	ocular hypertension
Ciclesonide	contraindication	ocular hypertension
Dextromethorphan	contraindication	ocular hypertension
Hydrocodone	contraindication	ocular hypertension
Dihydrocodeine	contraindication	ocular hypertension
Triamcinolone	contraindication	ocular hypertension
Ammonium chloride	contraindication	ocular hypertension
Maprotiline	contraindication	ocular hypertension
Hyoscyamine	contraindication	ocular hypertension
Topiramate	contraindication	acute urate nephropathy
Benzocaine	contraindication	acute urate nephropathy
Pilocarpine	contraindication	acute urate nephropathy
Phylloquinone	contraindication	acute urate nephropathy
Calcium lactate	contraindication	acute urate nephropathy
Pravastatin	contraindication	acute urate nephropathy
Famotidine	contraindication	acute urate nephropathy
Sodium fluoride	contraindication	acute urate nephropathy
Potassium chloride	contraindication	acute urate nephropathy
Melatonin	contraindication	acute urate nephropathy
Didanosine	contraindication	acute urate nephropathy
Vitamin A	contraindication	acute urate nephropathy
Cholecalciferol	contraindication	acute urate nephropathy
Dihydrotachysterol	contraindication	acute urate nephropathy
Alendronic acid	contraindication	acute urate nephropathy
Calcium acetate	contraindication	acute urate nephropathy
Folic acid	contraindication	acute urate nephropathy
Chlorothiazide	contraindication	acute urate nephropathy
Hydrochlorothiazide	contraindication	acute urate nephropathy
Biotin	contraindication	acute urate nephropathy
Serine	contraindication	acute urate nephropathy
Glycine	contraindication	acute urate nephropathy
Magnesium carbonate	contraindication	acute urate nephropathy
Ascorbic acid	contraindication	acute urate nephropathy
Ergocalciferol	contraindication	acute urate nephropathy
Phenobarbital	contraindication	acute urate nephropathy
Triamterene	contraindication	acute urate nephropathy
Sulindac	contraindication	acute urate nephropathy
Magnesium citrate	contraindication	acute urate nephropathy
Calcitriol	contraindication	acute urate nephropathy
Calcium gluconate	contraindication	acute urate nephropathy
Calcium glucoheptonate	contraindication	acute urate nephropathy
Calcium glycerophosphate	contraindication	acute urate nephropathy
Fosamprenavir	contraindication	acute urate nephropathy
Atazanavir	contraindication	acute urate nephropathy
Calcifediol	contraindication	acute urate nephropathy
Amprenavir	contraindication	acute urate nephropathy
Cianidanol	contraindication	acute urate nephropathy
Indinavir	contraindication	acute urate nephropathy
Ferrous fumarate	contraindication	acute urate nephropathy
Magnesium oxide	contraindication	acute urate nephropathy
Magnesium hydroxide	contraindication	acute urate nephropathy
Risedronic acid	contraindication	acute urate nephropathy
Calcium chloride	contraindication	acute urate nephropathy
Topiramate	contraindication	amnestic disorder
Topiramate	contraindication	retrograde amnesia
Temazepam	contraindication	amnestic disorder
Temazepam	contraindication	retrograde amnesia
Zolpidem	contraindication	amnestic disorder
Zolpidem	contraindication	retrograde amnesia
Fusidic acid	contraindication	central nervous system origin vertigo
Altretamine	contraindication	central nervous system origin vertigo
Kanamycin	contraindication	central nervous system origin vertigo
Streptomycin	contraindication	central nervous system origin vertigo
Tretamine	contraindication	central nervous system origin vertigo
Amikacin	contraindication	central nervous system origin vertigo
Tobramycin	contraindication	central nervous system origin vertigo
Disulfiram	contraindication	coronary artery disease
Disulfiram	contraindication	arteriosclerosis disorder
Disulfiram	contraindication	atherosclerosis
Guaifenesin	contraindication	arteriosclerosis disorder
Guaifenesin	contraindication	atherosclerosis
Phenyltoloxamine	contraindication	arteriosclerosis disorder
Phenyltoloxamine	contraindication	atherosclerosis
Mepyramine	contraindication	arteriosclerosis disorder
Mepyramine	contraindication	atherosclerosis
Pseudoephedrine	contraindication	arteriosclerosis disorder
Pseudoephedrine	contraindication	atherosclerosis
Guaiacol	contraindication	arteriosclerosis disorder
Guaiacol	contraindication	atherosclerosis
Acrivastine	contraindication	coronary artery disease
Acrivastine	contraindication	arteriosclerosis disorder
Acrivastine	contraindication	atherosclerosis
Brompheniramine	contraindication	arteriosclerosis disorder
Brompheniramine	contraindication	atherosclerosis
Pheniramine	contraindication	arteriosclerosis disorder
Pheniramine	contraindication	atherosclerosis
Cetirizine	contraindication	coronary artery disease
Cetirizine	contraindication	arteriosclerosis disorder
Cetirizine	contraindication	atherosclerosis
Fexofenadine	contraindication	coronary artery disease
Fexofenadine	contraindication	arteriosclerosis disorder
Fexofenadine	contraindication	atherosclerosis
Chlorcyclizine	contraindication	arteriosclerosis disorder
Chlorcyclizine	contraindication	atherosclerosis
Cyclizine	contraindication	arteriosclerosis disorder
Cyclizine	contraindication	atherosclerosis
Loratadine	contraindication	coronary artery disease
Loratadine	contraindication	arteriosclerosis disorder
Loratadine	contraindication	atherosclerosis
Clofedanol	contraindication	arteriosclerosis disorder
Clofedanol	contraindication	atherosclerosis
Pentoxyverine	contraindication	arteriosclerosis disorder
Pentoxyverine	contraindication	atherosclerosis
Codeine	contraindication	arteriosclerosis disorder
Codeine	contraindication	atherosclerosis
Isradipine	contraindication	coronary artery disease
Isradipine	contraindication	arteriosclerosis disorder
Isradipine	contraindication	atherosclerosis
Felodipine	contraindication	coronary artery disease
Felodipine	contraindication	arteriosclerosis disorder
Felodipine	contraindication	atherosclerosis
Nisoldipine	contraindication	coronary artery disease
Nisoldipine	contraindication	arteriosclerosis disorder
Nisoldipine	contraindication	atherosclerosis
Phenylephrine	contraindication	arteriosclerosis disorder
Phenylephrine	contraindication	atherosclerosis
Theophylline	contraindication	arteriosclerosis disorder
Theophylline	contraindication	atherosclerosis
Propafenone	contraindication	coronary artery disease
Propafenone	contraindication	arteriosclerosis disorder
Propafenone	contraindication	atherosclerosis
Histamine	contraindication	coronary artery disease
Histamine	contraindication	arteriosclerosis disorder
Histamine	contraindication	atherosclerosis
Scopolamine	contraindication	arteriosclerosis disorder
Scopolamine	contraindication	atherosclerosis
Terfenadine	contraindication	coronary artery disease
Terfenadine	contraindication	arteriosclerosis disorder
Terfenadine	contraindication	atherosclerosis
Guanabenz	contraindication	coronary artery disease
Guanabenz	contraindication	arteriosclerosis disorder
Guanabenz	contraindication	atherosclerosis
Carbinoxamine	contraindication	arteriosclerosis disorder
Carbinoxamine	contraindication	atherosclerosis
Triprolidine	contraindication	arteriosclerosis disorder
Triprolidine	contraindication	atherosclerosis
Doxylamine	contraindication	arteriosclerosis disorder
Doxylamine	contraindication	atherosclerosis
Azatadine	contraindication	coronary artery disease
Azatadine	contraindication	arteriosclerosis disorder
Azatadine	contraindication	atherosclerosis
Ribavirin	contraindication	coronary artery disease
Ribavirin	contraindication	arteriosclerosis disorder
Ribavirin	contraindication	atherosclerosis
Doxapram	contraindication	coronary artery disease
Doxapram	contraindication	arteriosclerosis disorder
Doxapram	contraindication	atherosclerosis
Ephedrine	contraindication	arteriosclerosis disorder
Ephedrine	contraindication	atherosclerosis
Dexchlorpheniramine	contraindication	arteriosclerosis disorder
Dexchlorpheniramine	contraindication	atherosclerosis
Naproxen	contraindication	arteriosclerosis disorder
Naproxen	contraindication	atherosclerosis
Ibuprofen	contraindication	coronary artery disease
Ibuprofen	contraindication	arteriosclerosis disorder
Ibuprofen	contraindication	atherosclerosis
Methscopolamine	contraindication	arteriosclerosis disorder
Methscopolamine	contraindication	atherosclerosis
Chlorpheniramine	contraindication	arteriosclerosis disorder
Chlorpheniramine	contraindication	atherosclerosis
Dexbrompheniramine	contraindication	arteriosclerosis disorder
Dexbrompheniramine	contraindication	atherosclerosis
Dextromethorphan	contraindication	arteriosclerosis disorder
Dextromethorphan	contraindication	atherosclerosis
Hydrocodone	contraindication	arteriosclerosis disorder
Hydrocodone	contraindication	atherosclerosis
Dihydrocodeine	contraindication	arteriosclerosis disorder
Dihydrocodeine	contraindication	atherosclerosis
Hyoscyamine	contraindication	arteriosclerosis disorder
Hyoscyamine	contraindication	atherosclerosis
Desloratadine	contraindication	coronary artery disease
Desloratadine	contraindication	arteriosclerosis disorder
Desloratadine	contraindication	atherosclerosis
Benzyl alcohol	contraindication	coronary artery disease
Benzyl alcohol	contraindication	arteriosclerosis disorder
Benzyl alcohol	contraindication	atherosclerosis
Allantoin	contraindication	G6PD deficiency
Allantoin	contraindication	glycogen storage disease
Allantoin	contraindication	cystinuria
Allantoin	contraindication	galactosemia
Benzocaine	contraindication	G6PD deficiency
Benzocaine	contraindication	glycogen storage disease
Benzocaine	contraindication	cystinuria
Benzocaine	contraindication	galactosemia
Primaquine	contraindication	G6PD deficiency
Primaquine	contraindication	glycogen storage disease
Primaquine	contraindication	cystinuria
Primaquine	contraindication	galactosemia
Racementhol	contraindication	G6PD deficiency
Racementhol	contraindication	glycogen storage disease
Racementhol	contraindication	cystinuria
Racementhol	contraindication	galactosemia
Dapsone	contraindication	G6PD deficiency
Dapsone	contraindication	glycogen storage disease
Dapsone	contraindication	cystinuria
Dapsone	contraindication	galactosemia
Oxytetracycline	contraindication	G6PD deficiency
Oxytetracycline	contraindication	glycogen storage disease
Oxytetracycline	contraindication	cystinuria
Oxytetracycline	contraindication	galactosemia
Sodium phosphate, monobasic	contraindication	G6PD deficiency
Sodium phosphate, monobasic	contraindication	glycogen storage disease
Sodium phosphate, monobasic	contraindication	cystinuria
Sodium phosphate, monobasic	contraindication	galactosemia
Trimethoprim	contraindication	G6PD deficiency
Trimethoprim	contraindication	glycogen storage disease
Trimethoprim	contraindication	cystinuria
Trimethoprim	contraindication	galactosemia
Sulfamethoxazole	contraindication	G6PD deficiency
Sulfamethoxazole	contraindication	glycogen storage disease
Sulfamethoxazole	contraindication	cystinuria
Sulfamethoxazole	contraindication	galactosemia
Sulfathiazole	contraindication	G6PD deficiency
Sulfathiazole	contraindication	glycogen storage disease
Sulfathiazole	contraindication	cystinuria
Sulfathiazole	contraindication	galactosemia
Sulfadiazine	contraindication	G6PD deficiency
Sulfadiazine	contraindication	glycogen storage disease
Sulfadiazine	contraindication	cystinuria
Sulfadiazine	contraindication	galactosemia
Benzoic acid	contraindication	G6PD deficiency
Benzoic acid	contraindication	glycogen storage disease
Benzoic acid	contraindication	cystinuria
Benzoic acid	contraindication	galactosemia
Aminosalicylic acid	contraindication	G6PD deficiency
Aminosalicylic acid	contraindication	glycogen storage disease
Aminosalicylic acid	contraindication	cystinuria
Aminosalicylic acid	contraindication	galactosemia
Sulfanilamide	contraindication	G6PD deficiency
Sulfanilamide	contraindication	glycogen storage disease
Sulfanilamide	contraindication	cystinuria
Sulfanilamide	contraindication	galactosemia
Methylene blue	contraindication	G6PD deficiency
Methylene blue	contraindication	glycogen storage disease
Methylene blue	contraindication	cystinuria
Methylene blue	contraindication	galactosemia
Tetracycline	contraindication	G6PD deficiency
Tetracycline	contraindication	glycogen storage disease
Tetracycline	contraindication	cystinuria
Tetracycline	contraindication	galactosemia
Sulfasalazine	contraindication	G6PD deficiency
Sulfasalazine	contraindication	glycogen storage disease
Sulfasalazine	contraindication	cystinuria
Sulfasalazine	contraindication	galactosemia
Phenylephrine	contraindication	G6PD deficiency
Phenylephrine	contraindication	glycogen storage disease
Phenylephrine	contraindication	cystinuria
Phenylephrine	contraindication	galactosemia
Pyrimethamine	contraindication	G6PD deficiency
Pyrimethamine	contraindication	glycogen storage disease
Pyrimethamine	contraindication	cystinuria
Pyrimethamine	contraindication	galactosemia
Chloroquine	contraindication	G6PD deficiency
Chloroquine	contraindication	glycogen storage disease
Chloroquine	contraindication	cystinuria
Chloroquine	contraindication	galactosemia
Prednisolone acetate	contraindication	G6PD deficiency
Prednisolone acetate	contraindication	glycogen storage disease
Prednisolone acetate	contraindication	cystinuria
Prednisolone acetate	contraindication	galactosemia
Prednisolone	contraindication	G6PD deficiency
Prednisolone	contraindication	glycogen storage disease
Prednisolone	contraindication	cystinuria
Prednisolone	contraindication	galactosemia
Fluorometholone	contraindication	G6PD deficiency
Fluorometholone	contraindication	glycogen storage disease
Fluorometholone	contraindication	cystinuria
Fluorometholone	contraindication	galactosemia
Doxorubicin	contraindication	G6PD deficiency
Doxorubicin	contraindication	glycogen storage disease
Doxorubicin	contraindication	cystinuria
Doxorubicin	contraindication	galactosemia
Sulfamethizole	contraindication	G6PD deficiency
Sulfamethizole	contraindication	glycogen storage disease
Sulfamethizole	contraindication	cystinuria
Sulfamethizole	contraindication	galactosemia
Sulfacetamide	contraindication	G6PD deficiency
Sulfacetamide	contraindication	glycogen storage disease
Sulfacetamide	contraindication	cystinuria
Sulfacetamide	contraindication	galactosemia
Flutamide	contraindication	G6PD deficiency
Flutamide	contraindication	glycogen storage disease
Flutamide	contraindication	cystinuria
Flutamide	contraindication	galactosemia
Sulfabenzamide	contraindication	G6PD deficiency
Sulfabenzamide	contraindication	glycogen storage disease
Sulfabenzamide	contraindication	cystinuria
Sulfabenzamide	contraindication	galactosemia
Sulfisoxazole	contraindication	G6PD deficiency
Sulfisoxazole	contraindication	glycogen storage disease
Sulfisoxazole	contraindication	cystinuria
Sulfisoxazole	contraindication	galactosemia
Dextromethorphan	contraindication	G6PD deficiency
Dextromethorphan	contraindication	glycogen storage disease
Dextromethorphan	contraindication	cystinuria
Dextromethorphan	contraindication	galactosemia
Butabarbital	contraindication	G6PD deficiency
Butabarbital	contraindication	glycogen storage disease
Butabarbital	contraindication	cystinuria
Butabarbital	contraindication	galactosemia
Hydroxychloroquine	contraindication	G6PD deficiency
Hydroxychloroquine	contraindication	glycogen storage disease
Hydroxychloroquine	contraindication	cystinuria
Hydroxychloroquine	contraindication	galactosemia
Resorcinol	contraindication	G6PD deficiency
Resorcinol	contraindication	glycogen storage disease
Resorcinol	contraindication	cystinuria
Resorcinol	contraindication	galactosemia
Hyoscyamine	contraindication	G6PD deficiency
Hyoscyamine	contraindication	glycogen storage disease
Hyoscyamine	contraindication	cystinuria
Hyoscyamine	contraindication	galactosemia
Methenamine	contraindication	G6PD deficiency
Methenamine	contraindication	glycogen storage disease
Methenamine	contraindication	cystinuria
Methenamine	contraindication	galactosemia
Allantoin	contraindication	folliculitis
Allantoin	contraindication	seborrheic dermatitis
Clobetasol propionate	contraindication	folliculitis
Clobetasol propionate	contraindication	seborrheic dermatitis
Resorcinol	contraindication	folliculitis
Resorcinol	contraindication	seborrheic dermatitis
Benzoyl peroxide	contraindication	dermatitis
Mometasone furoate	contraindication	dermatitis
Ammonia	contraindication	dermatitis
Eflornithine	contraindication	dermatitis
Oxiconazole	contraindication	dermatitis
Ammonium lactate	contraindication	dermatitis
Hydrocortisone	contraindication	dermatitis
Cortisone acetate	contraindication	dermatitis
Metronidazole	contraindication	dermatitis
Ciclopirox	contraindication	dermatitis
Retapamulin	contraindication	dermatitis
Sulfacetamide	contraindication	dermatitis
Mupirocin	contraindication	dermatitis
Triamcinolone	contraindication	dermatitis
Azelaic acid	contraindication	dermatitis
Malathion	contraindication	dermatitis
Allantoin	contraindication	dermatitis
Racementhol	contraindication	dermatitis
Selenium Sulfide	contraindication	dermatitis
Piperonyl butoxide	contraindication	dermatitis
Crotamiton	contraindication	dermatitis
Clonidine	contraindication	dermatitis
Clindamycin	contraindication	dermatitis
Erythromycin	contraindication	dermatitis
Phenol	contraindication	dermatitis
Resorcinol	contraindication	dermatitis
Adapalene	contraindication	dermatitis
Dichlorophen	contraindication	respiratory failure
Butamben	contraindication	respiratory failure
Tetracaine	contraindication	respiratory failure
Benzocaine	contraindication	respiratory failure
Guaifenesin	contraindication	respiratory failure
Mepyramine	contraindication	respiratory failure
Povidone	contraindication	respiratory failure
Povidone K30	contraindication	respiratory failure
Pseudoephedrine	contraindication	respiratory failure
Guaiacol	contraindication	respiratory failure
Racementhol	contraindication	respiratory failure
Homatropine	contraindication	respiratory failure
Brompheniramine	contraindication	respiratory failure
Pheniramine	contraindication	respiratory failure
Cinchocaine	contraindication	respiratory failure
Lorazepam	contraindication	respiratory failure
Chlorcyclizine	contraindication	respiratory failure
Cyclizine	contraindication	respiratory failure
Homatropine methylbromide	contraindication	respiratory failure
Oxytetracycline	contraindication	respiratory failure
Tromethamine	contraindication	respiratory failure
Potassium Iodide	contraindication	respiratory failure
Pentobarbital	contraindication	respiratory failure
Secobarbital	contraindication	respiratory failure
Codeine	contraindication	respiratory failure
Prilocaine	contraindication	respiratory failure
Fusidic acid	contraindication	respiratory failure
Echothiophate	contraindication	respiratory failure
Salicylamide	contraindication	respiratory failure
Acetylcysteine	contraindication	respiratory failure
Oxazepam	contraindication	respiratory failure
Tetracycline	contraindication	respiratory failure
Acetazolamide	contraindication	respiratory failure
Phenylephrine	contraindication	respiratory failure
Dyclonine	contraindication	respiratory failure
Caffeine	contraindication	respiratory failure
Amobarbital	contraindication	respiratory failure
Phenytoin	contraindication	respiratory failure
Morphine	contraindication	respiratory failure
Methazolamide	contraindication	respiratory failure
Buprenorphine	contraindication	respiratory failure
Cysteine	contraindication	respiratory failure
Epinephrine	contraindication	respiratory failure
Methadyl acetate	contraindication	respiratory failure
Sodium oxybate	contraindication	respiratory failure
Hydrocortisone	contraindication	respiratory failure
Cortisone acetate	contraindication	respiratory failure
Hydrocortisone acetate	contraindication	respiratory failure
Carbinoxamine	contraindication	respiratory failure
Triprolidine	contraindication	respiratory failure
Hydromorphone	contraindication	respiratory failure
Naloxone	contraindication	respiratory failure
Diazepam	contraindication	respiratory failure
Clonidine	contraindication	respiratory failure
Capsaicin	contraindication	respiratory failure
Bupivacaine	contraindication	respiratory failure
Quazepam	contraindication	respiratory failure
Ephedrine	contraindication	respiratory failure
Prazepam	contraindication	respiratory failure
Tramadol	contraindication	respiratory failure
Dexchlorpheniramine	contraindication	respiratory failure
Terbutaline	contraindication	respiratory failure
Flurazepam	contraindication	respiratory failure
Naltrexone	contraindication	respiratory failure
Clonazepam	contraindication	respiratory failure
Ibuprofen	contraindication	respiratory failure
Zaleplon	contraindication	respiratory failure
Phenylpropanolamine	contraindication	respiratory failure
Sulfamethizole	contraindication	respiratory failure
Bacitracin	contraindication	respiratory failure
Lidocaine	contraindication	respiratory failure
Chlorpheniramine	contraindication	respiratory failure
Dexbrompheniramine	contraindication	respiratory failure
Dextromethorphan	contraindication	respiratory failure
Hydrocodone	contraindication	respiratory failure
Dihydrocodeine	contraindication	respiratory failure
Diclofenamide	contraindication	respiratory failure
Bromodiphenhydramine	contraindication	respiratory failure
Phenol	contraindication	respiratory failure
Resorcinol	contraindication	respiratory failure
Levomilnacipran	contraindication	angle-closure glaucoma
Levomilnacipran	contraindication	closed-angle glaucoma
Synephrine	contraindication	angle-closure glaucoma
Synephrine	contraindication	closed-angle glaucoma
Venlafaxine	contraindication	angle-closure glaucoma
Venlafaxine	contraindication	closed-angle glaucoma
Desvenlafaxine	contraindication	angle-closure glaucoma
Desvenlafaxine	contraindication	closed-angle glaucoma
Guaifenesin	contraindication	angle-closure glaucoma
Guaifenesin	contraindication	closed-angle glaucoma
Milnacipran	contraindication	angle-closure glaucoma
Milnacipran	contraindication	closed-angle glaucoma
Pilocarpine	contraindication	angle-closure glaucoma
Pilocarpine	contraindication	closed-angle glaucoma
Phenyltoloxamine	contraindication	angle-closure glaucoma
Phenyltoloxamine	contraindication	closed-angle glaucoma
Diphenoxylate	contraindication	angle-closure glaucoma
Diphenoxylate	contraindication	closed-angle glaucoma
Mepyramine	contraindication	angle-closure glaucoma
Mepyramine	contraindication	closed-angle glaucoma
Tripelennamine	contraindication	angle-closure glaucoma
Tripelennamine	contraindication	closed-angle glaucoma
Methapyrilene	contraindication	angle-closure glaucoma
Methapyrilene	contraindication	closed-angle glaucoma
Antazoline	contraindication	angle-closure glaucoma
Antazoline	contraindication	closed-angle glaucoma
Polyvinyl alcohol	contraindication	angle-closure glaucoma
Polyvinyl alcohol	contraindication	closed-angle glaucoma
Pseudoephedrine	contraindication	angle-closure glaucoma
Pseudoephedrine	contraindication	closed-angle glaucoma
Guaiacol	contraindication	angle-closure glaucoma
Guaiacol	contraindication	closed-angle glaucoma
Acrivastine	contraindication	angle-closure glaucoma
Acrivastine	contraindication	closed-angle glaucoma
Homatropine	contraindication	angle-closure glaucoma
Homatropine	contraindication	closed-angle glaucoma
Brompheniramine	contraindication	angle-closure glaucoma
Brompheniramine	contraindication	closed-angle glaucoma
Pheniramine	contraindication	angle-closure glaucoma
Pheniramine	contraindication	closed-angle glaucoma
Benzatropine	contraindication	angle-closure glaucoma
Benzatropine	contraindication	closed-angle glaucoma
Lorazepam	contraindication	angle-closure glaucoma
Lorazepam	contraindication	closed-angle glaucoma
Perazine	contraindication	angle-closure glaucoma
Perazine	contraindication	closed-angle glaucoma
Cetirizine	contraindication	angle-closure glaucoma
Cetirizine	contraindication	closed-angle glaucoma
Fexofenadine	contraindication	angle-closure glaucoma
Fexofenadine	contraindication	closed-angle glaucoma
Atomoxetine	contraindication	angle-closure glaucoma
Atomoxetine	contraindication	closed-angle glaucoma
Chlorcyclizine	contraindication	angle-closure glaucoma
Chlorcyclizine	contraindication	closed-angle glaucoma
Cyclizine	contraindication	angle-closure glaucoma
Cyclizine	contraindication	closed-angle glaucoma
Homatropine methylbromide	contraindication	angle-closure glaucoma
Homatropine methylbromide	contraindication	closed-angle glaucoma
Loratadine	contraindication	angle-closure glaucoma
Loratadine	contraindication	closed-angle glaucoma
Clofedanol	contraindication	angle-closure glaucoma
Clofedanol	contraindication	closed-angle glaucoma
Procyclidine	contraindication	angle-closure glaucoma
Procyclidine	contraindication	closed-angle glaucoma
Pentoxyverine	contraindication	angle-closure glaucoma
Pentoxyverine	contraindication	closed-angle glaucoma
Dicyclomine	contraindication	angle-closure glaucoma
Dicyclomine	contraindication	closed-angle glaucoma
Potassium Iodide	contraindication	angle-closure glaucoma
Potassium Iodide	contraindication	closed-angle glaucoma
Amantadine	contraindication	angle-closure glaucoma
Amantadine	contraindication	closed-angle glaucoma
Codeine	contraindication	angle-closure glaucoma
Codeine	contraindication	closed-angle glaucoma
Isopropamide	contraindication	angle-closure glaucoma
Isopropamide	contraindication	closed-angle glaucoma
Potassium chloride	contraindication	angle-closure glaucoma
Potassium chloride	contraindication	closed-angle glaucoma
Trimipramine	contraindication	angle-closure glaucoma
Trimipramine	contraindication	closed-angle glaucoma
Prilocaine	contraindication	angle-closure glaucoma
Prilocaine	contraindication	closed-angle glaucoma
Clidinium	contraindication	angle-closure glaucoma
Clidinium	contraindication	closed-angle glaucoma
Hydroxyzine	contraindication	angle-closure glaucoma
Hydroxyzine	contraindication	closed-angle glaucoma
Sodium citrate	contraindication	angle-closure glaucoma
Sodium citrate	contraindication	closed-angle glaucoma
Echothiophate	contraindication	angle-closure glaucoma
Echothiophate	contraindication	closed-angle glaucoma
Salicylamide	contraindication	angle-closure glaucoma
Salicylamide	contraindication	closed-angle glaucoma
Ipratropium	contraindication	angle-closure glaucoma
Ipratropium	contraindication	closed-angle glaucoma
Midazolam	contraindication	angle-closure glaucoma
Midazolam	contraindication	closed-angle glaucoma
Levodopa	contraindication	angle-closure glaucoma
Levodopa	contraindication	closed-angle glaucoma
Phenylephrine	contraindication	angle-closure glaucoma
Phenylephrine	contraindication	closed-angle glaucoma
Theophylline	contraindication	angle-closure glaucoma
Theophylline	contraindication	closed-angle glaucoma
Perphenazine	contraindication	angle-closure glaucoma
Perphenazine	contraindication	closed-angle glaucoma
Prochlorperazine	contraindication	angle-closure glaucoma
Prochlorperazine	contraindication	closed-angle glaucoma
Chlordiazepoxide	contraindication	angle-closure glaucoma
Chlordiazepoxide	contraindication	closed-angle glaucoma
Caffeine	contraindication	angle-closure glaucoma
Caffeine	contraindication	closed-angle glaucoma
Morphine	contraindication	angle-closure glaucoma
Morphine	contraindication	closed-angle glaucoma
Meclizine	contraindication	angle-closure glaucoma
Meclizine	contraindication	closed-angle glaucoma
Oxybutynin	contraindication	angle-closure glaucoma
Oxybutynin	contraindication	closed-angle glaucoma
Fluoxetine	contraindication	angle-closure glaucoma
Fluoxetine	contraindication	closed-angle glaucoma
Dipivefrin	contraindication	angle-closure glaucoma
Dipivefrin	contraindication	closed-angle glaucoma
Dimenhydrinate	contraindication	angle-closure glaucoma
Dimenhydrinate	contraindication	closed-angle glaucoma
Biperiden	contraindication	angle-closure glaucoma
Biperiden	contraindication	closed-angle glaucoma
Cyclopentolate	contraindication	angle-closure glaucoma
Cyclopentolate	contraindication	closed-angle glaucoma
Histamine	contraindication	angle-closure glaucoma
Histamine	contraindication	closed-angle glaucoma
Epinephrine	contraindication	angle-closure glaucoma
Epinephrine	contraindication	closed-angle glaucoma
Scopolamine	contraindication	angle-closure glaucoma
Scopolamine	contraindication	closed-angle glaucoma
Terfenadine	contraindication	angle-closure glaucoma
Terfenadine	contraindication	closed-angle glaucoma
Imipramine	contraindication	angle-closure glaucoma
Imipramine	contraindication	closed-angle glaucoma
Amitriptyline	contraindication	angle-closure glaucoma
Amitriptyline	contraindication	closed-angle glaucoma
Desipramine	contraindication	angle-closure glaucoma
Desipramine	contraindication	closed-angle glaucoma
Phenobarbital	contraindication	angle-closure glaucoma
Phenobarbital	contraindication	closed-angle glaucoma
Carbinoxamine	contraindication	angle-closure glaucoma
Carbinoxamine	contraindication	closed-angle glaucoma
Triprolidine	contraindication	angle-closure glaucoma
Triprolidine	contraindication	closed-angle glaucoma
Dyphylline	contraindication	angle-closure glaucoma
Dyphylline	contraindication	closed-angle glaucoma
Doxylamine	contraindication	angle-closure glaucoma
Doxylamine	contraindication	closed-angle glaucoma
Diazepam	contraindication	angle-closure glaucoma
Diazepam	contraindication	closed-angle glaucoma
Protriptyline	contraindication	angle-closure glaucoma
Protriptyline	contraindication	closed-angle glaucoma
Azatadine	contraindication	angle-closure glaucoma
Azatadine	contraindication	closed-angle glaucoma
Bupivacaine	contraindication	angle-closure glaucoma
Bupivacaine	contraindication	closed-angle glaucoma
Thiothixene	contraindication	angle-closure glaucoma
Thiothixene	contraindication	closed-angle glaucoma
Amphetamine	contraindication	angle-closure glaucoma
Amphetamine	contraindication	closed-angle glaucoma
Ephedrine	contraindication	angle-closure glaucoma
Ephedrine	contraindication	closed-angle glaucoma
Propantheline	contraindication	angle-closure glaucoma
Propantheline	contraindication	closed-angle glaucoma
Ethyl loflazepate	contraindication	angle-closure glaucoma
Ethyl loflazepate	contraindication	closed-angle glaucoma
Alprazolam	contraindication	angle-closure glaucoma
Alprazolam	contraindication	closed-angle glaucoma
Carbidopa	contraindication	angle-closure glaucoma
Carbidopa	contraindication	closed-angle glaucoma
Difenoxin	contraindication	angle-closure glaucoma
Difenoxin	contraindication	closed-angle glaucoma
Fesoterodine	contraindication	angle-closure glaucoma
Fesoterodine	contraindication	closed-angle glaucoma
Dexchlorpheniramine	contraindication	angle-closure glaucoma
Dexchlorpheniramine	contraindication	closed-angle glaucoma
Polyethylene glycol	contraindication	angle-closure glaucoma
Polyethylene glycol	contraindication	closed-angle glaucoma
Polyethylene glycol 400	contraindication	angle-closure glaucoma
Polyethylene glycol 400	contraindication	closed-angle glaucoma
Polyethylene glycol 300	contraindication	angle-closure glaucoma
Polyethylene glycol 300	contraindication	closed-angle glaucoma
Polyethylene glycol 3500	contraindication	angle-closure glaucoma
Polyethylene glycol 3500	contraindication	closed-angle glaucoma
Solifenacin	contraindication	angle-closure glaucoma
Solifenacin	contraindication	closed-angle glaucoma
Naproxen	contraindication	angle-closure glaucoma
Naproxen	contraindication	closed-angle glaucoma
Magnesium salicylate	contraindication	angle-closure glaucoma
Magnesium salicylate	contraindication	closed-angle glaucoma
Tiotropium	contraindication	angle-closure glaucoma
Tiotropium	contraindication	closed-angle glaucoma
Salbutamol	contraindication	angle-closure glaucoma
Salbutamol	contraindication	closed-angle glaucoma
Doxepin	contraindication	angle-closure glaucoma
Doxepin	contraindication	closed-angle glaucoma
Clonazepam	contraindication	angle-closure glaucoma
Clonazepam	contraindication	closed-angle glaucoma
Ibuprofen	contraindication	angle-closure glaucoma
Ibuprofen	contraindication	closed-angle glaucoma
Clemastine	contraindication	angle-closure glaucoma
Clemastine	contraindication	closed-angle glaucoma
Tropicamide	contraindication	angle-closure glaucoma
Tropicamide	contraindication	closed-angle glaucoma
Oxymetazoline	contraindication	angle-closure glaucoma
Oxymetazoline	contraindication	closed-angle glaucoma
Butacaine	contraindication	angle-closure glaucoma
Butacaine	contraindication	closed-angle glaucoma
Phenylpropanolamine	contraindication	angle-closure glaucoma
Phenylpropanolamine	contraindication	closed-angle glaucoma
Diphenylpyraline	contraindication	angle-closure glaucoma
Diphenylpyraline	contraindication	closed-angle glaucoma
Sulfacetamide	contraindication	angle-closure glaucoma
Sulfacetamide	contraindication	closed-angle glaucoma
Trihexyphenidyl	contraindication	angle-closure glaucoma
Trihexyphenidyl	contraindication	closed-angle glaucoma
Amoxapine	contraindication	angle-closure glaucoma
Amoxapine	contraindication	closed-angle glaucoma
Lidocaine	contraindication	angle-closure glaucoma
Lidocaine	contraindication	closed-angle glaucoma
Darifenacin	contraindication	angle-closure glaucoma
Darifenacin	contraindication	closed-angle glaucoma
Methscopolamine	contraindication	angle-closure glaucoma
Methscopolamine	contraindication	closed-angle glaucoma
Olanzapine	contraindication	angle-closure glaucoma
Olanzapine	contraindication	closed-angle glaucoma
Chlorpheniramine	contraindication	angle-closure glaucoma
Chlorpheniramine	contraindication	closed-angle glaucoma
Dexbrompheniramine	contraindication	angle-closure glaucoma
Dexbrompheniramine	contraindication	closed-angle glaucoma
Entacapone	contraindication	angle-closure glaucoma
Entacapone	contraindication	closed-angle glaucoma
Cyproheptadine	contraindication	angle-closure glaucoma
Cyproheptadine	contraindication	closed-angle glaucoma
Dextromethorphan	contraindication	angle-closure glaucoma
Dextromethorphan	contraindication	closed-angle glaucoma
Hydrocodone	contraindication	angle-closure glaucoma
Hydrocodone	contraindication	closed-angle glaucoma
Dihydrocodeine	contraindication	angle-closure glaucoma
Dihydrocodeine	contraindication	closed-angle glaucoma
Tolterodine	contraindication	angle-closure glaucoma
Tolterodine	contraindication	closed-angle glaucoma
Ammonium chloride	contraindication	angle-closure glaucoma
Ammonium chloride	contraindication	closed-angle glaucoma
Duloxetine	contraindication	angle-closure glaucoma
Duloxetine	contraindication	closed-angle glaucoma
Chlorprothixene	contraindication	angle-closure glaucoma
Chlorprothixene	contraindication	closed-angle glaucoma
Ergotamine	contraindication	angle-closure glaucoma
Ergotamine	contraindication	closed-angle glaucoma
Tramazoline	contraindication	angle-closure glaucoma
Tramazoline	contraindication	closed-angle glaucoma
Sibutramine	contraindication	angle-closure glaucoma
Sibutramine	contraindication	closed-angle glaucoma
Maprotiline	contraindication	angle-closure glaucoma
Maprotiline	contraindication	closed-angle glaucoma
Hyoscyamine	contraindication	angle-closure glaucoma
Hyoscyamine	contraindication	closed-angle glaucoma
Desloratadine	contraindication	angle-closure glaucoma
Desloratadine	contraindication	closed-angle glaucoma
Calcium chloride	contraindication	angle-closure glaucoma
Calcium chloride	contraindication	closed-angle glaucoma
Benzyl alcohol	contraindication	angle-closure glaucoma
Benzyl alcohol	contraindication	closed-angle glaucoma
Dichlorophen	contraindication	Addison disease
Dichlorophen	contraindication	chronic primary adrenal insufficiency
Dichlorophen	contraindication	adrenal insufficiency
Dichlorophen	contraindication	familial adrenal hypoplasia with absent pituitary luteinizing hormone
Dichlorophen	contraindication	familial glucocorticoid deficiency
Dichlorophen	contraindication	X-linked adrenal hypoplasia congenita
Dichlorophen	contraindication	inherited isolated adrenal insufficiency due to partial CYP11A1 deficiency
Dichlorophen	contraindication	congenital adrenal hyperplasia
Dichlorophen	contraindication	adrenocortical insufficiency
Chlorpropamide	contraindication	Addison disease
Chlorpropamide	contraindication	chronic primary adrenal insufficiency
Chlorpropamide	contraindication	adrenal insufficiency
Chlorpropamide	contraindication	familial adrenal hypoplasia with absent pituitary luteinizing hormone
Chlorpropamide	contraindication	familial glucocorticoid deficiency
Chlorpropamide	contraindication	X-linked adrenal hypoplasia congenita
Chlorpropamide	contraindication	inherited isolated adrenal insufficiency due to partial CYP11A1 deficiency
Chlorpropamide	contraindication	congenital adrenal hyperplasia
Chlorpropamide	contraindication	adrenocortical insufficiency
Glimepiride	contraindication	Addison disease
Glimepiride	contraindication	chronic primary adrenal insufficiency
Glimepiride	contraindication	adrenal insufficiency
Glimepiride	contraindication	familial adrenal hypoplasia with absent pituitary luteinizing hormone
Glimepiride	contraindication	familial glucocorticoid deficiency
Glimepiride	contraindication	X-linked adrenal hypoplasia congenita
Glimepiride	contraindication	inherited isolated adrenal insufficiency due to partial CYP11A1 deficiency
Glimepiride	contraindication	congenital adrenal hyperplasia
Glimepiride	contraindication	adrenocortical insufficiency
Guaifenesin	contraindication	chronic primary adrenal insufficiency
Guaifenesin	contraindication	adrenal insufficiency
Guaifenesin	contraindication	familial adrenal hypoplasia with absent pituitary luteinizing hormone
Guaifenesin	contraindication	familial glucocorticoid deficiency
Guaifenesin	contraindication	X-linked adrenal hypoplasia congenita
Guaifenesin	contraindication	inherited isolated adrenal insufficiency due to partial CYP11A1 deficiency
Guaifenesin	contraindication	congenital adrenal hyperplasia
Mepyramine	contraindication	Addison disease
Mepyramine	contraindication	chronic primary adrenal insufficiency
Mepyramine	contraindication	adrenal insufficiency
Mepyramine	contraindication	familial adrenal hypoplasia with absent pituitary luteinizing hormone
Mepyramine	contraindication	familial glucocorticoid deficiency
Mepyramine	contraindication	X-linked adrenal hypoplasia congenita
Mepyramine	contraindication	inherited isolated adrenal insufficiency due to partial CYP11A1 deficiency
Mepyramine	contraindication	congenital adrenal hyperplasia
Mepyramine	contraindication	adrenocortical insufficiency
Pseudoephedrine	contraindication	Addison disease
Pseudoephedrine	contraindication	chronic primary adrenal insufficiency
Pseudoephedrine	contraindication	adrenal insufficiency
Pseudoephedrine	contraindication	familial adrenal hypoplasia with absent pituitary luteinizing hormone
Pseudoephedrine	contraindication	familial glucocorticoid deficiency
Pseudoephedrine	contraindication	X-linked adrenal hypoplasia congenita
Pseudoephedrine	contraindication	inherited isolated adrenal insufficiency due to partial CYP11A1 deficiency
Pseudoephedrine	contraindication	congenital adrenal hyperplasia
Pseudoephedrine	contraindication	adrenocortical insufficiency
Guaiacol	contraindication	chronic primary adrenal insufficiency
Guaiacol	contraindication	adrenal insufficiency
Guaiacol	contraindication	familial adrenal hypoplasia with absent pituitary luteinizing hormone
Guaiacol	contraindication	familial glucocorticoid deficiency
Guaiacol	contraindication	X-linked adrenal hypoplasia congenita
Guaiacol	contraindication	inherited isolated adrenal insufficiency due to partial CYP11A1 deficiency
Guaiacol	contraindication	congenital adrenal hyperplasia
Homatropine	contraindication	Addison disease
Homatropine	contraindication	chronic primary adrenal insufficiency
Homatropine	contraindication	adrenal insufficiency
Homatropine	contraindication	familial adrenal hypoplasia with absent pituitary luteinizing hormone
Homatropine	contraindication	familial glucocorticoid deficiency
Homatropine	contraindication	X-linked adrenal hypoplasia congenita
Homatropine	contraindication	inherited isolated adrenal insufficiency due to partial CYP11A1 deficiency
Homatropine	contraindication	congenital adrenal hyperplasia
Homatropine	contraindication	adrenocortical insufficiency
Potassium citrate	contraindication	chronic primary adrenal insufficiency
Potassium citrate	contraindication	adrenal insufficiency
Potassium citrate	contraindication	familial adrenal hypoplasia with absent pituitary luteinizing hormone
Potassium citrate	contraindication	familial glucocorticoid deficiency
Potassium citrate	contraindication	X-linked adrenal hypoplasia congenita
Potassium citrate	contraindication	inherited isolated adrenal insufficiency due to partial CYP11A1 deficiency
Potassium citrate	contraindication	congenital adrenal hyperplasia
Brompheniramine	contraindication	Addison disease
Brompheniramine	contraindication	chronic primary adrenal insufficiency
Brompheniramine	contraindication	adrenal insufficiency
Brompheniramine	contraindication	familial adrenal hypoplasia with absent pituitary luteinizing hormone
Brompheniramine	contraindication	familial glucocorticoid deficiency
Brompheniramine	contraindication	X-linked adrenal hypoplasia congenita
Brompheniramine	contraindication	inherited isolated adrenal insufficiency due to partial CYP11A1 deficiency
Brompheniramine	contraindication	congenital adrenal hyperplasia
Brompheniramine	contraindication	adrenocortical insufficiency
Pheniramine	contraindication	Addison disease
Pheniramine	contraindication	chronic primary adrenal insufficiency
Pheniramine	contraindication	adrenal insufficiency
Pheniramine	contraindication	familial adrenal hypoplasia with absent pituitary luteinizing hormone
Pheniramine	contraindication	familial glucocorticoid deficiency
Pheniramine	contraindication	X-linked adrenal hypoplasia congenita
Pheniramine	contraindication	inherited isolated adrenal insufficiency due to partial CYP11A1 deficiency
Pheniramine	contraindication	congenital adrenal hyperplasia
Pheniramine	contraindication	adrenocortical insufficiency
Chlorcyclizine	contraindication	chronic primary adrenal insufficiency
Chlorcyclizine	contraindication	adrenal insufficiency
Chlorcyclizine	contraindication	familial adrenal hypoplasia with absent pituitary luteinizing hormone
Chlorcyclizine	contraindication	familial glucocorticoid deficiency
Chlorcyclizine	contraindication	X-linked adrenal hypoplasia congenita
Chlorcyclizine	contraindication	inherited isolated adrenal insufficiency due to partial CYP11A1 deficiency
Chlorcyclizine	contraindication	congenital adrenal hyperplasia
Cyclizine	contraindication	chronic primary adrenal insufficiency
Cyclizine	contraindication	adrenal insufficiency
Cyclizine	contraindication	familial adrenal hypoplasia with absent pituitary luteinizing hormone
Cyclizine	contraindication	familial glucocorticoid deficiency
Cyclizine	contraindication	X-linked adrenal hypoplasia congenita
Cyclizine	contraindication	inherited isolated adrenal insufficiency due to partial CYP11A1 deficiency
Cyclizine	contraindication	congenital adrenal hyperplasia
Homatropine methylbromide	contraindication	Addison disease
Homatropine methylbromide	contraindication	chronic primary adrenal insufficiency
Homatropine methylbromide	contraindication	adrenal insufficiency
Homatropine methylbromide	contraindication	familial adrenal hypoplasia with absent pituitary luteinizing hormone
Homatropine methylbromide	contraindication	familial glucocorticoid deficiency
Homatropine methylbromide	contraindication	X-linked adrenal hypoplasia congenita
Homatropine methylbromide	contraindication	inherited isolated adrenal insufficiency due to partial CYP11A1 deficiency
Homatropine methylbromide	contraindication	congenital adrenal hyperplasia
Homatropine methylbromide	contraindication	adrenocortical insufficiency
Citric acid	contraindication	chronic primary adrenal insufficiency
Citric acid	contraindication	adrenal insufficiency
Citric acid	contraindication	familial adrenal hypoplasia with absent pituitary luteinizing hormone
Citric acid	contraindication	familial glucocorticoid deficiency
Citric acid	contraindication	X-linked adrenal hypoplasia congenita
Citric acid	contraindication	inherited isolated adrenal insufficiency due to partial CYP11A1 deficiency
Citric acid	contraindication	congenital adrenal hyperplasia
Pentoxyverine	contraindication	Addison disease
Pentoxyverine	contraindication	chronic primary adrenal insufficiency
Pentoxyverine	contraindication	adrenal insufficiency
Pentoxyverine	contraindication	familial adrenal hypoplasia with absent pituitary luteinizing hormone
Pentoxyverine	contraindication	familial glucocorticoid deficiency
Pentoxyverine	contraindication	X-linked adrenal hypoplasia congenita
Pentoxyverine	contraindication	inherited isolated adrenal insufficiency due to partial CYP11A1 deficiency
Pentoxyverine	contraindication	congenital adrenal hyperplasia
Pentoxyverine	contraindication	adrenocortical insufficiency
Potassium Iodide	contraindication	Addison disease
Potassium Iodide	contraindication	chronic primary adrenal insufficiency
Potassium Iodide	contraindication	adrenal insufficiency
Potassium Iodide	contraindication	familial adrenal hypoplasia with absent pituitary luteinizing hormone
Potassium Iodide	contraindication	familial glucocorticoid deficiency
Potassium Iodide	contraindication	X-linked adrenal hypoplasia congenita
Potassium Iodide	contraindication	inherited isolated adrenal insufficiency due to partial CYP11A1 deficiency
Potassium Iodide	contraindication	congenital adrenal hyperplasia
Potassium Iodide	contraindication	adrenocortical insufficiency
Thiopental	contraindication	Addison disease
Thiopental	contraindication	chronic primary adrenal insufficiency
Thiopental	contraindication	adrenal insufficiency
Thiopental	contraindication	familial adrenal hypoplasia with absent pituitary luteinizing hormone
Thiopental	contraindication	familial glucocorticoid deficiency
Thiopental	contraindication	X-linked adrenal hypoplasia congenita
Thiopental	contraindication	inherited isolated adrenal insufficiency due to partial CYP11A1 deficiency
Thiopental	contraindication	congenital adrenal hyperplasia
Thiopental	contraindication	adrenocortical insufficiency
Codeine	contraindication	Addison disease
Codeine	contraindication	chronic primary adrenal insufficiency
Codeine	contraindication	adrenal insufficiency
Codeine	contraindication	familial adrenal hypoplasia with absent pituitary luteinizing hormone
Codeine	contraindication	familial glucocorticoid deficiency
Codeine	contraindication	X-linked adrenal hypoplasia congenita
Codeine	contraindication	inherited isolated adrenal insufficiency due to partial CYP11A1 deficiency
Codeine	contraindication	congenital adrenal hyperplasia
Codeine	contraindication	adrenocortical insufficiency
Potassium chloride	contraindication	Addison disease
Potassium chloride	contraindication	chronic primary adrenal insufficiency
Potassium chloride	contraindication	adrenal insufficiency
Potassium chloride	contraindication	familial adrenal hypoplasia with absent pituitary luteinizing hormone
Potassium chloride	contraindication	familial glucocorticoid deficiency
Potassium chloride	contraindication	X-linked adrenal hypoplasia congenita
Potassium chloride	contraindication	inherited isolated adrenal insufficiency due to partial CYP11A1 deficiency
Potassium chloride	contraindication	congenital adrenal hyperplasia
Potassium chloride	contraindication	adrenocortical insufficiency
Liothyronine	contraindication	Addison disease
Liothyronine	contraindication	chronic primary adrenal insufficiency
Liothyronine	contraindication	adrenal insufficiency
Liothyronine	contraindication	familial adrenal hypoplasia with absent pituitary luteinizing hormone
Liothyronine	contraindication	familial glucocorticoid deficiency
Liothyronine	contraindication	X-linked adrenal hypoplasia congenita
Liothyronine	contraindication	inherited isolated adrenal insufficiency due to partial CYP11A1 deficiency
Liothyronine	contraindication	congenital adrenal hyperplasia
Liothyronine	contraindication	adrenocortical insufficiency
Sodium citrate	contraindication	chronic primary adrenal insufficiency
Sodium citrate	contraindication	adrenal insufficiency
Sodium citrate	contraindication	familial adrenal hypoplasia with absent pituitary luteinizing hormone
Sodium citrate	contraindication	familial glucocorticoid deficiency
Sodium citrate	contraindication	X-linked adrenal hypoplasia congenita
Sodium citrate	contraindication	inherited isolated adrenal insufficiency due to partial CYP11A1 deficiency
Sodium citrate	contraindication	congenital adrenal hyperplasia
Metformin	contraindication	chronic primary adrenal insufficiency
Metformin	contraindication	familial adrenal hypoplasia with absent pituitary luteinizing hormone
Metformin	contraindication	familial glucocorticoid deficiency
Metformin	contraindication	X-linked adrenal hypoplasia congenita
Metformin	contraindication	inherited isolated adrenal insufficiency due to partial CYP11A1 deficiency
Metformin	contraindication	congenital adrenal hyperplasia
Salicylamide	contraindication	Addison disease
Salicylamide	contraindication	chronic primary adrenal insufficiency
Salicylamide	contraindication	adrenal insufficiency
Salicylamide	contraindication	familial adrenal hypoplasia with absent pituitary luteinizing hormone
Salicylamide	contraindication	familial glucocorticoid deficiency
Salicylamide	contraindication	X-linked adrenal hypoplasia congenita
Salicylamide	contraindication	inherited isolated adrenal insufficiency due to partial CYP11A1 deficiency
Salicylamide	contraindication	congenital adrenal hyperplasia
Salicylamide	contraindication	adrenocortical insufficiency
Pyridoxine	contraindication	Addison disease
Pyridoxine	contraindication	chronic primary adrenal insufficiency
Pyridoxine	contraindication	adrenal insufficiency
Pyridoxine	contraindication	familial adrenal hypoplasia with absent pituitary luteinizing hormone
Pyridoxine	contraindication	familial glucocorticoid deficiency
Pyridoxine	contraindication	X-linked adrenal hypoplasia congenita
Pyridoxine	contraindication	inherited isolated adrenal insufficiency due to partial CYP11A1 deficiency
Pyridoxine	contraindication	congenital adrenal hyperplasia
Pyridoxine	contraindication	adrenocortical insufficiency
Tolbutamide	contraindication	Addison disease
Tolbutamide	contraindication	chronic primary adrenal insufficiency
Tolbutamide	contraindication	adrenal insufficiency
Tolbutamide	contraindication	familial adrenal hypoplasia with absent pituitary luteinizing hormone
Tolbutamide	contraindication	familial glucocorticoid deficiency
Tolbutamide	contraindication	X-linked adrenal hypoplasia congenita
Tolbutamide	contraindication	inherited isolated adrenal insufficiency due to partial CYP11A1 deficiency
Tolbutamide	contraindication	congenital adrenal hyperplasia
Tolbutamide	contraindication	adrenocortical insufficiency
Acetazolamide	contraindication	Addison disease
Acetazolamide	contraindication	chronic primary adrenal insufficiency
Acetazolamide	contraindication	adrenal insufficiency
Acetazolamide	contraindication	familial adrenal hypoplasia with absent pituitary luteinizing hormone
Acetazolamide	contraindication	familial glucocorticoid deficiency
Acetazolamide	contraindication	X-linked adrenal hypoplasia congenita
Acetazolamide	contraindication	inherited isolated adrenal insufficiency due to partial CYP11A1 deficiency
Acetazolamide	contraindication	congenital adrenal hyperplasia
Acetazolamide	contraindication	adrenocortical insufficiency
Phenylephrine	contraindication	chronic primary adrenal insufficiency
Phenylephrine	contraindication	adrenal insufficiency
Phenylephrine	contraindication	familial adrenal hypoplasia with absent pituitary luteinizing hormone
Phenylephrine	contraindication	familial glucocorticoid deficiency
Phenylephrine	contraindication	X-linked adrenal hypoplasia congenita
Phenylephrine	contraindication	inherited isolated adrenal insufficiency due to partial CYP11A1 deficiency
Phenylephrine	contraindication	congenital adrenal hyperplasia
Caffeine	contraindication	Addison disease
Caffeine	contraindication	chronic primary adrenal insufficiency
Caffeine	contraindication	adrenal insufficiency
Caffeine	contraindication	familial adrenal hypoplasia with absent pituitary luteinizing hormone
Caffeine	contraindication	familial glucocorticoid deficiency
Caffeine	contraindication	X-linked adrenal hypoplasia congenita
Caffeine	contraindication	inherited isolated adrenal insufficiency due to partial CYP11A1 deficiency
Caffeine	contraindication	congenital adrenal hyperplasia
Caffeine	contraindication	adrenocortical insufficiency
Morphine	contraindication	Addison disease
Morphine	contraindication	chronic primary adrenal insufficiency
Morphine	contraindication	adrenal insufficiency
Morphine	contraindication	familial adrenal hypoplasia with absent pituitary luteinizing hormone
Morphine	contraindication	familial glucocorticoid deficiency
Morphine	contraindication	X-linked adrenal hypoplasia congenita
Morphine	contraindication	inherited isolated adrenal insufficiency due to partial CYP11A1 deficiency
Morphine	contraindication	congenital adrenal hyperplasia
Morphine	contraindication	adrenocortical insufficiency
Methazolamide	contraindication	Addison disease
Methazolamide	contraindication	chronic primary adrenal insufficiency
Methazolamide	contraindication	adrenal insufficiency
Methazolamide	contraindication	familial adrenal hypoplasia with absent pituitary luteinizing hormone
Methazolamide	contraindication	familial glucocorticoid deficiency
Methazolamide	contraindication	X-linked adrenal hypoplasia congenita
Methazolamide	contraindication	inherited isolated adrenal insufficiency due to partial CYP11A1 deficiency
Methazolamide	contraindication	congenital adrenal hyperplasia
Methazolamide	contraindication	adrenocortical insufficiency
Levothyroxine	contraindication	Addison disease
Levothyroxine	contraindication	chronic primary adrenal insufficiency
Levothyroxine	contraindication	adrenal insufficiency
Levothyroxine	contraindication	familial adrenal hypoplasia with absent pituitary luteinizing hormone
Levothyroxine	contraindication	familial glucocorticoid deficiency
Levothyroxine	contraindication	X-linked adrenal hypoplasia congenita
Levothyroxine	contraindication	inherited isolated adrenal insufficiency due to partial CYP11A1 deficiency
Levothyroxine	contraindication	congenital adrenal hyperplasia
Levothyroxine	contraindication	adrenocortical insufficiency
Carbinoxamine	contraindication	Addison disease
Carbinoxamine	contraindication	chronic primary adrenal insufficiency
Carbinoxamine	contraindication	adrenal insufficiency
Carbinoxamine	contraindication	familial adrenal hypoplasia with absent pituitary luteinizing hormone
Carbinoxamine	contraindication	familial glucocorticoid deficiency
Carbinoxamine	contraindication	X-linked adrenal hypoplasia congenita
Carbinoxamine	contraindication	inherited isolated adrenal insufficiency due to partial CYP11A1 deficiency
Carbinoxamine	contraindication	congenital adrenal hyperplasia
Carbinoxamine	contraindication	adrenocortical insufficiency
Triprolidine	contraindication	Addison disease
Triprolidine	contraindication	chronic primary adrenal insufficiency
Triprolidine	contraindication	adrenal insufficiency
Triprolidine	contraindication	familial adrenal hypoplasia with absent pituitary luteinizing hormone
Triprolidine	contraindication	familial glucocorticoid deficiency
Triprolidine	contraindication	X-linked adrenal hypoplasia congenita
Triprolidine	contraindication	inherited isolated adrenal insufficiency due to partial CYP11A1 deficiency
Triprolidine	contraindication	congenital adrenal hyperplasia
Triprolidine	contraindication	adrenocortical insufficiency
Hydromorphone	contraindication	Addison disease
Hydromorphone	contraindication	chronic primary adrenal insufficiency
Hydromorphone	contraindication	adrenal insufficiency
Hydromorphone	contraindication	familial adrenal hypoplasia with absent pituitary luteinizing hormone
Hydromorphone	contraindication	familial glucocorticoid deficiency
Hydromorphone	contraindication	X-linked adrenal hypoplasia congenita
Hydromorphone	contraindication	inherited isolated adrenal insufficiency due to partial CYP11A1 deficiency
Hydromorphone	contraindication	congenital adrenal hyperplasia
Hydromorphone	contraindication	adrenocortical insufficiency
Naloxone	contraindication	chronic primary adrenal insufficiency
Naloxone	contraindication	adrenal insufficiency
Naloxone	contraindication	familial adrenal hypoplasia with absent pituitary luteinizing hormone
Naloxone	contraindication	familial glucocorticoid deficiency
Naloxone	contraindication	X-linked adrenal hypoplasia congenita
Naloxone	contraindication	inherited isolated adrenal insufficiency due to partial CYP11A1 deficiency
Naloxone	contraindication	congenital adrenal hyperplasia
Bupivacaine	contraindication	Addison disease
Bupivacaine	contraindication	chronic primary adrenal insufficiency
Bupivacaine	contraindication	adrenal insufficiency
Bupivacaine	contraindication	familial adrenal hypoplasia with absent pituitary luteinizing hormone
Bupivacaine	contraindication	familial glucocorticoid deficiency
Bupivacaine	contraindication	X-linked adrenal hypoplasia congenita
Bupivacaine	contraindication	inherited isolated adrenal insufficiency due to partial CYP11A1 deficiency
Bupivacaine	contraindication	congenital adrenal hyperplasia
Bupivacaine	contraindication	adrenocortical insufficiency
Magnesium citrate	contraindication	Addison disease
Magnesium citrate	contraindication	chronic primary adrenal insufficiency
Magnesium citrate	contraindication	adrenal insufficiency
Magnesium citrate	contraindication	familial adrenal hypoplasia with absent pituitary luteinizing hormone
Magnesium citrate	contraindication	familial glucocorticoid deficiency
Magnesium citrate	contraindication	X-linked adrenal hypoplasia congenita
Magnesium citrate	contraindication	inherited isolated adrenal insufficiency due to partial CYP11A1 deficiency
Magnesium citrate	contraindication	congenital adrenal hyperplasia
Magnesium citrate	contraindication	adrenocortical insufficiency
Ephedrine	contraindication	Addison disease
Ephedrine	contraindication	chronic primary adrenal insufficiency
Ephedrine	contraindication	adrenal insufficiency
Ephedrine	contraindication	familial adrenal hypoplasia with absent pituitary luteinizing hormone
Ephedrine	contraindication	familial glucocorticoid deficiency
Ephedrine	contraindication	X-linked adrenal hypoplasia congenita
Ephedrine	contraindication	inherited isolated adrenal insufficiency due to partial CYP11A1 deficiency
Ephedrine	contraindication	congenital adrenal hyperplasia
Ephedrine	contraindication	adrenocortical insufficiency
Glipizide	contraindication	chronic primary adrenal insufficiency
Glipizide	contraindication	adrenal insufficiency
Glipizide	contraindication	familial adrenal hypoplasia with absent pituitary luteinizing hormone
Glipizide	contraindication	familial glucocorticoid deficiency
Glipizide	contraindication	X-linked adrenal hypoplasia congenita
Glipizide	contraindication	inherited isolated adrenal insufficiency due to partial CYP11A1 deficiency
Glipizide	contraindication	congenital adrenal hyperplasia
Dexchlorpheniramine	contraindication	Addison disease
Dexchlorpheniramine	contraindication	chronic primary adrenal insufficiency
Dexchlorpheniramine	contraindication	adrenal insufficiency
Dexchlorpheniramine	contraindication	familial adrenal hypoplasia with absent pituitary luteinizing hormone
Dexchlorpheniramine	contraindication	familial glucocorticoid deficiency
Dexchlorpheniramine	contraindication	X-linked adrenal hypoplasia congenita
Dexchlorpheniramine	contraindication	inherited isolated adrenal insufficiency due to partial CYP11A1 deficiency
Dexchlorpheniramine	contraindication	congenital adrenal hyperplasia
Dexchlorpheniramine	contraindication	adrenocortical insufficiency
Naltrexone	contraindication	Addison disease
Naltrexone	contraindication	chronic primary adrenal insufficiency
Naltrexone	contraindication	adrenal insufficiency
Naltrexone	contraindication	familial adrenal hypoplasia with absent pituitary luteinizing hormone
Naltrexone	contraindication	familial glucocorticoid deficiency
Naltrexone	contraindication	X-linked adrenal hypoplasia congenita
Naltrexone	contraindication	inherited isolated adrenal insufficiency due to partial CYP11A1 deficiency
Naltrexone	contraindication	congenital adrenal hyperplasia
Naltrexone	contraindication	adrenocortical insufficiency
Ibuprofen	contraindication	Addison disease
Ibuprofen	contraindication	chronic primary adrenal insufficiency
Ibuprofen	contraindication	adrenal insufficiency
Ibuprofen	contraindication	familial adrenal hypoplasia with absent pituitary luteinizing hormone
Ibuprofen	contraindication	familial glucocorticoid deficiency
Ibuprofen	contraindication	X-linked adrenal hypoplasia congenita
Ibuprofen	contraindication	inherited isolated adrenal insufficiency due to partial CYP11A1 deficiency
Ibuprofen	contraindication	congenital adrenal hyperplasia
Ibuprofen	contraindication	adrenocortical insufficiency
Phenylpropanolamine	contraindication	Addison disease
Phenylpropanolamine	contraindication	chronic primary adrenal insufficiency
Phenylpropanolamine	contraindication	adrenal insufficiency
Phenylpropanolamine	contraindication	familial adrenal hypoplasia with absent pituitary luteinizing hormone
Phenylpropanolamine	contraindication	familial glucocorticoid deficiency
Phenylpropanolamine	contraindication	X-linked adrenal hypoplasia congenita
Phenylpropanolamine	contraindication	inherited isolated adrenal insufficiency due to partial CYP11A1 deficiency
Phenylpropanolamine	contraindication	congenital adrenal hyperplasia
Phenylpropanolamine	contraindication	adrenocortical insufficiency
Sulfamethizole	contraindication	Addison disease
Sulfamethizole	contraindication	chronic primary adrenal insufficiency
Sulfamethizole	contraindication	adrenal insufficiency
Sulfamethizole	contraindication	familial adrenal hypoplasia with absent pituitary luteinizing hormone
Sulfamethizole	contraindication	familial glucocorticoid deficiency
Sulfamethizole	contraindication	X-linked adrenal hypoplasia congenita
Sulfamethizole	contraindication	inherited isolated adrenal insufficiency due to partial CYP11A1 deficiency
Sulfamethizole	contraindication	congenital adrenal hyperplasia
Sulfamethizole	contraindication	adrenocortical insufficiency
Repaglinide	contraindication	chronic primary adrenal insufficiency
Repaglinide	contraindication	familial adrenal hypoplasia with absent pituitary luteinizing hormone
Repaglinide	contraindication	familial glucocorticoid deficiency
Repaglinide	contraindication	X-linked adrenal hypoplasia congenita
Repaglinide	contraindication	inherited isolated adrenal insufficiency due to partial CYP11A1 deficiency
Repaglinide	contraindication	congenital adrenal hyperplasia
Chlorpheniramine	contraindication	Addison disease
Chlorpheniramine	contraindication	chronic primary adrenal insufficiency
Chlorpheniramine	contraindication	adrenal insufficiency
Chlorpheniramine	contraindication	familial adrenal hypoplasia with absent pituitary luteinizing hormone
Chlorpheniramine	contraindication	familial glucocorticoid deficiency
Chlorpheniramine	contraindication	X-linked adrenal hypoplasia congenita
Chlorpheniramine	contraindication	inherited isolated adrenal insufficiency due to partial CYP11A1 deficiency
Chlorpheniramine	contraindication	congenital adrenal hyperplasia
Chlorpheniramine	contraindication	adrenocortical insufficiency
Dexbrompheniramine	contraindication	Addison disease
Dexbrompheniramine	contraindication	chronic primary adrenal insufficiency
Dexbrompheniramine	contraindication	adrenal insufficiency
Dexbrompheniramine	contraindication	familial adrenal hypoplasia with absent pituitary luteinizing hormone
Dexbrompheniramine	contraindication	familial glucocorticoid deficiency
Dexbrompheniramine	contraindication	X-linked adrenal hypoplasia congenita
Dexbrompheniramine	contraindication	inherited isolated adrenal insufficiency due to partial CYP11A1 deficiency
Dexbrompheniramine	contraindication	congenital adrenal hyperplasia
Dexbrompheniramine	contraindication	adrenocortical insufficiency
Magnesium oxide	contraindication	Addison disease
Magnesium oxide	contraindication	chronic primary adrenal insufficiency
Magnesium oxide	contraindication	adrenal insufficiency
Magnesium oxide	contraindication	familial adrenal hypoplasia with absent pituitary luteinizing hormone
Magnesium oxide	contraindication	familial glucocorticoid deficiency
Magnesium oxide	contraindication	X-linked adrenal hypoplasia congenita
Magnesium oxide	contraindication	inherited isolated adrenal insufficiency due to partial CYP11A1 deficiency
Magnesium oxide	contraindication	congenital adrenal hyperplasia
Magnesium oxide	contraindication	adrenocortical insufficiency
Dextromethorphan	contraindication	chronic primary adrenal insufficiency
Dextromethorphan	contraindication	adrenal insufficiency
Dextromethorphan	contraindication	familial adrenal hypoplasia with absent pituitary luteinizing hormone
Dextromethorphan	contraindication	familial glucocorticoid deficiency
Dextromethorphan	contraindication	X-linked adrenal hypoplasia congenita
Dextromethorphan	contraindication	inherited isolated adrenal insufficiency due to partial CYP11A1 deficiency
Dextromethorphan	contraindication	congenital adrenal hyperplasia
Hydrocodone	contraindication	Addison disease
Hydrocodone	contraindication	chronic primary adrenal insufficiency
Hydrocodone	contraindication	adrenal insufficiency
Hydrocodone	contraindication	familial adrenal hypoplasia with absent pituitary luteinizing hormone
Hydrocodone	contraindication	familial glucocorticoid deficiency
Hydrocodone	contraindication	X-linked adrenal hypoplasia congenita
Hydrocodone	contraindication	inherited isolated adrenal insufficiency due to partial CYP11A1 deficiency
Hydrocodone	contraindication	congenital adrenal hyperplasia
Hydrocodone	contraindication	adrenocortical insufficiency
Dihydrocodeine	contraindication	Addison disease
Dihydrocodeine	contraindication	chronic primary adrenal insufficiency
Dihydrocodeine	contraindication	adrenal insufficiency
Dihydrocodeine	contraindication	familial adrenal hypoplasia with absent pituitary luteinizing hormone
Dihydrocodeine	contraindication	familial glucocorticoid deficiency
Dihydrocodeine	contraindication	X-linked adrenal hypoplasia congenita
Dihydrocodeine	contraindication	inherited isolated adrenal insufficiency due to partial CYP11A1 deficiency
Dihydrocodeine	contraindication	congenital adrenal hyperplasia
Dihydrocodeine	contraindication	adrenocortical insufficiency
Diclofenamide	contraindication	Addison disease
Diclofenamide	contraindication	chronic primary adrenal insufficiency
Diclofenamide	contraindication	adrenal insufficiency
Diclofenamide	contraindication	familial adrenal hypoplasia with absent pituitary luteinizing hormone
Diclofenamide	contraindication	familial glucocorticoid deficiency
Diclofenamide	contraindication	X-linked adrenal hypoplasia congenita
Diclofenamide	contraindication	inherited isolated adrenal insufficiency due to partial CYP11A1 deficiency
Diclofenamide	contraindication	congenital adrenal hyperplasia
Diclofenamide	contraindication	adrenocortical insufficiency
Bromodiphenhydramine	contraindication	Addison disease
Bromodiphenhydramine	contraindication	chronic primary adrenal insufficiency
Bromodiphenhydramine	contraindication	adrenal insufficiency
Bromodiphenhydramine	contraindication	familial adrenal hypoplasia with absent pituitary luteinizing hormone
Bromodiphenhydramine	contraindication	familial glucocorticoid deficiency
Bromodiphenhydramine	contraindication	X-linked adrenal hypoplasia congenita
Bromodiphenhydramine	contraindication	inherited isolated adrenal insufficiency due to partial CYP11A1 deficiency
Bromodiphenhydramine	contraindication	congenital adrenal hyperplasia
Bromodiphenhydramine	contraindication	adrenocortical insufficiency
Tolazamide	contraindication	Addison disease
Tolazamide	contraindication	chronic primary adrenal insufficiency
Tolazamide	contraindication	adrenal insufficiency
Tolazamide	contraindication	familial adrenal hypoplasia with absent pituitary luteinizing hormone
Tolazamide	contraindication	familial glucocorticoid deficiency
Tolazamide	contraindication	X-linked adrenal hypoplasia congenita
Tolazamide	contraindication	inherited isolated adrenal insufficiency due to partial CYP11A1 deficiency
Tolazamide	contraindication	congenital adrenal hyperplasia
Tolazamide	contraindication	adrenocortical insufficiency
Pioglitazone	contraindication	chronic primary adrenal insufficiency
Pioglitazone	contraindication	adrenal insufficiency
Pioglitazone	contraindication	familial adrenal hypoplasia with absent pituitary luteinizing hormone
Pioglitazone	contraindication	familial glucocorticoid deficiency
Pioglitazone	contraindication	X-linked adrenal hypoplasia congenita
Pioglitazone	contraindication	inherited isolated adrenal insufficiency due to partial CYP11A1 deficiency
Pioglitazone	contraindication	congenital adrenal hyperplasia
Nateglinide	contraindication	Addison disease
Nateglinide	contraindication	chronic primary adrenal insufficiency
Nateglinide	contraindication	adrenal insufficiency
Nateglinide	contraindication	familial adrenal hypoplasia with absent pituitary luteinizing hormone
Nateglinide	contraindication	familial glucocorticoid deficiency
Nateglinide	contraindication	X-linked adrenal hypoplasia congenita
Nateglinide	contraindication	inherited isolated adrenal insufficiency due to partial CYP11A1 deficiency
Nateglinide	contraindication	congenital adrenal hyperplasia
Nateglinide	contraindication	adrenocortical insufficiency
Glyburide	contraindication	chronic primary adrenal insufficiency
Glyburide	contraindication	adrenal insufficiency
Glyburide	contraindication	familial adrenal hypoplasia with absent pituitary luteinizing hormone
Glyburide	contraindication	familial glucocorticoid deficiency
Glyburide	contraindication	X-linked adrenal hypoplasia congenita
Glyburide	contraindication	inherited isolated adrenal insufficiency due to partial CYP11A1 deficiency
Glyburide	contraindication	congenital adrenal hyperplasia
Dichlorophen	contraindication	type 1 diabetes mellitus
Dichlorophen	contraindication	IDDM 1
Dichlorophen	contraindication	diabetic ketoacidosis
Diethylpropion	contraindication	type 1 diabetes mellitus
Diethylpropion	contraindication	IDDM 1
Diethylpropion	contraindication	diabetic ketoacidosis
Chlorthalidone	contraindication	type 1 diabetes mellitus
Chlorthalidone	contraindication	IDDM 1
Chlorthalidone	contraindication	diabetic ketoacidosis
Phendimetrazine	contraindication	type 1 diabetes mellitus
Phendimetrazine	contraindication	IDDM 1
Phendimetrazine	contraindication	diabetic ketoacidosis
Acetazolamide	contraindication	type 1 diabetes mellitus
Acetazolamide	contraindication	IDDM 1
Acetazolamide	contraindication	diabetic ketoacidosis
Chlorothiazide	contraindication	type 1 diabetes mellitus
Chlorothiazide	contraindication	IDDM 1
Hydrochlorothiazide	contraindication	type 1 diabetes mellitus
Hydrochlorothiazide	contraindication	IDDM 1
Methazolamide	contraindication	type 1 diabetes mellitus
Methazolamide	contraindication	IDDM 1
Methazolamide	contraindication	diabetic ketoacidosis
Nicotine	contraindication	type 1 diabetes mellitus
Nicotine	contraindication	IDDM 1
Amcinonide	contraindication	type 1 diabetes mellitus
Amcinonide	contraindication	IDDM 1
Amcinonide	contraindication	diabetic ketoacidosis
Histamine	contraindication	type 1 diabetes mellitus
Histamine	contraindication	IDDM 1
Reserpine	contraindication	type 1 diabetes mellitus
Reserpine	contraindication	IDDM 1
Chlorphentermine	contraindication	type 1 diabetes mellitus
Chlorphentermine	contraindication	IDDM 1
Chlorphentermine	contraindication	diabetic ketoacidosis
Fenfluramine	contraindication	type 1 diabetes mellitus
Fenfluramine	contraindication	IDDM 1
Fenfluramine	contraindication	diabetic ketoacidosis
Clonidine	contraindication	type 1 diabetes mellitus
Clonidine	contraindication	IDDM 1
Clonidine	contraindication	diabetic ketoacidosis
Triamterene	contraindication	type 1 diabetes mellitus
Triamterene	contraindication	IDDM 1
Dexfenfluramine	contraindication	type 1 diabetes mellitus
Dexfenfluramine	contraindication	IDDM 1
Dexfenfluramine	contraindication	diabetic ketoacidosis
Halcinonide	contraindication	type 1 diabetes mellitus
Halcinonide	contraindication	IDDM 1
Halcinonide	contraindication	diabetic ketoacidosis
Atenolol	contraindication	type 1 diabetes mellitus
Atenolol	contraindication	IDDM 1
Atenolol	contraindication	diabetic ketoacidosis
Sulfamethizole	contraindication	type 1 diabetes mellitus
Sulfamethizole	contraindication	IDDM 1
Sulfamethizole	contraindication	diabetic ketoacidosis
Phenmetrazine	contraindication	type 1 diabetes mellitus
Phenmetrazine	contraindication	IDDM 1
Phenmetrazine	contraindication	diabetic ketoacidosis
Phentermine	contraindication	type 1 diabetes mellitus
Phentermine	contraindication	IDDM 1
Phentermine	contraindication	diabetic ketoacidosis
Diclofenamide	contraindication	type 1 diabetes mellitus
Diclofenamide	contraindication	IDDM 1
Diclofenamide	contraindication	diabetic ketoacidosis
Dichlorophen	contraindication	renal tubular acidosis
Acetazolamide	contraindication	renal tubular acidosis
Methazolamide	contraindication	renal tubular acidosis
Sulfamethizole	contraindication	renal tubular acidosis
Diclofenamide	contraindication	renal tubular acidosis
Tetracaine	contraindication	myasthenia gravis
Tetracaine	contraindication	adult-onset myasthenia gravis
Tetracaine	contraindication	neuromuscular junction disease
Guaifenesin	contraindication	myasthenia gravis
Guaifenesin	contraindication	adult-onset myasthenia gravis
Guaifenesin	contraindication	neuromuscular junction disease
Phenyltoloxamine	contraindication	myasthenia gravis
Phenyltoloxamine	contraindication	adult-onset myasthenia gravis
Phenyltoloxamine	contraindication	neuromuscular junction disease
Pseudoephedrine	contraindication	myasthenia gravis
Pseudoephedrine	contraindication	adult-onset myasthenia gravis
Pseudoephedrine	contraindication	neuromuscular junction disease
Trandolapril	contraindication	myasthenia gravis
Trandolapril	contraindication	adult-onset myasthenia gravis
Trandolapril	contraindication	neuromuscular junction disease
Homatropine	contraindication	myasthenia gravis
Homatropine	contraindication	adult-onset myasthenia gravis
Homatropine	contraindication	neuromuscular junction disease
Brompheniramine	contraindication	myasthenia gravis
Brompheniramine	contraindication	adult-onset myasthenia gravis
Brompheniramine	contraindication	neuromuscular junction disease
Pheniramine	contraindication	myasthenia gravis
Pheniramine	contraindication	adult-onset myasthenia gravis
Pheniramine	contraindication	neuromuscular junction disease
Benzatropine	contraindication	myasthenia gravis
Benzatropine	contraindication	adult-onset myasthenia gravis
Benzatropine	contraindication	neuromuscular junction disease
Ciprofloxacin	contraindication	myasthenia gravis
Ciprofloxacin	contraindication	adult-onset myasthenia gravis
Ciprofloxacin	contraindication	neuromuscular junction disease
Cinchocaine	contraindication	myasthenia gravis
Cinchocaine	contraindication	adult-onset myasthenia gravis
Cinchocaine	contraindication	neuromuscular junction disease
Perazine	contraindication	myasthenia gravis
Perazine	contraindication	adult-onset myasthenia gravis
Perazine	contraindication	neuromuscular junction disease
Azithromycin	contraindication	myasthenia gravis
Azithromycin	contraindication	adult-onset myasthenia gravis
Azithromycin	contraindication	neuromuscular junction disease
Orphenadrine	contraindication	myasthenia gravis
Orphenadrine	contraindication	adult-onset myasthenia gravis
Orphenadrine	contraindication	neuromuscular junction disease
Ofloxacin	contraindication	myasthenia gravis
Ofloxacin	contraindication	adult-onset myasthenia gravis
Ofloxacin	contraindication	neuromuscular junction disease
Clarithromycin	contraindication	myasthenia gravis
Clarithromycin	contraindication	adult-onset myasthenia gravis
Clarithromycin	contraindication	neuromuscular junction disease
Homatropine methylbromide	contraindication	myasthenia gravis
Homatropine methylbromide	contraindication	adult-onset myasthenia gravis
Homatropine methylbromide	contraindication	neuromuscular junction disease
Procyclidine	contraindication	myasthenia gravis
Procyclidine	contraindication	adult-onset myasthenia gravis
Procyclidine	contraindication	neuromuscular junction disease
Dicyclomine	contraindication	myasthenia gravis
Dicyclomine	contraindication	adult-onset myasthenia gravis
Dicyclomine	contraindication	neuromuscular junction disease
Thiopental	contraindication	myasthenia gravis
Thiopental	contraindication	adult-onset myasthenia gravis
Thiopental	contraindication	neuromuscular junction disease
Sodium phosphate, monobasic	contraindication	myasthenia gravis
Sodium phosphate, monobasic	contraindication	adult-onset myasthenia gravis
Sodium phosphate, monobasic	contraindication	neuromuscular junction disease
Isopropamide	contraindication	myasthenia gravis
Isopropamide	contraindication	adult-onset myasthenia gravis
Isopropamide	contraindication	neuromuscular junction disease
Potassium chloride	contraindication	myasthenia gravis
Potassium chloride	contraindication	adult-onset myasthenia gravis
Potassium chloride	contraindication	neuromuscular junction disease
Bendroflumethiazide	contraindication	myasthenia gravis
Bendroflumethiazide	contraindication	adult-onset myasthenia gravis
Bendroflumethiazide	contraindication	neuromuscular junction disease
Prilocaine	contraindication	myasthenia gravis
Prilocaine	contraindication	adult-onset myasthenia gravis
Prilocaine	contraindication	neuromuscular junction disease
Norfloxacin	contraindication	myasthenia gravis
Norfloxacin	contraindication	adult-onset myasthenia gravis
Norfloxacin	contraindication	neuromuscular junction disease
Clidinium	contraindication	myasthenia gravis
Clidinium	contraindication	adult-onset myasthenia gravis
Clidinium	contraindication	neuromuscular junction disease
Fusidic acid	contraindication	myasthenia gravis
Fusidic acid	contraindication	adult-onset myasthenia gravis
Fusidic acid	contraindication	neuromuscular junction disease
Bisoprolol	contraindication	myasthenia gravis
Bisoprolol	contraindication	adult-onset myasthenia gravis
Bisoprolol	contraindication	neuromuscular junction disease
Benzoic acid	contraindication	myasthenia gravis
Benzoic acid	contraindication	adult-onset myasthenia gravis
Benzoic acid	contraindication	neuromuscular junction disease
Betaxolol	contraindication	myasthenia gravis
Betaxolol	contraindication	adult-onset myasthenia gravis
Betaxolol	contraindication	neuromuscular junction disease
Methylene blue	contraindication	myasthenia gravis
Methylene blue	contraindication	adult-onset myasthenia gravis
Methylene blue	contraindication	neuromuscular junction disease
Brimonidine	contraindication	myasthenia gravis
Brimonidine	contraindication	adult-onset myasthenia gravis
Brimonidine	contraindication	neuromuscular junction disease
Phenylephrine	contraindication	myasthenia gravis
Phenylephrine	contraindication	adult-onset myasthenia gravis
Phenylephrine	contraindication	neuromuscular junction disease
Kanamycin	contraindication	myasthenia gravis
Kanamycin	contraindication	adult-onset myasthenia gravis
Kanamycin	contraindication	neuromuscular junction disease
Chlorothiazide	contraindication	myasthenia gravis
Chlorothiazide	contraindication	adult-onset myasthenia gravis
Chlorothiazide	contraindication	neuromuscular junction disease
Hydrochlorothiazide	contraindication	myasthenia gravis
Hydrochlorothiazide	contraindication	adult-onset myasthenia gravis
Hydrochlorothiazide	contraindication	neuromuscular junction disease
Prochlorperazine	contraindication	myasthenia gravis
Prochlorperazine	contraindication	adult-onset myasthenia gravis
Prochlorperazine	contraindication	neuromuscular junction disease
Chlordiazepoxide	contraindication	myasthenia gravis
Chlordiazepoxide	contraindication	adult-onset myasthenia gravis
Chlordiazepoxide	contraindication	neuromuscular junction disease
Caffeine	contraindication	myasthenia gravis
Caffeine	contraindication	adult-onset myasthenia gravis
Caffeine	contraindication	neuromuscular junction disease
Streptomycin	contraindication	myasthenia gravis
Streptomycin	contraindication	adult-onset myasthenia gravis
Streptomycin	contraindication	neuromuscular junction disease
Morphine	contraindication	myasthenia gravis
Morphine	contraindication	adult-onset myasthenia gravis
Morphine	contraindication	neuromuscular junction disease
Oxybutynin	contraindication	myasthenia gravis
Oxybutynin	contraindication	adult-onset myasthenia gravis
Oxybutynin	contraindication	neuromuscular junction disease
Quinidine	contraindication	myasthenia gravis
Quinidine	contraindication	adult-onset myasthenia gravis
Quinidine	contraindication	neuromuscular junction disease
Propafenone	contraindication	myasthenia gravis
Propafenone	contraindication	adult-onset myasthenia gravis
Propafenone	contraindication	neuromuscular junction disease
Propranolol	contraindication	myasthenia gravis
Propranolol	contraindication	adult-onset myasthenia gravis
Propranolol	contraindication	neuromuscular junction disease
Penicillamine	contraindication	myasthenia gravis
Penicillamine	contraindication	adult-onset myasthenia gravis
Penicillamine	contraindication	neuromuscular junction disease
Verapamil	contraindication	myasthenia gravis
Verapamil	contraindication	adult-onset myasthenia gravis
Verapamil	contraindication	neuromuscular junction disease
Carteolol	contraindication	myasthenia gravis
Carteolol	contraindication	adult-onset myasthenia gravis
Carteolol	contraindication	neuromuscular junction disease
Biperiden	contraindication	myasthenia gravis
Biperiden	contraindication	adult-onset myasthenia gravis
Biperiden	contraindication	neuromuscular junction disease
Metoprolol	contraindication	myasthenia gravis
Metoprolol	contraindication	adult-onset myasthenia gravis
Metoprolol	contraindication	neuromuscular junction disease
Epinephrine	contraindication	myasthenia gravis
Epinephrine	contraindication	adult-onset myasthenia gravis
Epinephrine	contraindication	neuromuscular junction disease
Scopolamine	contraindication	myasthenia gravis
Scopolamine	contraindication	adult-onset myasthenia gravis
Scopolamine	contraindication	neuromuscular junction disease
Phenobarbital	contraindication	myasthenia gravis
Phenobarbital	contraindication	adult-onset myasthenia gravis
Phenobarbital	contraindication	neuromuscular junction disease
Cortisone acetate	contraindication	myasthenia gravis
Cortisone acetate	contraindication	adult-onset myasthenia gravis
Cortisone acetate	contraindication	neuromuscular junction disease
Carbinoxamine	contraindication	myasthenia gravis
Carbinoxamine	contraindication	adult-onset myasthenia gravis
Carbinoxamine	contraindication	neuromuscular junction disease
Levobunolol	contraindication	myasthenia gravis
Levobunolol	contraindication	adult-onset myasthenia gravis
Levobunolol	contraindication	neuromuscular junction disease
Diazepam	contraindication	myasthenia gravis
Diazepam	contraindication	adult-onset myasthenia gravis
Diazepam	contraindication	neuromuscular junction disease
Nadolol	contraindication	myasthenia gravis
Nadolol	contraindication	adult-onset myasthenia gravis
Nadolol	contraindication	neuromuscular junction disease
Bupivacaine	contraindication	myasthenia gravis
Bupivacaine	contraindication	adult-onset myasthenia gravis
Bupivacaine	contraindication	neuromuscular junction disease
Penbutolol	contraindication	myasthenia gravis
Penbutolol	contraindication	adult-onset myasthenia gravis
Penbutolol	contraindication	neuromuscular junction disease
Acebutolol	contraindication	myasthenia gravis
Acebutolol	contraindication	adult-onset myasthenia gravis
Acebutolol	contraindication	neuromuscular junction disease
Amikacin	contraindication	myasthenia gravis
Amikacin	contraindication	adult-onset myasthenia gravis
Amikacin	contraindication	neuromuscular junction disease
Paclitaxel	contraindication	myasthenia gravis
Paclitaxel	contraindication	adult-onset myasthenia gravis
Paclitaxel	contraindication	neuromuscular junction disease
Tobramycin	contraindication	myasthenia gravis
Tobramycin	contraindication	adult-onset myasthenia gravis
Tobramycin	contraindication	neuromuscular junction disease
Ephedrine	contraindication	myasthenia gravis
Ephedrine	contraindication	adult-onset myasthenia gravis
Ephedrine	contraindication	neuromuscular junction disease
Propantheline	contraindication	myasthenia gravis
Propantheline	contraindication	adult-onset myasthenia gravis
Propantheline	contraindication	neuromuscular junction disease
Ethyl loflazepate	contraindication	myasthenia gravis
Ethyl loflazepate	contraindication	adult-onset myasthenia gravis
Ethyl loflazepate	contraindication	neuromuscular junction disease
Triazolam	contraindication	myasthenia gravis
Triazolam	contraindication	adult-onset myasthenia gravis
Triazolam	contraindication	neuromuscular junction disease
Difenoxin	contraindication	myasthenia gravis
Difenoxin	contraindication	adult-onset myasthenia gravis
Difenoxin	contraindication	neuromuscular junction disease
Fesoterodine	contraindication	myasthenia gravis
Fesoterodine	contraindication	adult-onset myasthenia gravis
Fesoterodine	contraindication	neuromuscular junction disease
Timolol	contraindication	myasthenia gravis
Timolol	contraindication	adult-onset myasthenia gravis
Timolol	contraindication	neuromuscular junction disease
Amoxicillin	contraindication	myasthenia gravis
Amoxicillin	contraindication	adult-onset myasthenia gravis
Amoxicillin	contraindication	neuromuscular junction disease
Mepenzolate	contraindication	myasthenia gravis
Mepenzolate	contraindication	adult-onset myasthenia gravis
Mepenzolate	contraindication	neuromuscular junction disease
Dexchlorpheniramine	contraindication	myasthenia gravis
Dexchlorpheniramine	contraindication	adult-onset myasthenia gravis
Dexchlorpheniramine	contraindication	neuromuscular junction disease
Metipranolol	contraindication	myasthenia gravis
Metipranolol	contraindication	adult-onset myasthenia gravis
Metipranolol	contraindication	neuromuscular junction disease
Tiopronin	contraindication	myasthenia gravis
Tiopronin	contraindication	adult-onset myasthenia gravis
Tiopronin	contraindication	neuromuscular junction disease
Telithromycin	contraindication	myasthenia gravis
Telithromycin	contraindication	adult-onset myasthenia gravis
Telithromycin	contraindication	neuromuscular junction disease
Gemifloxacin	contraindication	myasthenia gravis
Gemifloxacin	contraindication	adult-onset myasthenia gravis
Gemifloxacin	contraindication	neuromuscular junction disease
Moxifloxacin	contraindication	myasthenia gravis
Moxifloxacin	contraindication	adult-onset myasthenia gravis
Moxifloxacin	contraindication	neuromuscular junction disease
Butacaine	contraindication	myasthenia gravis
Butacaine	contraindication	adult-onset myasthenia gravis
Butacaine	contraindication	neuromuscular junction disease
Trihexyphenidyl	contraindication	myasthenia gravis
Trihexyphenidyl	contraindication	adult-onset myasthenia gravis
Trihexyphenidyl	contraindication	neuromuscular junction disease
Bacitracin	contraindication	myasthenia gravis
Bacitracin	contraindication	adult-onset myasthenia gravis
Bacitracin	contraindication	neuromuscular junction disease
Pindolol	contraindication	myasthenia gravis
Pindolol	contraindication	adult-onset myasthenia gravis
Pindolol	contraindication	neuromuscular junction disease
Darifenacin	contraindication	myasthenia gravis
Darifenacin	contraindication	adult-onset myasthenia gravis
Darifenacin	contraindication	neuromuscular junction disease
Methscopolamine	contraindication	myasthenia gravis
Methscopolamine	contraindication	adult-onset myasthenia gravis
Methscopolamine	contraindication	neuromuscular junction disease
Chlorpheniramine	contraindication	myasthenia gravis
Chlorpheniramine	contraindication	adult-onset myasthenia gravis
Chlorpheniramine	contraindication	neuromuscular junction disease
Quinine	contraindication	myasthenia gravis
Quinine	contraindication	adult-onset myasthenia gravis
Quinine	contraindication	neuromuscular junction disease
Sulfisoxazole	contraindication	myasthenia gravis
Sulfisoxazole	contraindication	adult-onset myasthenia gravis
Sulfisoxazole	contraindication	neuromuscular junction disease
Dextromethorphan	contraindication	myasthenia gravis
Dextromethorphan	contraindication	adult-onset myasthenia gravis
Dextromethorphan	contraindication	neuromuscular junction disease
Butabarbital	contraindication	myasthenia gravis
Butabarbital	contraindication	adult-onset myasthenia gravis
Butabarbital	contraindication	neuromuscular junction disease
Hydrocodone	contraindication	myasthenia gravis
Hydrocodone	contraindication	adult-onset myasthenia gravis
Hydrocodone	contraindication	neuromuscular junction disease
Tolterodine	contraindication	myasthenia gravis
Tolterodine	contraindication	adult-onset myasthenia gravis
Tolterodine	contraindication	neuromuscular junction disease
Dorzolamide	contraindication	myasthenia gravis
Dorzolamide	contraindication	adult-onset myasthenia gravis
Dorzolamide	contraindication	neuromuscular junction disease
Erythromycin	contraindication	myasthenia gravis
Erythromycin	contraindication	adult-onset myasthenia gravis
Erythromycin	contraindication	neuromuscular junction disease
Ergotamine	contraindication	myasthenia gravis
Ergotamine	contraindication	adult-onset myasthenia gravis
Ergotamine	contraindication	neuromuscular junction disease
Colistin	contraindication	myasthenia gravis
Colistin	contraindication	adult-onset myasthenia gravis
Colistin	contraindication	neuromuscular junction disease
Lansoprazole	contraindication	myasthenia gravis
Lansoprazole	contraindication	adult-onset myasthenia gravis
Lansoprazole	contraindication	neuromuscular junction disease
Hyoscyamine	contraindication	myasthenia gravis
Hyoscyamine	contraindication	adult-onset myasthenia gravis
Hyoscyamine	contraindication	neuromuscular junction disease
Levofloxacin	contraindication	myasthenia gravis
Levofloxacin	contraindication	adult-onset myasthenia gravis
Levofloxacin	contraindication	neuromuscular junction disease
Calcium chloride	contraindication	myasthenia gravis
Calcium chloride	contraindication	adult-onset myasthenia gravis
Calcium chloride	contraindication	neuromuscular junction disease
Methenamine	contraindication	myasthenia gravis
Methenamine	contraindication	adult-onset myasthenia gravis
Methenamine	contraindication	neuromuscular junction disease
Clomipramine	contraindication	malignant hyperthermia of anesthesia
Clomipramine	contraindication	exercise-induced malignant hyperthermia
Vinblastine	contraindication	lung disease
Vinblastine	contraindication	obsolete rare pulmonary disease
Treprostinil	contraindication	lung disease
Treprostinil	contraindication	obsolete rare pulmonary disease
Pentobarbital	contraindication	lung disease
Pentobarbital	contraindication	obsolete rare pulmonary disease
Secobarbital	contraindication	lung disease
Secobarbital	contraindication	obsolete rare pulmonary disease
Alprostadil	contraindication	lung disease
Alprostadil	contraindication	obsolete rare pulmonary disease
Dantrolene	contraindication	lung disease
Dantrolene	contraindication	obsolete rare pulmonary disease
Vinorelbine	contraindication	lung disease
Vinorelbine	contraindication	obsolete rare pulmonary disease
Clidinium	contraindication	lung disease
Clidinium	contraindication	obsolete rare pulmonary disease
Oxazepam	contraindication	lung disease
Oxazepam	contraindication	obsolete rare pulmonary disease
Levodopa	contraindication	lung disease
Levodopa	contraindication	obsolete rare pulmonary disease
Chlordiazepoxide	contraindication	lung disease
Chlordiazepoxide	contraindication	obsolete rare pulmonary disease
Amobarbital	contraindication	lung disease
Amobarbital	contraindication	obsolete rare pulmonary disease
Dinoprost	contraindication	lung disease
Dinoprost	contraindication	obsolete rare pulmonary disease
Scopolamine	contraindication	lung disease
Scopolamine	contraindication	obsolete rare pulmonary disease
Amitriptyline	contraindication	lung disease
Amitriptyline	contraindication	obsolete rare pulmonary disease
Diazepam	contraindication	lung disease
Diazepam	contraindication	obsolete rare pulmonary disease
Quazepam	contraindication	lung disease
Quazepam	contraindication	obsolete rare pulmonary disease
Dinoprostone	contraindication	lung disease
Dinoprostone	contraindication	obsolete rare pulmonary disease
Prazepam	contraindication	lung disease
Prazepam	contraindication	obsolete rare pulmonary disease
Carbidopa	contraindication	lung disease
Carbidopa	contraindication	obsolete rare pulmonary disease
Flurazepam	contraindication	lung disease
Flurazepam	contraindication	obsolete rare pulmonary disease
Fingolimod	contraindication	lung disease
Fingolimod	contraindication	obsolete rare pulmonary disease
Carmustine	contraindication	lung disease
Carmustine	contraindication	obsolete rare pulmonary disease
Methscopolamine	contraindication	lung disease
Methscopolamine	contraindication	obsolete rare pulmonary disease
Entacapone	contraindication	lung disease
Entacapone	contraindication	obsolete rare pulmonary disease
Orlistat	contraindication	anorexia nervosa
Medroxyprogesterone acetate	contraindication	anorexia nervosa
Benzoic acid	contraindication	anorexia nervosa
Progesterone	contraindication	anorexia nervosa
Fluoxetine	contraindication	anorexia nervosa
Metamfetamine	contraindication	anorexia nervosa
Dextroamphetamine	contraindication	anorexia nervosa
Estradiol	contraindication	anorexia nervosa
Isotretinoin	contraindication	anorexia nervosa
Bupropion	contraindication	anorexia nervosa
Estradiol cypionate	contraindication	anorexia nervosa
Tretinoin	contraindication	anorexia nervosa
Amphetamine	contraindication	anorexia nervosa
Aminobenzoic acid	contraindication	anorexia nervosa
Olanzapine	contraindication	anorexia nervosa
Butabarbital	contraindication	anorexia nervosa
Rivastigmine	contraindication	anorexia nervosa
Dofetilide	contraindication	anorexia nervosa
Methylphenidate	contraindication	anorexia nervosa
Sibutramine	contraindication	anorexia nervosa
Orlistat	contraindication	bulimia nervosa
Bupropion	contraindication	bulimia nervosa
Sibutramine	contraindication	bulimia nervosa
Orlistat	contraindication	vitamin deficiency disorder
Orlistat	contraindication	cholestasis
Orlistat	contraindication	benign recurrent intrahepatic cholestasis
Orlistat	contraindication	familial intrahepatic cholestasis
Amlodipine	contraindication	cholestasis
Amlodipine	contraindication	benign recurrent intrahepatic cholestasis
Amlodipine	contraindication	familial intrahepatic cholestasis
Riboflavin	contraindication	cholestasis
Riboflavin	contraindication	benign recurrent intrahepatic cholestasis
Riboflavin	contraindication	familial intrahepatic cholestasis
Clarithromycin	contraindication	cholestasis
Clarithromycin	contraindication	benign recurrent intrahepatic cholestasis
Clarithromycin	contraindication	familial intrahepatic cholestasis
Warfarin	contraindication	cholestasis
Warfarin	contraindication	benign recurrent intrahepatic cholestasis
Warfarin	contraindication	familial intrahepatic cholestasis
Cholic Acid	contraindication	cholestasis
Cholic Acid	contraindication	benign recurrent intrahepatic cholestasis
Cholic Acid	contraindication	familial intrahepatic cholestasis
Apraclonidine	contraindication	cholestasis
Apraclonidine	contraindication	benign recurrent intrahepatic cholestasis
Apraclonidine	contraindication	familial intrahepatic cholestasis
Dicoumarol	contraindication	cholestasis
Dicoumarol	contraindication	benign recurrent intrahepatic cholestasis
Dicoumarol	contraindication	familial intrahepatic cholestasis
Levodopa	contraindication	cholestasis
Levodopa	contraindication	benign recurrent intrahepatic cholestasis
Levodopa	contraindication	familial intrahepatic cholestasis
Clavulanic acid	contraindication	cholestasis
Clavulanic acid	contraindication	benign recurrent intrahepatic cholestasis
Clavulanic acid	contraindication	familial intrahepatic cholestasis
Chlorothiazide	contraindication	cholestasis
Chlorothiazide	contraindication	benign recurrent intrahepatic cholestasis
Chlorothiazide	contraindication	familial intrahepatic cholestasis
Hydrochlorothiazide	contraindication	cholestasis
Hydrochlorothiazide	contraindication	benign recurrent intrahepatic cholestasis
Hydrochlorothiazide	contraindication	familial intrahepatic cholestasis
Vincristine	contraindication	cholestasis
Vincristine	contraindication	benign recurrent intrahepatic cholestasis
Vincristine	contraindication	familial intrahepatic cholestasis
Mercaptopurine	contraindication	cholestasis
Mercaptopurine	contraindication	benign recurrent intrahepatic cholestasis
Mercaptopurine	contraindication	familial intrahepatic cholestasis
Chenodeoxycholic acid	contraindication	cholestasis
Chenodeoxycholic acid	contraindication	benign recurrent intrahepatic cholestasis
Chenodeoxycholic acid	contraindication	familial intrahepatic cholestasis
Carbidopa	contraindication	cholestasis
Carbidopa	contraindication	benign recurrent intrahepatic cholestasis
Carbidopa	contraindication	familial intrahepatic cholestasis
Amoxicillin	contraindication	cholestasis
Amoxicillin	contraindication	benign recurrent intrahepatic cholestasis
Amoxicillin	contraindication	familial intrahepatic cholestasis
Aliskiren	contraindication	cholestasis
Aliskiren	contraindication	benign recurrent intrahepatic cholestasis
Aliskiren	contraindication	familial intrahepatic cholestasis
Tioguanine	contraindication	cholestasis
Tioguanine	contraindication	benign recurrent intrahepatic cholestasis
Tioguanine	contraindication	familial intrahepatic cholestasis
Telmisartan	contraindication	cholestasis
Telmisartan	contraindication	benign recurrent intrahepatic cholestasis
Telmisartan	contraindication	familial intrahepatic cholestasis
Valsartan	contraindication	cholestasis
Valsartan	contraindication	benign recurrent intrahepatic cholestasis
Valsartan	contraindication	familial intrahepatic cholestasis
Entacapone	contraindication	cholestasis
Entacapone	contraindication	benign recurrent intrahepatic cholestasis
Entacapone	contraindication	familial intrahepatic cholestasis
Lansoprazole	contraindication	cholestasis
Lansoprazole	contraindication	benign recurrent intrahepatic cholestasis
Lansoprazole	contraindication	familial intrahepatic cholestasis
Neostigmine	contraindication	peritonitis
Benzocaine	contraindication	cardiovascular disease
Benzocaine	contraindication	heart disease
Venlafaxine	contraindication	cardiovascular disease
Venlafaxine	contraindication	heart disease
Desvenlafaxine	contraindication	cardiovascular disease
Desvenlafaxine	contraindication	heart disease
Milnacipran	contraindication	cardiovascular disease
Milnacipran	contraindication	heart disease
Phenyltoloxamine	contraindication	cardiovascular disease
Phenyltoloxamine	contraindication	heart disease
Mepyramine	contraindication	cardiovascular disease
Mepyramine	contraindication	heart disease
Antazoline	contraindication	cardiovascular disease
Antazoline	contraindication	heart disease
Pseudoephedrine	contraindication	cardiovascular disease
Pseudoephedrine	contraindication	heart disease
Guaiacol	contraindication	cardiovascular disease
Guaiacol	contraindication	heart disease
Racementhol	contraindication	cardiovascular disease
Racementhol	contraindication	heart disease
Brompheniramine	contraindication	cardiovascular disease
Brompheniramine	contraindication	heart disease
Cinchocaine	contraindication	cardiovascular disease
Cinchocaine	contraindication	heart disease
Tetryzoline	contraindication	cardiovascular disease
Tetryzoline	contraindication	heart disease
Nefazodone	contraindication	cardiovascular disease
Nefazodone	contraindication	heart disease
Tromethamine	contraindication	cardiovascular disease
Tromethamine	contraindication	heart disease
Pentoxyverine	contraindication	cardiovascular disease
Pentoxyverine	contraindication	heart disease
Potassium Iodide	contraindication	cardiovascular disease
Potassium Iodide	contraindication	heart disease
Codeine	contraindication	cardiovascular disease
Codeine	contraindication	heart disease
Sodium phosphate, monobasic	contraindication	cardiovascular disease
Sodium phosphate, monobasic	contraindication	heart disease
Ketorolac	contraindication	cardiovascular disease
Ketorolac	contraindication	heart disease
Trimipramine	contraindication	cardiovascular disease
Trimipramine	contraindication	heart disease
Prilocaine	contraindication	cardiovascular disease
Prilocaine	contraindication	heart disease
Meloxicam	contraindication	cardiovascular disease
Meloxicam	contraindication	heart disease
Liothyronine	contraindication	cardiovascular disease
Liothyronine	contraindication	heart disease
Hydroxyzine	contraindication	cardiovascular disease
Hydroxyzine	contraindication	heart disease
Benzoic acid	contraindication	cardiovascular disease
Benzoic acid	contraindication	heart disease
Salicylamide	contraindication	cardiovascular disease
Salicylamide	contraindication	heart disease
Choline magnesium trisalicylate	contraindication	cardiovascular disease
Choline magnesium trisalicylate	contraindication	heart disease
Meclofenamic acid	contraindication	cardiovascular disease
Meclofenamic acid	contraindication	heart disease
Phendimetrazine	contraindication	cardiovascular disease
Phendimetrazine	contraindication	heart disease
Methylene blue	contraindication	cardiovascular disease
Methylene blue	contraindication	heart disease
Isocarboxazid	contraindication	cardiovascular disease
Isocarboxazid	contraindication	heart disease
Theophylline	contraindication	cardiovascular disease
Theophylline	contraindication	heart disease
Caffeine	contraindication	cardiovascular disease
Caffeine	contraindication	heart disease
Physostigmine	contraindication	cardiovascular disease
Physostigmine	contraindication	heart disease
Salsalate	contraindication	cardiovascular disease
Salsalate	contraindication	heart disease
Dinoprost	contraindication	cardiovascular disease
Dinoprost	contraindication	heart disease
Metamfetamine	contraindication	cardiovascular disease
Metamfetamine	contraindication	heart disease
Indomethacin	contraindication	cardiovascular disease
Indomethacin	contraindication	heart disease
Flurbiprofen	contraindication	cardiovascular disease
Flurbiprofen	contraindication	heart disease
Phenelzine	contraindication	cardiovascular disease
Phenelzine	contraindication	heart disease
Dextroamphetamine	contraindication	cardiovascular disease
Dextroamphetamine	contraindication	heart disease
Levothyroxine	contraindication	cardiovascular disease
Levothyroxine	contraindication	heart disease
Histamine	contraindication	cardiovascular disease
Histamine	contraindication	heart disease
Epinephrine	contraindication	cardiovascular disease
Epinephrine	contraindication	heart disease
Imipramine	contraindication	cardiovascular disease
Imipramine	contraindication	heart disease
Carbinoxamine	contraindication	cardiovascular disease
Carbinoxamine	contraindication	heart disease
Isotretinoin	contraindication	cardiovascular disease
Isotretinoin	contraindication	heart disease
Chlorphentermine	contraindication	cardiovascular disease
Chlorphentermine	contraindication	heart disease
Nabumetone	contraindication	cardiovascular disease
Nabumetone	contraindication	heart disease
Etodolac	contraindication	cardiovascular disease
Etodolac	contraindication	heart disease
Capsaicin	contraindication	cardiovascular disease
Capsaicin	contraindication	heart disease
Bupivacaine	contraindication	cardiovascular disease
Bupivacaine	contraindication	heart disease
Minoxidil	contraindication	cardiovascular disease
Minoxidil	contraindication	heart disease
Sulindac	contraindication	cardiovascular disease
Sulindac	contraindication	heart disease
Piroxicam	contraindication	cardiovascular disease
Piroxicam	contraindication	heart disease
Dinoprostone	contraindication	cardiovascular disease
Dinoprostone	contraindication	heart disease
Thiothixene	contraindication	cardiovascular disease
Thiothixene	contraindication	heart disease
Tretinoin	contraindication	cardiovascular disease
Tretinoin	contraindication	heart disease
Amphetamine	contraindication	cardiovascular disease
Amphetamine	contraindication	heart disease
Fenoprofen	contraindication	cardiovascular disease
Fenoprofen	contraindication	heart disease
Tolmetin	contraindication	cardiovascular disease
Tolmetin	contraindication	heart disease
Dexchlorpheniramine	contraindication	cardiovascular disease
Dexchlorpheniramine	contraindication	heart disease
Polyethylene glycol	contraindication	cardiovascular disease
Polyethylene glycol	contraindication	heart disease
Polyethylene glycol 400	contraindication	cardiovascular disease
Polyethylene glycol 400	contraindication	heart disease
Polyethylene glycol 300	contraindication	cardiovascular disease
Polyethylene glycol 300	contraindication	heart disease
Polyethylene glycol 3500	contraindication	cardiovascular disease
Polyethylene glycol 3500	contraindication	heart disease
Diflunisal	contraindication	cardiovascular disease
Diflunisal	contraindication	heart disease
Naproxen	contraindication	cardiovascular disease
Naproxen	contraindication	heart disease
Ketoprofen	contraindication	cardiovascular disease
Ketoprofen	contraindication	heart disease
Oxaprozin	contraindication	cardiovascular disease
Oxaprozin	contraindication	heart disease
Loxapine	contraindication	cardiovascular disease
Loxapine	contraindication	heart disease
Bremelanotide	contraindication	cardiovascular disease
Bremelanotide	contraindication	heart disease
Magnesium salicylate	contraindication	cardiovascular disease
Magnesium salicylate	contraindication	heart disease
Bortezomib	contraindication	cardiovascular disease
Bortezomib	contraindication	heart disease
Celecoxib	contraindication	cardiovascular disease
Celecoxib	contraindication	heart disease
Benzphetamine	contraindication	cardiovascular disease
Benzphetamine	contraindication	heart disease
Tranylcypromine	contraindication	cardiovascular disease
Tranylcypromine	contraindication	heart disease
Diclofenac	contraindication	cardiovascular disease
Diclofenac	contraindication	heart disease
Amoxapine	contraindication	cardiovascular disease
Amoxapine	contraindication	heart disease
Lidocaine	contraindication	cardiovascular disease
Lidocaine	contraindication	heart disease
Chlorpheniramine	contraindication	cardiovascular disease
Chlorpheniramine	contraindication	heart disease
Dextromethorphan	contraindication	cardiovascular disease
Dextromethorphan	contraindication	heart disease
Butabarbital	contraindication	cardiovascular disease
Butabarbital	contraindication	heart disease
Phentermine	contraindication	cardiovascular disease
Phentermine	contraindication	heart disease
Chlorprothixene	contraindication	cardiovascular disease
Chlorprothixene	contraindication	heart disease
Sibutramine	contraindication	cardiovascular disease
Sibutramine	contraindication	heart disease
Risperidone	contraindication	cardiovascular disease
Risperidone	contraindication	heart disease
Sumatriptan	contraindication	cardiovascular disease
Sumatriptan	contraindication	heart disease
Lansoprazole	contraindication	cardiovascular disease
Lansoprazole	contraindication	heart disease
Maprotiline	contraindication	cardiovascular disease
Maprotiline	contraindication	heart disease
Hyoscyamine	contraindication	cardiovascular disease
Hyoscyamine	contraindication	heart disease
Methenamine	contraindication	cardiovascular disease
Methenamine	contraindication	heart disease
Atomoxetine	contraindication	adrenal gland pheochromocytoma
Atomoxetine	contraindication	phaeochromocytoma
Atomoxetine	contraindication	duodenum cancer
Atomoxetine	contraindication	small intestine cancer
Atomoxetine	contraindication	heart cancer
Atomoxetine	contraindication	adrenal gland cancer
Atomoxetine	contraindication	sympathetic paraganglioma
Bisoprolol	contraindication	adrenal gland pheochromocytoma
Bisoprolol	contraindication	phaeochromocytoma
Bisoprolol	contraindication	duodenum cancer
Bisoprolol	contraindication	small intestine cancer
Bisoprolol	contraindication	heart cancer
Bisoprolol	contraindication	adrenal gland cancer
Bisoprolol	contraindication	sympathetic paraganglioma
Betaxolol	contraindication	adrenal gland pheochromocytoma
Betaxolol	contraindication	phaeochromocytoma
Betaxolol	contraindication	duodenum cancer
Betaxolol	contraindication	small intestine cancer
Betaxolol	contraindication	heart cancer
Betaxolol	contraindication	adrenal gland cancer
Betaxolol	contraindication	sympathetic paraganglioma
Isocarboxazid	contraindication	adrenal gland pheochromocytoma
Isocarboxazid	contraindication	phaeochromocytoma
Isocarboxazid	contraindication	duodenum cancer
Isocarboxazid	contraindication	small intestine cancer
Isocarboxazid	contraindication	heart cancer
Isocarboxazid	contraindication	adrenal gland cancer
Isocarboxazid	contraindication	sympathetic paraganglioma
Chlorothiazide	contraindication	adrenal gland pheochromocytoma
Chlorothiazide	contraindication	phaeochromocytoma
Chlorothiazide	contraindication	duodenum cancer
Chlorothiazide	contraindication	small intestine cancer
Chlorothiazide	contraindication	heart cancer
Chlorothiazide	contraindication	adrenal gland cancer
Chlorothiazide	contraindication	sympathetic paraganglioma
Hydrochlorothiazide	contraindication	adrenal gland pheochromocytoma
Hydrochlorothiazide	contraindication	phaeochromocytoma
Hydrochlorothiazide	contraindication	duodenum cancer
Hydrochlorothiazide	contraindication	small intestine cancer
Hydrochlorothiazide	contraindication	heart cancer
Hydrochlorothiazide	contraindication	adrenal gland cancer
Hydrochlorothiazide	contraindication	sympathetic paraganglioma
Methyldopa	contraindication	adrenal gland pheochromocytoma
Methyldopa	contraindication	phaeochromocytoma
Methyldopa	contraindication	duodenum cancer
Methyldopa	contraindication	small intestine cancer
Methyldopa	contraindication	heart cancer
Methyldopa	contraindication	adrenal gland cancer
Methyldopa	contraindication	sympathetic paraganglioma
Nicotine	contraindication	adrenal gland pheochromocytoma
Nicotine	contraindication	phaeochromocytoma
Nicotine	contraindication	duodenum cancer
Nicotine	contraindication	small intestine cancer
Nicotine	contraindication	heart cancer
Nicotine	contraindication	adrenal gland cancer
Nicotine	contraindication	sympathetic paraganglioma
Metoprolol	contraindication	adrenal gland pheochromocytoma
Metoprolol	contraindication	phaeochromocytoma
Metoprolol	contraindication	duodenum cancer
Metoprolol	contraindication	small intestine cancer
Metoprolol	contraindication	heart cancer
Metoprolol	contraindication	adrenal gland cancer
Metoprolol	contraindication	sympathetic paraganglioma
Phenelzine	contraindication	adrenal gland pheochromocytoma
Phenelzine	contraindication	phaeochromocytoma
Phenelzine	contraindication	duodenum cancer
Phenelzine	contraindication	small intestine cancer
Phenelzine	contraindication	heart cancer
Phenelzine	contraindication	adrenal gland cancer
Phenelzine	contraindication	sympathetic paraganglioma
Dopamine	contraindication	adrenal gland pheochromocytoma
Dopamine	contraindication	phaeochromocytoma
Dopamine	contraindication	duodenum cancer
Dopamine	contraindication	small intestine cancer
Dopamine	contraindication	heart cancer
Dopamine	contraindication	adrenal gland cancer
Dopamine	contraindication	sympathetic paraganglioma
Midodrine	contraindication	adrenal gland pheochromocytoma
Midodrine	contraindication	phaeochromocytoma
Midodrine	contraindication	duodenum cancer
Midodrine	contraindication	small intestine cancer
Midodrine	contraindication	heart cancer
Midodrine	contraindication	adrenal gland cancer
Midodrine	contraindication	sympathetic paraganglioma
Minoxidil	contraindication	adrenal gland pheochromocytoma
Minoxidil	contraindication	phaeochromocytoma
Minoxidil	contraindication	duodenum cancer
Minoxidil	contraindication	small intestine cancer
Minoxidil	contraindication	heart cancer
Minoxidil	contraindication	adrenal gland cancer
Minoxidil	contraindication	sympathetic paraganglioma
Acebutolol	contraindication	adrenal gland pheochromocytoma
Acebutolol	contraindication	phaeochromocytoma
Acebutolol	contraindication	duodenum cancer
Acebutolol	contraindication	small intestine cancer
Acebutolol	contraindication	heart cancer
Acebutolol	contraindication	adrenal gland cancer
Acebutolol	contraindication	sympathetic paraganglioma
Metoclopramide	contraindication	adrenal gland pheochromocytoma
Metoclopramide	contraindication	phaeochromocytoma
Metoclopramide	contraindication	duodenum cancer
Metoclopramide	contraindication	small intestine cancer
Metoclopramide	contraindication	heart cancer
Metoclopramide	contraindication	adrenal gland cancer
Metoclopramide	contraindication	sympathetic paraganglioma
Paclitaxel	contraindication	adrenal gland pheochromocytoma
Paclitaxel	contraindication	phaeochromocytoma
Paclitaxel	contraindication	duodenum cancer
Paclitaxel	contraindication	small intestine cancer
Paclitaxel	contraindication	heart cancer
Paclitaxel	contraindication	adrenal gland cancer
Paclitaxel	contraindication	sympathetic paraganglioma
Doxapram	contraindication	adrenal gland pheochromocytoma
Doxapram	contraindication	phaeochromocytoma
Doxapram	contraindication	duodenum cancer
Doxapram	contraindication	small intestine cancer
Doxapram	contraindication	heart cancer
Doxapram	contraindication	adrenal gland cancer
Doxapram	contraindication	sympathetic paraganglioma
Clomipramine	contraindication	adrenal gland pheochromocytoma
Clomipramine	contraindication	phaeochromocytoma
Clomipramine	contraindication	duodenum cancer
Clomipramine	contraindication	small intestine cancer
Clomipramine	contraindication	heart cancer
Clomipramine	contraindication	adrenal gland cancer
Clomipramine	contraindication	sympathetic paraganglioma
Linezolid	contraindication	adrenal gland pheochromocytoma
Linezolid	contraindication	phaeochromocytoma
Linezolid	contraindication	duodenum cancer
Linezolid	contraindication	small intestine cancer
Linezolid	contraindication	heart cancer
Linezolid	contraindication	adrenal gland cancer
Linezolid	contraindication	sympathetic paraganglioma
Tranylcypromine	contraindication	adrenal gland pheochromocytoma
Tranylcypromine	contraindication	phaeochromocytoma
Tranylcypromine	contraindication	duodenum cancer
Tranylcypromine	contraindication	small intestine cancer
Tranylcypromine	contraindication	heart cancer
Tranylcypromine	contraindication	adrenal gland cancer
Tranylcypromine	contraindication	sympathetic paraganglioma
Selegiline	contraindication	adrenal gland pheochromocytoma
Selegiline	contraindication	phaeochromocytoma
Selegiline	contraindication	duodenum cancer
Selegiline	contraindication	small intestine cancer
Selegiline	contraindication	heart cancer
Selegiline	contraindication	adrenal gland cancer
Selegiline	contraindication	sympathetic paraganglioma
Rasagiline	contraindication	adrenal gland pheochromocytoma
Rasagiline	contraindication	phaeochromocytoma
Rasagiline	contraindication	duodenum cancer
Rasagiline	contraindication	small intestine cancer
Rasagiline	contraindication	heart cancer
Rasagiline	contraindication	adrenal gland cancer
Rasagiline	contraindication	sympathetic paraganglioma
Methoxsalen	contraindication	skin carcinoma
Methoxsalen	contraindication	basal cell carcinoma
Methoxsalen	contraindication	sweat gland cancer
Methoxsalen	contraindication	carcinoma
Methoxsalen	contraindication	sebaceous adenocarcinoma
Fosphenytoin	contraindication	hyperphosphatemia (disease)
Tiludronic acid	contraindication	hyperphosphatemia (disease)
Phylloquinone	contraindication	hyperphosphatemia (disease)
Sodium phosphate, monobasic	contraindication	hyperphosphatemia (disease)
Vitamin A	contraindication	hyperphosphatemia (disease)
Cholecalciferol	contraindication	hyperphosphatemia (disease)
Dihydrotachysterol	contraindication	hyperphosphatemia (disease)
Alendronic acid	contraindication	hyperphosphatemia (disease)
Methylene blue	contraindication	hyperphosphatemia (disease)
Phenytoin	contraindication	hyperphosphatemia (disease)
Glycine	contraindication	hyperphosphatemia (disease)
Ascorbic acid	contraindication	hyperphosphatemia (disease)
Ergocalciferol	contraindication	hyperphosphatemia (disease)
Magnesium citrate	contraindication	hyperphosphatemia (disease)
Calcitriol	contraindication	hyperphosphatemia (disease)
Calcium gluconate	contraindication	hyperphosphatemia (disease)
Etidronic acid	contraindication	hyperphosphatemia (disease)
Calcifediol	contraindication	hyperphosphatemia (disease)
Ferrous fumarate	contraindication	hyperphosphatemia (disease)
Magnesium oxide	contraindication	hyperphosphatemia (disease)
Hyoscyamine	contraindication	hyperphosphatemia (disease)
Methenamine	contraindication	hyperphosphatemia (disease)
Temozolomide	contraindication	pneumocystosis
Leflunomide	contraindication	pneumocystosis
Sirolimus	contraindication	pneumocystosis
Glimepiride	contraindication	urinary bladder cancer
Glimepiride	contraindication	urinary bladder carcinoma
Glimepiride	contraindication	urinary bladder neoplasm
Glimepiride	contraindication	urinary bladder small cell neuroendocrine carcinoma
Glimepiride	contraindication	non-papillary transitional cell carcinoma of the bladder
Metformin	contraindication	urinary bladder cancer
Metformin	contraindication	urinary bladder carcinoma
Metformin	contraindication	urinary bladder neoplasm
Metformin	contraindication	urinary bladder small cell neuroendocrine carcinoma
Metformin	contraindication	non-papillary transitional cell carcinoma of the bladder
Pioglitazone	contraindication	urinary bladder cancer
Pioglitazone	contraindication	urinary bladder carcinoma
Pioglitazone	contraindication	urinary bladder neoplasm
Pioglitazone	contraindication	urinary bladder small cell neuroendocrine carcinoma
Pioglitazone	contraindication	non-papillary transitional cell carcinoma of the bladder
Guaifenesin	contraindication	paracetamol poisoning
Phenyltoloxamine	contraindication	paracetamol poisoning
Mepyramine	contraindication	paracetamol poisoning
Pseudoephedrine	contraindication	paracetamol poisoning
Brompheniramine	contraindication	paracetamol poisoning
Pheniramine	contraindication	paracetamol poisoning
Orphenadrine	contraindication	paracetamol poisoning
Codeine	contraindication	paracetamol poisoning
Melatonin	contraindication	paracetamol poisoning
Salicylamide	contraindication	paracetamol poisoning
Pyridoxine	contraindication	paracetamol poisoning
Phenylephrine	contraindication	paracetamol poisoning
Caffeine	contraindication	paracetamol poisoning
Phenobarbital	contraindication	paracetamol poisoning
Doxylamine	contraindication	paracetamol poisoning
Ephedrine	contraindication	paracetamol poisoning
Calcium gluconate	contraindication	paracetamol poisoning
Tramadol	contraindication	paracetamol poisoning
Dexchlorpheniramine	contraindication	paracetamol poisoning
Magnesium salicylate	contraindication	paracetamol poisoning
Phenylpropanolamine	contraindication	paracetamol poisoning
Chlorpheniramine	contraindication	paracetamol poisoning
Dexbrompheniramine	contraindication	paracetamol poisoning
Dextromethorphan	contraindication	paracetamol poisoning
Hydrocodone	contraindication	paracetamol poisoning
Dihydrocodeine	contraindication	paracetamol poisoning
Alprostadil	contraindication	plasma cell myeloma
Vardenafil	contraindication	plasma cell myeloma
Tadalafil	contraindication	plasma cell myeloma
Sildenafil	contraindication	plasma cell myeloma
Benzoyl peroxide	contraindication	ulcerative colitis (disease)
Guaifenesin	contraindication	ulcerative colitis (disease)
Mepyramine	contraindication	ulcerative colitis (disease)
Ardeparin	contraindication	ulcerative colitis (disease)
Ardeparin	contraindication	inflammatory bowel disease
Heparin	contraindication	ulcerative colitis (disease)
Heparin	contraindication	inflammatory bowel disease
Enoxaparin	contraindication	ulcerative colitis (disease)
Enoxaparin	contraindication	inflammatory bowel disease
Adomiparin	contraindication	ulcerative colitis (disease)
Adomiparin	contraindication	inflammatory bowel disease
Dalteparin	contraindication	ulcerative colitis (disease)
Dalteparin	contraindication	inflammatory bowel disease
Parnaparin	contraindication	ulcerative colitis (disease)
Parnaparin	contraindication	inflammatory bowel disease
Heparin, bovine	contraindication	ulcerative colitis (disease)
Heparin, bovine	contraindication	inflammatory bowel disease
Pseudoephedrine	contraindication	ulcerative colitis (disease)
Guaiacol	contraindication	ulcerative colitis (disease)
Homatropine	contraindication	ulcerative colitis (disease)
Hydralazine	contraindication	ulcerative colitis (disease)
Hydralazine	contraindication	inflammatory bowel disease
Brompheniramine	contraindication	ulcerative colitis (disease)
Pheniramine	contraindication	ulcerative colitis (disease)
Benzatropine	contraindication	ulcerative colitis (disease)
Benzatropine	contraindication	inflammatory bowel disease
Perazine	contraindication	ulcerative colitis (disease)
Perazine	contraindication	inflammatory bowel disease
Homatropine methylbromide	contraindication	ulcerative colitis (disease)
Ferrous sulfate anhydrous	contraindication	ulcerative colitis (disease)
Ferrous sulfate anhydrous	contraindication	inflammatory bowel disease
Procyclidine	contraindication	ulcerative colitis (disease)
Procyclidine	contraindication	inflammatory bowel disease
Chlorthalidone	contraindication	ulcerative colitis (disease)
Chlorthalidone	contraindication	inflammatory bowel disease
Dicyclomine	contraindication	ulcerative colitis (disease)
Dicyclomine	contraindication	inflammatory bowel disease
Codeine	contraindication	ulcerative colitis (disease)
Isopropamide	contraindication	ulcerative colitis (disease)
Isopropamide	contraindication	inflammatory bowel disease
Potassium chloride	contraindication	ulcerative colitis (disease)
Potassium chloride	contraindication	inflammatory bowel disease
Iron	contraindication	ulcerative colitis (disease)
Iron	contraindication	inflammatory bowel disease
Miglitol	contraindication	ulcerative colitis (disease)
Clidinium	contraindication	ulcerative colitis (disease)
Clidinium	contraindication	inflammatory bowel disease
Vitamin A	contraindication	ulcerative colitis (disease)
Vitamin A	contraindication	inflammatory bowel disease
Pyridoxine	contraindication	ulcerative colitis (disease)
Pyridoxine	contraindication	inflammatory bowel disease
Phenylephrine	contraindication	ulcerative colitis (disease)
Folic acid	contraindication	ulcerative colitis (disease)
Folic acid	contraindication	inflammatory bowel disease
Methotrexate	contraindication	ulcerative colitis (disease)
Methotrexate	contraindication	inflammatory bowel disease
Chlorothiazide	contraindication	ulcerative colitis (disease)
Chlorothiazide	contraindication	inflammatory bowel disease
Hydrochlorothiazide	contraindication	ulcerative colitis (disease)
Hydrochlorothiazide	contraindication	inflammatory bowel disease
Prochlorperazine	contraindication	ulcerative colitis (disease)
Prochlorperazine	contraindication	inflammatory bowel disease
Chlordiazepoxide	contraindication	ulcerative colitis (disease)
Chlordiazepoxide	contraindication	inflammatory bowel disease
Caffeine	contraindication	ulcerative colitis (disease)
Morphine	contraindication	ulcerative colitis (disease)
Morphine	contraindication	inflammatory bowel disease
Oxybutynin	contraindication	ulcerative colitis (disease)
Oxybutynin	contraindication	inflammatory bowel disease
Indomethacin	contraindication	ulcerative colitis (disease)
Indomethacin	contraindication	inflammatory bowel disease
Biperiden	contraindication	ulcerative colitis (disease)
Biperiden	contraindication	inflammatory bowel disease
Scopolamine	contraindication	ulcerative colitis (disease)
Scopolamine	contraindication	inflammatory bowel disease
Ascorbic acid	contraindication	ulcerative colitis (disease)
Ascorbic acid	contraindication	inflammatory bowel disease
Reserpine	contraindication	ulcerative colitis (disease)
Reserpine	contraindication	inflammatory bowel disease
Phenobarbital	contraindication	ulcerative colitis (disease)
Phenobarbital	contraindication	inflammatory bowel disease
Carbinoxamine	contraindication	ulcerative colitis (disease)
Hydromorphone	contraindication	ulcerative colitis (disease)
Naloxone	contraindication	ulcerative colitis (disease)
Bupivacaine	contraindication	ulcerative colitis (disease)
Polythiazide	contraindication	ulcerative colitis (disease)
Polythiazide	contraindication	inflammatory bowel disease
Tretinoin	contraindication	ulcerative colitis (disease)
Ephedrine	contraindication	ulcerative colitis (disease)
Ferrous gluconate	contraindication	ulcerative colitis (disease)
Ferrous gluconate	contraindication	inflammatory bowel disease
Propantheline	contraindication	ulcerative colitis (disease)
Propantheline	contraindication	inflammatory bowel disease
Difenoxin	contraindication	ulcerative colitis (disease)
Difenoxin	contraindication	inflammatory bowel disease
Mepenzolate	contraindication	ulcerative colitis (disease)
Mepenzolate	contraindication	inflammatory bowel disease
Dexchlorpheniramine	contraindication	ulcerative colitis (disease)
Clindamycin	contraindication	ulcerative colitis (disease)
Prucalopride	contraindication	ulcerative colitis (disease)
Prucalopride	contraindication	inflammatory bowel disease
Ibuprofen	contraindication	ulcerative colitis (disease)
Hematin	contraindication	ulcerative colitis (disease)
Hematin	contraindication	inflammatory bowel disease
Butacaine	contraindication	ulcerative colitis (disease)
Butacaine	contraindication	inflammatory bowel disease
Phenylpropanolamine	contraindication	ulcerative colitis (disease)
Trihexyphenidyl	contraindication	ulcerative colitis (disease)
Trihexyphenidyl	contraindication	inflammatory bowel disease
Ferrous fumarate	contraindication	ulcerative colitis (disease)
Ferrous fumarate	contraindication	inflammatory bowel disease
Hydroflumethiazide	contraindication	ulcerative colitis (disease)
Hydroflumethiazide	contraindication	inflammatory bowel disease
Methyclothiazide	contraindication	ulcerative colitis (disease)
Methyclothiazide	contraindication	inflammatory bowel disease
Darifenacin	contraindication	ulcerative colitis (disease)
Darifenacin	contraindication	inflammatory bowel disease
Trichlormethiazide	contraindication	ulcerative colitis (disease)
Trichlormethiazide	contraindication	inflammatory bowel disease
Methscopolamine	contraindication	ulcerative colitis (disease)
Methscopolamine	contraindication	inflammatory bowel disease
Chlorpheniramine	contraindication	ulcerative colitis (disease)
Dexbrompheniramine	contraindication	ulcerative colitis (disease)
Dextromethorphan	contraindication	ulcerative colitis (disease)
Hydrocodone	contraindication	ulcerative colitis (disease)
Dihydrocodeine	contraindication	ulcerative colitis (disease)
Ergotamine	contraindication	ulcerative colitis (disease)
Ergotamine	contraindication	inflammatory bowel disease
Succinic acid	contraindication	ulcerative colitis (disease)
Succinic acid	contraindication	inflammatory bowel disease
Hyoscyamine	contraindication	ulcerative colitis (disease)
Hyoscyamine	contraindication	inflammatory bowel disease
Calcium chloride	contraindication	ulcerative colitis (disease)
Calcium chloride	contraindication	inflammatory bowel disease
Docusate	contraindication	ulcerative colitis (disease)
Docusate	contraindication	inflammatory bowel disease
Warfarin	contraindication	acquired polycythemia vera
Warfarin	contraindication	plasmacytoma
Warfarin	contraindication	polycythemia (disease)
Dicoumarol	contraindication	acquired polycythemia vera
Dicoumarol	contraindication	plasmacytoma
Dicoumarol	contraindication	polycythemia (disease)
Lorazepam	contraindication	hepatic encephalopathy
Lorazepam	contraindication	hepatic coma
Acetaminophen	contraindication	hepatic encephalopathy
Acetaminophen	contraindication	hepatic coma
Guaifenesin	contraindication	glaucoma
Phenyltoloxamine	contraindication	glaucoma
Diethylpropion	contraindication	glaucoma
Pseudoephedrine	contraindication	glaucoma
Salmeterol	contraindication	glaucoma
Pheniramine	contraindication	glaucoma
Perazine	contraindication	glaucoma
Alimemazine	contraindication	glaucoma
Mometasone furoate	contraindication	glaucoma
Cetirizine	contraindication	glaucoma
Orphenadrine	contraindication	glaucoma
Loteprednol etabonate	contraindication	glaucoma
Fluticasone propionate	contraindication	glaucoma
Amyl Nitrite	contraindication	glaucoma
Sodium phosphate, monobasic	contraindication	glaucoma
Isopropamide	contraindication	glaucoma
Formoterol	contraindication	glaucoma
Nortriptyline	contraindication	glaucoma
Clidinium	contraindication	glaucoma
Fusidic acid	contraindication	glaucoma
Fluphenazine	contraindication	glaucoma
Fluocinolone acetonide	contraindication	glaucoma
Benzoic acid	contraindication	glaucoma
Desonide	contraindication	glaucoma
Phendimetrazine	contraindication	glaucoma
Methylene blue	contraindication	glaucoma
Lisdexamfetamine	contraindication	glaucoma
Papaverine	contraindication	glaucoma
Promazine	contraindication	glaucoma
Perphenazine	contraindication	glaucoma
Prochlorperazine	contraindication	glaucoma
Chlordiazepoxide	contraindication	glaucoma
Caffeine	contraindication	glaucoma
Beclomethasone dipropionate	contraindication	glaucoma
Dinoprost	contraindication	glaucoma
Metamfetamine	contraindication	glaucoma
Budesonide	contraindication	glaucoma
Amcinonide	contraindication	glaucoma
Dextroamphetamine	contraindication	glaucoma
Histamine	contraindication	glaucoma
Scopolamine	contraindication	glaucoma
Phentolamine	contraindication	glaucoma
Chlorpromazine	contraindication	glaucoma
Amitriptyline	contraindication	glaucoma
Desipramine	contraindication	glaucoma
Hydrocortisone	contraindication	glaucoma
Phenobarbital	contraindication	glaucoma
Cortisone acetate	contraindication	glaucoma
Hydrocortisone acetate	contraindication	glaucoma
Dexamethasone	contraindication	glaucoma
Dyphylline	contraindication	glaucoma
Chlorphentermine	contraindication	glaucoma
Fenfluramine	contraindication	glaucoma
Protriptyline	contraindication	glaucoma
Dexmethylphenidate	contraindication	glaucoma
Fluticasone furoate	contraindication	glaucoma
Dinoprostone	contraindication	glaucoma
Flunisolide	contraindication	glaucoma
Tobramycin	contraindication	glaucoma
Dexfenfluramine	contraindication	glaucoma
Halcinonide	contraindication	glaucoma
Clomipramine	contraindication	glaucoma
Amphetamine	contraindication	glaucoma
Ephedrine	contraindication	glaucoma
Carbamazepine	contraindication	glaucoma
Acetophenazine	contraindication	glaucoma
Mepenzolate	contraindication	glaucoma
Clobetasol propionate	contraindication	glaucoma
Pimozide	contraindication	glaucoma
Loxapine	contraindication	glaucoma
Benzphetamine	contraindication	glaucoma
Triflupromazine	contraindication	glaucoma
Phenmetrazine	contraindication	glaucoma
Methscopolamine	contraindication	glaucoma
Chlorpheniramine	contraindication	glaucoma
Ciclesonide	contraindication	glaucoma
Butabarbital	contraindication	glaucoma
Triamcinolone	contraindication	glaucoma
Phentermine	contraindication	glaucoma
Trifluoperazine	contraindication	glaucoma
Methylphenidate	contraindication	glaucoma
Hyoscyamine	contraindication	glaucoma
Methenamine	contraindication	glaucoma
Tetracaine	contraindication	hyperthyroidism
Tetracaine	contraindication	Graves disease
Tetracaine	contraindication	thyrotoxicosis
Synephrine	contraindication	hyperthyroidism
Synephrine	contraindication	Graves disease
Synephrine	contraindication	thyrotoxicosis
Venlafaxine	contraindication	hyperthyroidism
Venlafaxine	contraindication	Graves disease
Venlafaxine	contraindication	thyrotoxicosis
Guaifenesin	contraindication	hyperthyroidism
Guaifenesin	contraindication	Graves disease
Guaifenesin	contraindication	thyrotoxicosis
Phenyltoloxamine	contraindication	hyperthyroidism
Phenyltoloxamine	contraindication	Graves disease
Phenyltoloxamine	contraindication	thyrotoxicosis
Mepyramine	contraindication	hyperthyroidism
Mepyramine	contraindication	Graves disease
Mepyramine	contraindication	thyrotoxicosis
Tripelennamine	contraindication	hyperthyroidism
Tripelennamine	contraindication	Graves disease
Tripelennamine	contraindication	thyrotoxicosis
Methapyrilene	contraindication	hyperthyroidism
Methapyrilene	contraindication	Graves disease
Methapyrilene	contraindication	thyrotoxicosis
Antazoline	contraindication	hyperthyroidism
Antazoline	contraindication	Graves disease
Antazoline	contraindication	thyrotoxicosis
Polyvinyl alcohol	contraindication	hyperthyroidism
Polyvinyl alcohol	contraindication	Graves disease
Polyvinyl alcohol	contraindication	thyrotoxicosis
Diethylpropion	contraindication	hyperthyroidism
Diethylpropion	contraindication	Graves disease
Diethylpropion	contraindication	thyrotoxicosis
Pseudoephedrine	contraindication	hyperthyroidism
Pseudoephedrine	contraindication	Graves disease
Pseudoephedrine	contraindication	thyrotoxicosis
Guaiacol	contraindication	hyperthyroidism
Guaiacol	contraindication	Graves disease
Guaiacol	contraindication	thyrotoxicosis
Acrivastine	contraindication	hyperthyroidism
Acrivastine	contraindication	Graves disease
Acrivastine	contraindication	thyrotoxicosis
Homatropine	contraindication	hyperthyroidism
Homatropine	contraindication	Graves disease
Homatropine	contraindication	thyrotoxicosis
Potassium citrate	contraindication	hyperthyroidism
Potassium citrate	contraindication	Graves disease
Potassium citrate	contraindication	thyrotoxicosis
Hydralazine	contraindication	hyperthyroidism
Hydralazine	contraindication	Graves disease
Hydralazine	contraindication	thyrotoxicosis
Brompheniramine	contraindication	hyperthyroidism
Brompheniramine	contraindication	Graves disease
Brompheniramine	contraindication	thyrotoxicosis
Pheniramine	contraindication	hyperthyroidism
Pheniramine	contraindication	Graves disease
Pheniramine	contraindication	thyrotoxicosis
Perazine	contraindication	hyperthyroidism
Perazine	contraindication	Graves disease
Perazine	contraindication	thyrotoxicosis
Tetryzoline	contraindication	hyperthyroidism
Tetryzoline	contraindication	Graves disease
Tetryzoline	contraindication	thyrotoxicosis
Cetirizine	contraindication	hyperthyroidism
Cetirizine	contraindication	Graves disease
Cetirizine	contraindication	thyrotoxicosis
Fexofenadine	contraindication	hyperthyroidism
Fexofenadine	contraindication	Graves disease
Fexofenadine	contraindication	thyrotoxicosis
Chlorcyclizine	contraindication	hyperthyroidism
Chlorcyclizine	contraindication	Graves disease
Chlorcyclizine	contraindication	thyrotoxicosis
Cyclizine	contraindication	hyperthyroidism
Cyclizine	contraindication	Graves disease
Cyclizine	contraindication	thyrotoxicosis
Warfarin	contraindication	hyperthyroidism
Warfarin	contraindication	Graves disease
Warfarin	contraindication	thyrotoxicosis
Homatropine methylbromide	contraindication	hyperthyroidism
Homatropine methylbromide	contraindication	Graves disease
Homatropine methylbromide	contraindication	thyrotoxicosis
Loratadine	contraindication	hyperthyroidism
Loratadine	contraindication	Graves disease
Loratadine	contraindication	thyrotoxicosis
Clofedanol	contraindication	hyperthyroidism
Clofedanol	contraindication	Graves disease
Clofedanol	contraindication	thyrotoxicosis
Procyclidine	contraindication	hyperthyroidism
Procyclidine	contraindication	Graves disease
Procyclidine	contraindication	thyrotoxicosis
Pentoxyverine	contraindication	hyperthyroidism
Pentoxyverine	contraindication	Graves disease
Pentoxyverine	contraindication	thyrotoxicosis
Dicyclomine	contraindication	hyperthyroidism
Dicyclomine	contraindication	Graves disease
Dicyclomine	contraindication	thyrotoxicosis
Isoprenaline	contraindication	hyperthyroidism
Isoprenaline	contraindication	Graves disease
Isoprenaline	contraindication	thyrotoxicosis
Potassium Iodide	contraindication	hyperthyroidism
Potassium Iodide	contraindication	Graves disease
Potassium Iodide	contraindication	thyrotoxicosis
Codeine	contraindication	hyperthyroidism
Codeine	contraindication	Graves disease
Codeine	contraindication	thyrotoxicosis
Sodium phosphate, monobasic	contraindication	hyperthyroidism
Sodium phosphate, monobasic	contraindication	Graves disease
Sodium phosphate, monobasic	contraindication	thyrotoxicosis
Isopropamide	contraindication	hyperthyroidism
Isopropamide	contraindication	Graves disease
Isopropamide	contraindication	thyrotoxicosis
Potassium chloride	contraindication	hyperthyroidism
Potassium chloride	contraindication	Graves disease
Potassium chloride	contraindication	thyrotoxicosis
Trimipramine	contraindication	hyperthyroidism
Trimipramine	contraindication	Graves disease
Trimipramine	contraindication	thyrotoxicosis
Prilocaine	contraindication	hyperthyroidism
Prilocaine	contraindication	Graves disease
Prilocaine	contraindication	thyrotoxicosis
Nortriptyline	contraindication	hyperthyroidism
Nortriptyline	contraindication	Graves disease
Nortriptyline	contraindication	thyrotoxicosis
Clidinium	contraindication	hyperthyroidism
Clidinium	contraindication	Graves disease
Clidinium	contraindication	thyrotoxicosis
Liothyronine	contraindication	hyperthyroidism
Liothyronine	contraindication	Graves disease
Liothyronine	contraindication	thyrotoxicosis
Hydroxyzine	contraindication	hyperthyroidism
Hydroxyzine	contraindication	Graves disease
Hydroxyzine	contraindication	thyrotoxicosis
Sodium citrate	contraindication	hyperthyroidism
Sodium citrate	contraindication	Graves disease
Sodium citrate	contraindication	thyrotoxicosis
Dicoumarol	contraindication	hyperthyroidism
Dicoumarol	contraindication	Graves disease
Dicoumarol	contraindication	thyrotoxicosis
Benzoic acid	contraindication	hyperthyroidism
Benzoic acid	contraindication	Graves disease
Benzoic acid	contraindication	thyrotoxicosis
Salicylamide	contraindication	hyperthyroidism
Salicylamide	contraindication	Graves disease
Salicylamide	contraindication	thyrotoxicosis
Phendimetrazine	contraindication	hyperthyroidism
Phendimetrazine	contraindication	Graves disease
Phendimetrazine	contraindication	thyrotoxicosis
Methylene blue	contraindication	hyperthyroidism
Methylene blue	contraindication	Graves disease
Methylene blue	contraindication	thyrotoxicosis
Lisdexamfetamine	contraindication	hyperthyroidism
Lisdexamfetamine	contraindication	Graves disease
Lisdexamfetamine	contraindication	thyrotoxicosis
Ipratropium	contraindication	hyperthyroidism
Ipratropium	contraindication	Graves disease
Ipratropium	contraindication	thyrotoxicosis
Brimonidine	contraindication	hyperthyroidism
Brimonidine	contraindication	Graves disease
Brimonidine	contraindication	thyrotoxicosis
Neostigmine	contraindication	hyperthyroidism
Neostigmine	contraindication	Graves disease
Neostigmine	contraindication	thyrotoxicosis
Isocarboxazid	contraindication	hyperthyroidism
Isocarboxazid	contraindication	Graves disease
Isocarboxazid	contraindication	thyrotoxicosis
Phenylephrine	contraindication	hyperthyroidism
Phenylephrine	contraindication	Graves disease
Phenylephrine	contraindication	thyrotoxicosis
Orciprenaline	contraindication	hyperthyroidism
Orciprenaline	contraindication	Graves disease
Orciprenaline	contraindication	thyrotoxicosis
Theophylline	contraindication	hyperthyroidism
Theophylline	contraindication	Graves disease
Theophylline	contraindication	thyrotoxicosis
Perphenazine	contraindication	hyperthyroidism
Perphenazine	contraindication	Graves disease
Perphenazine	contraindication	thyrotoxicosis
Prochlorperazine	contraindication	hyperthyroidism
Prochlorperazine	contraindication	Graves disease
Prochlorperazine	contraindication	thyrotoxicosis
Chlordiazepoxide	contraindication	hyperthyroidism
Chlordiazepoxide	contraindication	Graves disease
Chlordiazepoxide	contraindication	thyrotoxicosis
Caffeine	contraindication	hyperthyroidism
Caffeine	contraindication	Graves disease
Caffeine	contraindication	thyrotoxicosis
Morphine	contraindication	hyperthyroidism
Morphine	contraindication	Graves disease
Morphine	contraindication	thyrotoxicosis
Oxybutynin	contraindication	hyperthyroidism
Oxybutynin	contraindication	Graves disease
Oxybutynin	contraindication	thyrotoxicosis
Sunitinib	contraindication	hyperthyroidism
Sunitinib	contraindication	Graves disease
Sunitinib	contraindication	thyrotoxicosis
Nicotine	contraindication	hyperthyroidism
Nicotine	contraindication	Graves disease
Nicotine	contraindication	thyrotoxicosis
Metamfetamine	contraindication	hyperthyroidism
Metamfetamine	contraindication	Graves disease
Metamfetamine	contraindication	thyrotoxicosis
Xylometazoline	contraindication	hyperthyroidism
Xylometazoline	contraindication	Graves disease
Xylometazoline	contraindication	thyrotoxicosis
Dimenhydrinate	contraindication	hyperthyroidism
Dimenhydrinate	contraindication	Graves disease
Dimenhydrinate	contraindication	thyrotoxicosis
Cyclopentolate	contraindication	hyperthyroidism
Cyclopentolate	contraindication	Graves disease
Cyclopentolate	contraindication	thyrotoxicosis
Phenelzine	contraindication	hyperthyroidism
Phenelzine	contraindication	Graves disease
Phenelzine	contraindication	thyrotoxicosis
Dextroamphetamine	contraindication	hyperthyroidism
Dextroamphetamine	contraindication	Graves disease
Dextroamphetamine	contraindication	thyrotoxicosis
Levothyroxine	contraindication	hyperthyroidism
Levothyroxine	contraindication	Graves disease
Levothyroxine	contraindication	thyrotoxicosis
Histamine	contraindication	hyperthyroidism
Histamine	contraindication	Graves disease
Histamine	contraindication	thyrotoxicosis
Epinephrine	contraindication	hyperthyroidism
Epinephrine	contraindication	Graves disease
Epinephrine	contraindication	thyrotoxicosis
Scopolamine	contraindication	hyperthyroidism
Scopolamine	contraindication	Graves disease
Scopolamine	contraindication	thyrotoxicosis
Terfenadine	contraindication	hyperthyroidism
Terfenadine	contraindication	Graves disease
Terfenadine	contraindication	thyrotoxicosis
Imipramine	contraindication	hyperthyroidism
Imipramine	contraindication	Graves disease
Imipramine	contraindication	thyrotoxicosis
Amitriptyline	contraindication	hyperthyroidism
Amitriptyline	contraindication	Graves disease
Amitriptyline	contraindication	thyrotoxicosis
Desipramine	contraindication	hyperthyroidism
Desipramine	contraindication	Graves disease
Desipramine	contraindication	thyrotoxicosis
Hydrocortisone	contraindication	hyperthyroidism
Hydrocortisone	contraindication	Graves disease
Hydrocortisone	contraindication	thyrotoxicosis
Phenobarbital	contraindication	hyperthyroidism
Phenobarbital	contraindication	Graves disease
Phenobarbital	contraindication	thyrotoxicosis
Cortisone acetate	contraindication	hyperthyroidism
Cortisone acetate	contraindication	Graves disease
Cortisone acetate	contraindication	thyrotoxicosis
Hydrocortisone acetate	contraindication	hyperthyroidism
Hydrocortisone acetate	contraindication	Graves disease
Hydrocortisone acetate	contraindication	thyrotoxicosis
Carbinoxamine	contraindication	hyperthyroidism
Carbinoxamine	contraindication	Graves disease
Carbinoxamine	contraindication	thyrotoxicosis
Triprolidine	contraindication	hyperthyroidism
Triprolidine	contraindication	Graves disease
Triprolidine	contraindication	thyrotoxicosis
Dyphylline	contraindication	hyperthyroidism
Dyphylline	contraindication	Graves disease
Dyphylline	contraindication	thyrotoxicosis
Doxylamine	contraindication	hyperthyroidism
Doxylamine	contraindication	Graves disease
Doxylamine	contraindication	thyrotoxicosis
Chlorphentermine	contraindication	hyperthyroidism
Chlorphentermine	contraindication	Graves disease
Chlorphentermine	contraindication	thyrotoxicosis
Protriptyline	contraindication	hyperthyroidism
Protriptyline	contraindication	Graves disease
Protriptyline	contraindication	thyrotoxicosis
Azatadine	contraindication	hyperthyroidism
Azatadine	contraindication	Graves disease
Azatadine	contraindication	thyrotoxicosis
Pirbuterol	contraindication	hyperthyroidism
Pirbuterol	contraindication	Graves disease
Pirbuterol	contraindication	thyrotoxicosis
Bupivacaine	contraindication	hyperthyroidism
Bupivacaine	contraindication	Graves disease
Bupivacaine	contraindication	thyrotoxicosis
Levosalbutamol	contraindication	hyperthyroidism
Levosalbutamol	contraindication	Graves disease
Levosalbutamol	contraindication	thyrotoxicosis
Doxapram	contraindication	hyperthyroidism
Doxapram	contraindication	Graves disease
Doxapram	contraindication	thyrotoxicosis
Clomipramine	contraindication	hyperthyroidism
Clomipramine	contraindication	Graves disease
Clomipramine	contraindication	thyrotoxicosis
Amphetamine	contraindication	hyperthyroidism
Amphetamine	contraindication	Graves disease
Amphetamine	contraindication	thyrotoxicosis
Ephedrine	contraindication	hyperthyroidism
Ephedrine	contraindication	Graves disease
Ephedrine	contraindication	thyrotoxicosis
Propantheline	contraindication	hyperthyroidism
Propantheline	contraindication	Graves disease
Propantheline	contraindication	thyrotoxicosis
Difenoxin	contraindication	hyperthyroidism
Difenoxin	contraindication	Graves disease
Difenoxin	contraindication	thyrotoxicosis
Timolol	contraindication	hyperthyroidism
Timolol	contraindication	Graves disease
Timolol	contraindication	thyrotoxicosis
Mepenzolate	contraindication	hyperthyroidism
Mepenzolate	contraindication	Graves disease
Mepenzolate	contraindication	thyrotoxicosis
Dexchlorpheniramine	contraindication	hyperthyroidism
Dexchlorpheniramine	contraindication	Graves disease
Dexchlorpheniramine	contraindication	thyrotoxicosis
Polyethylene glycol	contraindication	hyperthyroidism
Polyethylene glycol	contraindication	Graves disease
Polyethylene glycol	contraindication	thyrotoxicosis
Polyethylene glycol 400	contraindication	hyperthyroidism
Polyethylene glycol 400	contraindication	Graves disease
Polyethylene glycol 400	contraindication	thyrotoxicosis
Polyethylene glycol 300	contraindication	hyperthyroidism
Polyethylene glycol 300	contraindication	Graves disease
Polyethylene glycol 300	contraindication	thyrotoxicosis
Polyethylene glycol 3500	contraindication	hyperthyroidism
Polyethylene glycol 3500	contraindication	Graves disease
Polyethylene glycol 3500	contraindication	thyrotoxicosis
Terbutaline	contraindication	hyperthyroidism
Terbutaline	contraindication	Graves disease
Terbutaline	contraindication	thyrotoxicosis
Metipranolol	contraindication	hyperthyroidism
Metipranolol	contraindication	Graves disease
Metipranolol	contraindication	thyrotoxicosis
Naproxen	contraindication	hyperthyroidism
Naproxen	contraindication	Graves disease
Naproxen	contraindication	thyrotoxicosis
Amiodarone	contraindication	hyperthyroidism
Amiodarone	contraindication	Graves disease
Amiodarone	contraindication	thyrotoxicosis
Magnesium salicylate	contraindication	hyperthyroidism
Magnesium salicylate	contraindication	Graves disease
Magnesium salicylate	contraindication	thyrotoxicosis
Salbutamol	contraindication	hyperthyroidism
Salbutamol	contraindication	Graves disease
Salbutamol	contraindication	thyrotoxicosis
Doxepin	contraindication	hyperthyroidism
Doxepin	contraindication	Graves disease
Doxepin	contraindication	thyrotoxicosis
Ibuprofen	contraindication	hyperthyroidism
Ibuprofen	contraindication	Graves disease
Ibuprofen	contraindication	thyrotoxicosis
Clemastine	contraindication	hyperthyroidism
Clemastine	contraindication	Graves disease
Clemastine	contraindication	thyrotoxicosis
Benzphetamine	contraindication	hyperthyroidism
Benzphetamine	contraindication	Graves disease
Benzphetamine	contraindication	thyrotoxicosis
Tranylcypromine	contraindication	hyperthyroidism
Tranylcypromine	contraindication	Graves disease
Tranylcypromine	contraindication	thyrotoxicosis
Tropicamide	contraindication	hyperthyroidism
Tropicamide	contraindication	Graves disease
Tropicamide	contraindication	thyrotoxicosis
Oxymetazoline	contraindication	hyperthyroidism
Oxymetazoline	contraindication	Graves disease
Oxymetazoline	contraindication	thyrotoxicosis
Butacaine	contraindication	hyperthyroidism
Butacaine	contraindication	Graves disease
Butacaine	contraindication	thyrotoxicosis
Phenylpropanolamine	contraindication	hyperthyroidism
Phenylpropanolamine	contraindication	Graves disease
Phenylpropanolamine	contraindication	thyrotoxicosis
Diphenylpyraline	contraindication	hyperthyroidism
Diphenylpyraline	contraindication	Graves disease
Diphenylpyraline	contraindication	thyrotoxicosis
Sulfacetamide	contraindication	hyperthyroidism
Sulfacetamide	contraindication	Graves disease
Sulfacetamide	contraindication	thyrotoxicosis
Amoxapine	contraindication	hyperthyroidism
Amoxapine	contraindication	Graves disease
Amoxapine	contraindication	thyrotoxicosis
Pramocaine	contraindication	hyperthyroidism
Pramocaine	contraindication	Graves disease
Pramocaine	contraindication	thyrotoxicosis
Lidocaine	contraindication	hyperthyroidism
Lidocaine	contraindication	Graves disease
Lidocaine	contraindication	thyrotoxicosis
Phenmetrazine	contraindication	hyperthyroidism
Phenmetrazine	contraindication	Graves disease
Phenmetrazine	contraindication	thyrotoxicosis
Methscopolamine	contraindication	hyperthyroidism
Methscopolamine	contraindication	Graves disease
Methscopolamine	contraindication	thyrotoxicosis
Chlorpheniramine	contraindication	hyperthyroidism
Chlorpheniramine	contraindication	Graves disease
Chlorpheniramine	contraindication	thyrotoxicosis
Dexbrompheniramine	contraindication	hyperthyroidism
Dexbrompheniramine	contraindication	Graves disease
Dexbrompheniramine	contraindication	thyrotoxicosis
Zinc oxide	contraindication	hyperthyroidism
Zinc oxide	contraindication	Graves disease
Zinc oxide	contraindication	thyrotoxicosis
Cyproheptadine	contraindication	hyperthyroidism
Cyproheptadine	contraindication	Graves disease
Cyproheptadine	contraindication	thyrotoxicosis
Dextromethorphan	contraindication	hyperthyroidism
Dextromethorphan	contraindication	Graves disease
Dextromethorphan	contraindication	thyrotoxicosis
Butabarbital	contraindication	hyperthyroidism
Butabarbital	contraindication	Graves disease
Butabarbital	contraindication	thyrotoxicosis
Hydrocodone	contraindication	hyperthyroidism
Hydrocodone	contraindication	Graves disease
Hydrocodone	contraindication	thyrotoxicosis
Dihydrocodeine	contraindication	hyperthyroidism
Dihydrocodeine	contraindication	Graves disease
Dihydrocodeine	contraindication	thyrotoxicosis
Phentermine	contraindication	hyperthyroidism
Phentermine	contraindication	Graves disease
Phentermine	contraindication	thyrotoxicosis
Ammonium chloride	contraindication	hyperthyroidism
Ammonium chloride	contraindication	Graves disease
Ammonium chloride	contraindication	thyrotoxicosis
Dorzolamide	contraindication	hyperthyroidism
Dorzolamide	contraindication	Graves disease
Dorzolamide	contraindication	thyrotoxicosis
Methylphenidate	contraindication	hyperthyroidism
Methylphenidate	contraindication	Graves disease
Methylphenidate	contraindication	thyrotoxicosis
Ergotamine	contraindication	hyperthyroidism
Ergotamine	contraindication	Graves disease
Ergotamine	contraindication	thyrotoxicosis
Tramazoline	contraindication	hyperthyroidism
Tramazoline	contraindication	Graves disease
Tramazoline	contraindication	thyrotoxicosis
Maprotiline	contraindication	hyperthyroidism
Maprotiline	contraindication	Graves disease
Maprotiline	contraindication	thyrotoxicosis
Hyoscyamine	contraindication	hyperthyroidism
Hyoscyamine	contraindication	Graves disease
Hyoscyamine	contraindication	thyrotoxicosis
Desloratadine	contraindication	hyperthyroidism
Desloratadine	contraindication	Graves disease
Desloratadine	contraindication	thyrotoxicosis
Calcium chloride	contraindication	hyperthyroidism
Calcium chloride	contraindication	Graves disease
Calcium chloride	contraindication	thyrotoxicosis
Methenamine	contraindication	hyperthyroidism
Methenamine	contraindication	Graves disease
Methenamine	contraindication	thyrotoxicosis
Benzyl alcohol	contraindication	hyperthyroidism
Benzyl alcohol	contraindication	Graves disease
Benzyl alcohol	contraindication	thyrotoxicosis
Guaifenesin	contraindication	paralytic ileus (disease)
Guaifenesin	contraindication	intestinal obstruction
Guaifenesin	contraindication	familial visceral myopathy
Phenyltoloxamine	contraindication	paralytic ileus (disease)
Phenyltoloxamine	contraindication	intestinal obstruction
Phenyltoloxamine	contraindication	familial visceral myopathy
Pseudoephedrine	contraindication	paralytic ileus (disease)
Pseudoephedrine	contraindication	intestinal obstruction
Pseudoephedrine	contraindication	familial visceral myopathy
Homatropine	contraindication	paralytic ileus (disease)
Homatropine	contraindication	intestinal obstruction
Homatropine	contraindication	familial visceral myopathy
Brompheniramine	contraindication	paralytic ileus (disease)
Brompheniramine	contraindication	intestinal obstruction
Brompheniramine	contraindication	familial visceral myopathy
Pheniramine	contraindication	paralytic ileus (disease)
Pheniramine	contraindication	intestinal obstruction
Pheniramine	contraindication	familial visceral myopathy
Benzatropine	contraindication	paralytic ileus (disease)
Benzatropine	contraindication	intestinal obstruction
Benzatropine	contraindication	familial visceral myopathy
Perazine	contraindication	paralytic ileus (disease)
Perazine	contraindication	intestinal obstruction
Perazine	contraindication	familial visceral myopathy
Homatropine methylbromide	contraindication	paralytic ileus (disease)
Homatropine methylbromide	contraindication	intestinal obstruction
Homatropine methylbromide	contraindication	familial visceral myopathy
Procyclidine	contraindication	paralytic ileus (disease)
Procyclidine	contraindication	intestinal obstruction
Procyclidine	contraindication	familial visceral myopathy
Dicyclomine	contraindication	paralytic ileus (disease)
Dicyclomine	contraindication	intestinal obstruction
Dicyclomine	contraindication	familial visceral myopathy
Sodium phosphate, monobasic	contraindication	paralytic ileus (disease)
Sodium phosphate, monobasic	contraindication	intestinal obstruction
Sodium phosphate, monobasic	contraindication	familial visceral myopathy
Isopropamide	contraindication	paralytic ileus (disease)
Isopropamide	contraindication	intestinal obstruction
Isopropamide	contraindication	familial visceral myopathy
Potassium chloride	contraindication	paralytic ileus (disease)
Potassium chloride	contraindication	familial visceral myopathy
Clidinium	contraindication	paralytic ileus (disease)
Clidinium	contraindication	intestinal obstruction
Clidinium	contraindication	familial visceral myopathy
Benzoic acid	contraindication	paralytic ileus (disease)
Benzoic acid	contraindication	intestinal obstruction
Benzoic acid	contraindication	familial visceral myopathy
Methylene blue	contraindication	paralytic ileus (disease)
Methylene blue	contraindication	intestinal obstruction
Methylene blue	contraindication	familial visceral myopathy
Phenylephrine	contraindication	paralytic ileus (disease)
Phenylephrine	contraindication	intestinal obstruction
Phenylephrine	contraindication	familial visceral myopathy
Perphenazine	contraindication	paralytic ileus (disease)
Perphenazine	contraindication	intestinal obstruction
Perphenazine	contraindication	familial visceral myopathy
Prochlorperazine	contraindication	paralytic ileus (disease)
Prochlorperazine	contraindication	intestinal obstruction
Prochlorperazine	contraindication	familial visceral myopathy
Chlordiazepoxide	contraindication	paralytic ileus (disease)
Chlordiazepoxide	contraindication	intestinal obstruction
Chlordiazepoxide	contraindication	familial visceral myopathy
Caffeine	contraindication	paralytic ileus (disease)
Caffeine	contraindication	intestinal obstruction
Caffeine	contraindication	familial visceral myopathy
Morphine	contraindication	paralytic ileus (disease)
Morphine	contraindication	intestinal obstruction
Morphine	contraindication	familial visceral myopathy
Oxybutynin	contraindication	paralytic ileus (disease)
Oxybutynin	contraindication	intestinal obstruction
Oxybutynin	contraindication	familial visceral myopathy
Fluoxetine	contraindication	paralytic ileus (disease)
Fluoxetine	contraindication	intestinal obstruction
Fluoxetine	contraindication	familial visceral myopathy
Loperamide	contraindication	paralytic ileus (disease)
Loperamide	contraindication	intestinal obstruction
Loperamide	contraindication	familial visceral myopathy
Buprenorphine	contraindication	paralytic ileus (disease)
Buprenorphine	contraindication	intestinal obstruction
Buprenorphine	contraindication	familial visceral myopathy
Biperiden	contraindication	paralytic ileus (disease)
Biperiden	contraindication	intestinal obstruction
Biperiden	contraindication	familial visceral myopathy
Scopolamine	contraindication	paralytic ileus (disease)
Scopolamine	contraindication	intestinal obstruction
Scopolamine	contraindication	familial visceral myopathy
Imipramine	contraindication	paralytic ileus (disease)
Imipramine	contraindication	familial visceral myopathy
Amitriptyline	contraindication	paralytic ileus (disease)
Amitriptyline	contraindication	intestinal obstruction
Amitriptyline	contraindication	familial visceral myopathy
Phenobarbital	contraindication	paralytic ileus (disease)
Phenobarbital	contraindication	intestinal obstruction
Phenobarbital	contraindication	familial visceral myopathy
Carbinoxamine	contraindication	paralytic ileus (disease)
Carbinoxamine	contraindication	intestinal obstruction
Carbinoxamine	contraindication	familial visceral myopathy
Naloxone	contraindication	paralytic ileus (disease)
Naloxone	contraindication	intestinal obstruction
Naloxone	contraindication	familial visceral myopathy
Bupivacaine	contraindication	paralytic ileus (disease)
Bupivacaine	contraindication	intestinal obstruction
Bupivacaine	contraindication	familial visceral myopathy
Ephedrine	contraindication	paralytic ileus (disease)
Ephedrine	contraindication	intestinal obstruction
Ephedrine	contraindication	familial visceral myopathy
Propantheline	contraindication	paralytic ileus (disease)
Propantheline	contraindication	intestinal obstruction
Propantheline	contraindication	familial visceral myopathy
Difenoxin	contraindication	paralytic ileus (disease)
Difenoxin	contraindication	intestinal obstruction
Difenoxin	contraindication	familial visceral myopathy
Mepenzolate	contraindication	paralytic ileus (disease)
Mepenzolate	contraindication	intestinal obstruction
Mepenzolate	contraindication	familial visceral myopathy
Dexchlorpheniramine	contraindication	paralytic ileus (disease)
Dexchlorpheniramine	contraindication	intestinal obstruction
Dexchlorpheniramine	contraindication	familial visceral myopathy
Polyethylene glycol	contraindication	paralytic ileus (disease)
Polyethylene glycol	contraindication	familial visceral myopathy
Polyethylene glycol 400	contraindication	paralytic ileus (disease)
Polyethylene glycol 400	contraindication	familial visceral myopathy
Polyethylene glycol 300	contraindication	paralytic ileus (disease)
Polyethylene glycol 300	contraindication	familial visceral myopathy
Polyethylene glycol 3500	contraindication	paralytic ileus (disease)
Polyethylene glycol 3500	contraindication	familial visceral myopathy
Naltrexone	contraindication	paralytic ileus (disease)
Naltrexone	contraindication	intestinal obstruction
Naltrexone	contraindication	familial visceral myopathy
Butacaine	contraindication	paralytic ileus (disease)
Butacaine	contraindication	intestinal obstruction
Butacaine	contraindication	familial visceral myopathy
Trihexyphenidyl	contraindication	paralytic ileus (disease)
Trihexyphenidyl	contraindication	intestinal obstruction
Trihexyphenidyl	contraindication	familial visceral myopathy
Methscopolamine	contraindication	paralytic ileus (disease)
Methscopolamine	contraindication	intestinal obstruction
Methscopolamine	contraindication	familial visceral myopathy
Olanzapine	contraindication	paralytic ileus (disease)
Olanzapine	contraindication	intestinal obstruction
Olanzapine	contraindication	familial visceral myopathy
Chlorpheniramine	contraindication	paralytic ileus (disease)
Chlorpheniramine	contraindication	intestinal obstruction
Chlorpheniramine	contraindication	familial visceral myopathy
Dextromethorphan	contraindication	paralytic ileus (disease)
Dextromethorphan	contraindication	intestinal obstruction
Dextromethorphan	contraindication	familial visceral myopathy
Butabarbital	contraindication	paralytic ileus (disease)
Butabarbital	contraindication	intestinal obstruction
Butabarbital	contraindication	familial visceral myopathy
Hydrocodone	contraindication	paralytic ileus (disease)
Hydrocodone	contraindication	intestinal obstruction
Hydrocodone	contraindication	familial visceral myopathy
Ergotamine	contraindication	paralytic ileus (disease)
Ergotamine	contraindication	intestinal obstruction
Ergotamine	contraindication	familial visceral myopathy
Hyoscyamine	contraindication	paralytic ileus (disease)
Hyoscyamine	contraindication	intestinal obstruction
Hyoscyamine	contraindication	familial visceral myopathy
Calcium chloride	contraindication	paralytic ileus (disease)
Calcium chloride	contraindication	intestinal obstruction
Calcium chloride	contraindication	familial visceral myopathy
Methenamine	contraindication	paralytic ileus (disease)
Methenamine	contraindication	intestinal obstruction
Methenamine	contraindication	familial visceral myopathy
Venlafaxine	contraindication	substance abuse/dependence
Guaiacol	contraindication	substance abuse/dependence
Temazepam	contraindication	substance abuse/dependence
Lorazepam	contraindication	substance abuse/dependence
Nefazodone	contraindication	substance abuse/dependence
Zolpidem	contraindication	substance abuse/dependence
Chlorcyclizine	contraindication	substance abuse/dependence
Cyclizine	contraindication	substance abuse/dependence
Homatropine methylbromide	contraindication	substance abuse/dependence
Amantadine	contraindication	substance abuse/dependence
Clidinium	contraindication	substance abuse/dependence
Phendimetrazine	contraindication	substance abuse/dependence
Lisdexamfetamine	contraindication	substance abuse/dependence
Oxazepam	contraindication	substance abuse/dependence
Dextroamphetamine	contraindication	substance abuse/dependence
Carbinoxamine	contraindication	substance abuse/dependence
Triprolidine	contraindication	substance abuse/dependence
Hydromorphone	contraindication	substance abuse/dependence
Naloxone	contraindication	substance abuse/dependence
Diazepam	contraindication	substance abuse/dependence
Quazepam	contraindication	substance abuse/dependence
Chloral hydrate	contraindication	substance abuse/dependence
Prazepam	contraindication	substance abuse/dependence
Alprazolam	contraindication	substance abuse/dependence
Triazolam	contraindication	substance abuse/dependence
Flurazepam	contraindication	substance abuse/dependence
Naltrexone	contraindication	substance abuse/dependence
Clonazepam	contraindication	substance abuse/dependence
Benzphetamine	contraindication	substance abuse/dependence
Paliperidone	contraindication	substance abuse/dependence
Methscopolamine	contraindication	substance abuse/dependence
Bromodiphenhydramine	contraindication	substance abuse/dependence
Risperidone	contraindication	substance abuse/dependence
Benzocaine	contraindication	gastroesophageal reflux disease
Benzocaine	contraindication	esophagitis (disease)
Benzocaine	contraindication	peptic esophagitis
Phenyltoloxamine	contraindication	gastroesophageal reflux disease
Phenyltoloxamine	contraindication	esophagitis (disease)
Phenyltoloxamine	contraindication	peptic esophagitis
Pseudoephedrine	contraindication	gastroesophageal reflux disease
Pseudoephedrine	contraindication	esophagitis (disease)
Pseudoephedrine	contraindication	peptic esophagitis
Racementhol	contraindication	gastroesophageal reflux disease
Racementhol	contraindication	esophagitis (disease)
Racementhol	contraindication	peptic esophagitis
Pheniramine	contraindication	gastroesophageal reflux disease
Pheniramine	contraindication	esophagitis (disease)
Pheniramine	contraindication	peptic esophagitis
Benzatropine	contraindication	gastroesophageal reflux disease
Benzatropine	contraindication	esophagitis (disease)
Benzatropine	contraindication	peptic esophagitis
Codeine	contraindication	gastroesophageal reflux disease
Codeine	contraindication	esophagitis (disease)
Codeine	contraindication	peptic esophagitis
Sodium phosphate, monobasic	contraindication	gastroesophageal reflux disease
Sodium phosphate, monobasic	contraindication	esophagitis (disease)
Sodium phosphate, monobasic	contraindication	peptic esophagitis
Benzoic acid	contraindication	gastroesophageal reflux disease
Benzoic acid	contraindication	esophagitis (disease)
Benzoic acid	contraindication	peptic esophagitis
Salicylamide	contraindication	gastroesophageal reflux disease
Salicylamide	contraindication	esophagitis (disease)
Salicylamide	contraindication	peptic esophagitis
Choline magnesium trisalicylate	contraindication	gastroesophageal reflux disease
Choline magnesium trisalicylate	contraindication	esophagitis (disease)
Choline magnesium trisalicylate	contraindication	peptic esophagitis
Methylene blue	contraindication	gastroesophageal reflux disease
Methylene blue	contraindication	esophagitis (disease)
Methylene blue	contraindication	peptic esophagitis
Phenylephrine	contraindication	gastroesophageal reflux disease
Phenylephrine	contraindication	esophagitis (disease)
Phenylephrine	contraindication	peptic esophagitis
Caffeine	contraindication	gastroesophageal reflux disease
Caffeine	contraindication	esophagitis (disease)
Caffeine	contraindication	peptic esophagitis
Oxybutynin	contraindication	gastroesophageal reflux disease
Oxybutynin	contraindication	esophagitis (disease)
Oxybutynin	contraindication	peptic esophagitis
Salsalate	contraindication	gastroesophageal reflux disease
Salsalate	contraindication	esophagitis (disease)
Salsalate	contraindication	peptic esophagitis
Biperiden	contraindication	gastroesophageal reflux disease
Biperiden	contraindication	esophagitis (disease)
Biperiden	contraindication	peptic esophagitis
Scopolamine	contraindication	gastroesophageal reflux disease
Scopolamine	contraindication	esophagitis (disease)
Scopolamine	contraindication	peptic esophagitis
Phenobarbital	contraindication	gastroesophageal reflux disease
Phenobarbital	contraindication	esophagitis (disease)
Phenobarbital	contraindication	peptic esophagitis
Protriptyline	contraindication	gastroesophageal reflux disease
Protriptyline	contraindication	esophagitis (disease)
Protriptyline	contraindication	peptic esophagitis
Capsaicin	contraindication	gastroesophageal reflux disease
Capsaicin	contraindication	esophagitis (disease)
Capsaicin	contraindication	peptic esophagitis
Ephedrine	contraindication	gastroesophageal reflux disease
Ephedrine	contraindication	esophagitis (disease)
Ephedrine	contraindication	peptic esophagitis
Magnesium salicylate	contraindication	gastroesophageal reflux disease
Magnesium salicylate	contraindication	esophagitis (disease)
Magnesium salicylate	contraindication	peptic esophagitis
Butacaine	contraindication	gastroesophageal reflux disease
Butacaine	contraindication	esophagitis (disease)
Butacaine	contraindication	peptic esophagitis
Trihexyphenidyl	contraindication	gastroesophageal reflux disease
Trihexyphenidyl	contraindication	esophagitis (disease)
Trihexyphenidyl	contraindication	peptic esophagitis
Lidocaine	contraindication	gastroesophageal reflux disease
Lidocaine	contraindication	esophagitis (disease)
Lidocaine	contraindication	peptic esophagitis
Chlorpheniramine	contraindication	gastroesophageal reflux disease
Chlorpheniramine	contraindication	esophagitis (disease)
Chlorpheniramine	contraindication	peptic esophagitis
Butabarbital	contraindication	gastroesophageal reflux disease
Butabarbital	contraindication	esophagitis (disease)
Butabarbital	contraindication	peptic esophagitis
Hyoscyamine	contraindication	gastroesophageal reflux disease
Hyoscyamine	contraindication	esophagitis (disease)
Hyoscyamine	contraindication	peptic esophagitis
Methenamine	contraindication	gastroesophageal reflux disease
Methenamine	contraindication	esophagitis (disease)
Methenamine	contraindication	peptic esophagitis
Guaifenesin	contraindication	asthma
Pilocarpine	contraindication	asthma
Mepyramine	contraindication	asthma
Pseudoephedrine	contraindication	asthma
Brompheniramine	contraindication	asthma
Pheniramine	contraindication	asthma
Chlorcyclizine	contraindication	asthma
Cyclizine	contraindication	asthma
Esmolol	contraindication	asthma
Butobarbital	contraindication	asthma
Potassium Iodide	contraindication	asthma
Pentobarbital	contraindication	asthma
Secobarbital	contraindication	asthma
Codeine	contraindication	asthma
Salicylamide	contraindication	asthma
Acetylcysteine	contraindication	asthma
Phenylephrine	contraindication	asthma
Caffeine	contraindication	asthma
Amobarbital	contraindication	asthma
Morphine	contraindication	asthma
Metamfetamine	contraindication	asthma
Cysteine	contraindication	asthma
Metoprolol	contraindication	asthma
Methadyl acetate	contraindication	asthma
Ascorbic acid	contraindication	asthma
Phenobarbital	contraindication	asthma
Triprolidine	contraindication	asthma
Zinc gluconate	contraindication	asthma
Bupivacaine	contraindication	asthma
Amphetamine	contraindication	asthma
Ephedrine	contraindication	asthma
Dexchlorpheniramine	contraindication	asthma
Naltrexone	contraindication	asthma
Chlorpheniramine	contraindication	asthma
Butabarbital	contraindication	asthma
Bromodiphenhydramine	contraindication	asthma
Methylphenobarbital	contraindication	asthma
Ergotamine	contraindication	asthma
Hyoscyamine	contraindication	asthma
Ganciclovir	contraindication	respiratory failure
Cisapride	contraindication	respiratory failure
Butobarbital	contraindication	respiratory failure
Adenosine	contraindication	respiratory failure
Metamfetamine	contraindication	respiratory failure
Histamine	contraindication	respiratory failure
Phenobarbital	contraindication	respiratory failure
Amphetamine	contraindication	respiratory failure
Butabarbital	contraindication	respiratory failure
Methylphenobarbital	contraindication	respiratory failure
Ergotamine	contraindication	respiratory failure
Hyoscyamine	contraindication	respiratory failure
Calcium chloride	contraindication	respiratory failure
Ethotoin	contraindication	folic acid deficiency anemia
Trimethoprim	contraindication	folic acid deficiency anemia
Sulfamethoxazole	contraindication	folic acid deficiency anemia
Sulfadiazine	contraindication	folic acid deficiency anemia
Chlorothiazide	contraindication	folic acid deficiency anemia
Hydrochlorothiazide	contraindication	folic acid deficiency anemia
Pyrimethamine	contraindication	folic acid deficiency anemia
Triamterene	contraindication	folic acid deficiency anemia
Sulfisoxazole	contraindication	folic acid deficiency anemia
Erythromycin	contraindication	folic acid deficiency anemia
Benzoyl peroxide	contraindication	peripheral vascular disease
Benzoyl peroxide	contraindication	intermittent vascular claudication
Benzoyl peroxide	contraindication	peripheral arterial disease
Racementhol	contraindication	peripheral vascular disease
Racementhol	contraindication	intermittent vascular claudication
Racementhol	contraindication	peripheral arterial disease
Mometasone furoate	contraindication	peripheral vascular disease
Mometasone furoate	contraindication	intermittent vascular claudication
Mometasone furoate	contraindication	peripheral arterial disease
Diiodohydroxyquinoline	contraindication	peripheral vascular disease
Diiodohydroxyquinoline	contraindication	intermittent vascular claudication
Diiodohydroxyquinoline	contraindication	peripheral arterial disease
Chlorcyclizine	contraindication	peripheral vascular disease
Chlorcyclizine	contraindication	intermittent vascular claudication
Chlorcyclizine	contraindication	peripheral arterial disease
Cyclizine	contraindication	peripheral vascular disease
Cyclizine	contraindication	intermittent vascular claudication
Cyclizine	contraindication	peripheral arterial disease
Fluticasone propionate	contraindication	peripheral vascular disease
Fluticasone propionate	contraindication	intermittent vascular claudication
Fluticasone propionate	contraindication	peripheral arterial disease
Ammonia	contraindication	peripheral vascular disease
Ammonia	contraindication	intermittent vascular claudication
Ammonia	contraindication	peripheral arterial disease
Prednicarbate	contraindication	peripheral vascular disease
Prednicarbate	contraindication	intermittent vascular claudication
Prednicarbate	contraindication	peripheral arterial disease
Carvedilol	contraindication	peripheral vascular disease
Carvedilol	contraindication	intermittent vascular claudication
Carvedilol	contraindication	peripheral arterial disease
Fluocinolone acetonide	contraindication	peripheral vascular disease
Fluocinolone acetonide	contraindication	intermittent vascular claudication
Fluocinolone acetonide	contraindication	peripheral arterial disease
Bisoprolol	contraindication	peripheral vascular disease
Bisoprolol	contraindication	intermittent vascular claudication
Bisoprolol	contraindication	peripheral arterial disease
Ketoconazole	contraindication	peripheral vascular disease
Ketoconazole	contraindication	intermittent vascular claudication
Ketoconazole	contraindication	peripheral arterial disease
Desonide	contraindication	peripheral vascular disease
Desonide	contraindication	intermittent vascular claudication
Desonide	contraindication	peripheral arterial disease
Acyclovir	contraindication	peripheral vascular disease
Acyclovir	contraindication	intermittent vascular claudication
Acyclovir	contraindication	peripheral arterial disease
Chlorothiazide	contraindication	peripheral vascular disease
Chlorothiazide	contraindication	intermittent vascular claudication
Chlorothiazide	contraindication	peripheral arterial disease
Hydrochlorothiazide	contraindication	peripheral vascular disease
Hydrochlorothiazide	contraindication	intermittent vascular claudication
Hydrochlorothiazide	contraindication	peripheral arterial disease
Caffeine	contraindication	peripheral vascular disease
Caffeine	contraindication	intermittent vascular claudication
Caffeine	contraindication	peripheral arterial disease
Ammonium lactate	contraindication	peripheral vascular disease
Ammonium lactate	contraindication	intermittent vascular claudication
Ammonium lactate	contraindication	peripheral arterial disease
Metoprolol	contraindication	peripheral vascular disease
Metoprolol	contraindication	intermittent vascular claudication
Metoprolol	contraindication	peripheral arterial disease
Dihydroergotamine	contraindication	peripheral vascular disease
Dihydroergotamine	contraindication	intermittent vascular claudication
Dihydroergotamine	contraindication	peripheral arterial disease
Amcinonide	contraindication	peripheral vascular disease
Amcinonide	contraindication	intermittent vascular claudication
Amcinonide	contraindication	peripheral arterial disease
Epinephrine	contraindication	peripheral vascular disease
Epinephrine	contraindication	intermittent vascular claudication
Epinephrine	contraindication	peripheral arterial disease
Hydrocortisone	contraindication	peripheral vascular disease
Hydrocortisone	contraindication	intermittent vascular claudication
Hydrocortisone	contraindication	peripheral arterial disease
Phenobarbital	contraindication	peripheral vascular disease
Phenobarbital	contraindication	intermittent vascular claudication
Phenobarbital	contraindication	peripheral arterial disease
Cortisone acetate	contraindication	peripheral vascular disease
Cortisone acetate	contraindication	intermittent vascular claudication
Cortisone acetate	contraindication	peripheral arterial disease
Hydrocortisone acetate	contraindication	peripheral vascular disease
Hydrocortisone acetate	contraindication	intermittent vascular claudication
Hydrocortisone acetate	contraindication	peripheral arterial disease
Dexamethasone	contraindication	peripheral vascular disease
Dexamethasone	contraindication	intermittent vascular claudication
Dexamethasone	contraindication	peripheral arterial disease
Desoximetasone	contraindication	peripheral vascular disease
Desoximetasone	contraindication	intermittent vascular claudication
Desoximetasone	contraindication	peripheral arterial disease
Betamethasone	contraindication	peripheral vascular disease
Betamethasone	contraindication	intermittent vascular claudication
Betamethasone	contraindication	peripheral arterial disease
Acebutolol	contraindication	peripheral vascular disease
Acebutolol	contraindication	intermittent vascular claudication
Acebutolol	contraindication	peripheral arterial disease
Halcinonide	contraindication	peripheral vascular disease
Halcinonide	contraindication	intermittent vascular claudication
Halcinonide	contraindication	peripheral arterial disease
Tretinoin	contraindication	peripheral vascular disease
Tretinoin	contraindication	intermittent vascular claudication
Tretinoin	contraindication	peripheral arterial disease
Clobetasol propionate	contraindication	peripheral vascular disease
Clobetasol propionate	contraindication	intermittent vascular claudication
Clobetasol propionate	contraindication	peripheral arterial disease
Clotrimazole	contraindication	peripheral vascular disease
Clotrimazole	contraindication	intermittent vascular claudication
Clotrimazole	contraindication	peripheral arterial disease
Naproxen	contraindication	peripheral vascular disease
Naproxen	contraindication	intermittent vascular claudication
Naproxen	contraindication	peripheral arterial disease
Frovatriptan	contraindication	peripheral vascular disease
Frovatriptan	contraindication	intermittent vascular claudication
Frovatriptan	contraindication	peripheral arterial disease
Almotriptan	contraindication	peripheral vascular disease
Almotriptan	contraindication	intermittent vascular claudication
Almotriptan	contraindication	peripheral arterial disease
Flurandrenolide	contraindication	peripheral vascular disease
Flurandrenolide	contraindication	intermittent vascular claudication
Flurandrenolide	contraindication	peripheral arterial disease
Rizatriptan	contraindication	peripheral vascular disease
Rizatriptan	contraindication	intermittent vascular claudication
Rizatriptan	contraindication	peripheral arterial disease
Eletriptan	contraindication	peripheral vascular disease
Eletriptan	contraindication	intermittent vascular claudication
Eletriptan	contraindication	peripheral arterial disease
Bacitracin	contraindication	peripheral vascular disease
Bacitracin	contraindication	intermittent vascular claudication
Bacitracin	contraindication	peripheral arterial disease
Pramocaine	contraindication	peripheral vascular disease
Pramocaine	contraindication	intermittent vascular claudication
Pramocaine	contraindication	peripheral arterial disease
Zolmitriptan	contraindication	peripheral vascular disease
Zolmitriptan	contraindication	intermittent vascular claudication
Zolmitriptan	contraindication	peripheral arterial disease
Lidocaine	contraindication	peripheral vascular disease
Lidocaine	contraindication	intermittent vascular claudication
Lidocaine	contraindication	peripheral arterial disease
Clioquinol	contraindication	peripheral vascular disease
Clioquinol	contraindication	intermittent vascular claudication
Clioquinol	contraindication	peripheral arterial disease
Naratriptan	contraindication	peripheral vascular disease
Naratriptan	contraindication	intermittent vascular claudication
Naratriptan	contraindication	peripheral arterial disease
Nebivolol	contraindication	peripheral vascular disease
Nebivolol	contraindication	intermittent vascular claudication
Nebivolol	contraindication	peripheral arterial disease
Ergotamine	contraindication	peripheral vascular disease
Ergotamine	contraindication	intermittent vascular claudication
Ergotamine	contraindication	peripheral arterial disease
Triethylenetetramine	contraindication	peripheral vascular disease
Triethylenetetramine	contraindication	intermittent vascular claudication
Triethylenetetramine	contraindication	peripheral arterial disease
Phenol	contraindication	peripheral vascular disease
Phenol	contraindication	intermittent vascular claudication
Phenol	contraindication	peripheral arterial disease
Resorcinol	contraindication	peripheral vascular disease
Resorcinol	contraindication	intermittent vascular claudication
Resorcinol	contraindication	peripheral arterial disease
Sumatriptan	contraindication	peripheral vascular disease
Sumatriptan	contraindication	intermittent vascular claudication
Sumatriptan	contraindication	peripheral arterial disease
Tetracaine	contraindication	uveitis
Tetracaine	contraindication	iris disease
Tetracaine	contraindication	ciliary body disease
Tetracaine	contraindication	panuveitis (disease)
Ganciclovir	contraindication	uveitis
Ganciclovir	contraindication	iris disease
Ganciclovir	contraindication	ciliary body disease
Ganciclovir	contraindication	panuveitis (disease)
Echothiophate	contraindication	uveitis
Echothiophate	contraindication	iris disease
Echothiophate	contraindication	ciliary body disease
Echothiophate	contraindication	panuveitis (disease)
Fingolimod	contraindication	uveitis
Fingolimod	contraindication	iris disease
Fingolimod	contraindication	ciliary body disease
Fingolimod	contraindication	panuveitis (disease)
Travoprost	contraindication	uveitis
Travoprost	contraindication	iris disease
Travoprost	contraindication	ciliary body disease
Travoprost	contraindication	panuveitis (disease)
Bimatoprost	contraindication	uveitis
Bimatoprost	contraindication	iris disease
Bimatoprost	contraindication	ciliary body disease
Bimatoprost	contraindication	panuveitis (disease)
Brolucizumab	contraindication	uveitis
Brolucizumab	contraindication	iris disease
Brolucizumab	contraindication	ciliary body disease
Brolucizumab	contraindication	panuveitis (disease)
Latanoprost	contraindication	uveitis
Latanoprost	contraindication	iris disease
Latanoprost	contraindication	ciliary body disease
Latanoprost	contraindication	panuveitis (disease)
Chlorpropamide	contraindication	glycogen storage disease
Chlorpropamide	contraindication	G6PD deficiency
Glimepiride	contraindication	glycogen storage disease
Glimepiride	contraindication	G6PD deficiency
Metformin	contraindication	glycogen storage disease
Metformin	contraindication	G6PD deficiency
Glipizide	contraindication	glycogen storage disease
Glipizide	contraindication	G6PD deficiency
Pioglitazone	contraindication	glycogen storage disease
Pioglitazone	contraindication	G6PD deficiency
Glyburide	contraindication	glycogen storage disease
Glyburide	contraindication	G6PD deficiency
Chlorpropamide	contraindication	hypoglycemia
Glimepiride	contraindication	hypoglycemia
Octreotide	contraindication	hypoglycemia
Tromethamine	contraindication	hypoglycemia
Glutethimide	contraindication	hypoglycemia
Miglitol	contraindication	hypoglycemia
Linagliptin	contraindication	hypoglycemia
Metformin	contraindication	hypoglycemia
Tolbutamide	contraindication	hypoglycemia
Betaxolol	contraindication	hypoglycemia
Brimonidine	contraindication	hypoglycemia
Isocarboxazid	contraindication	hypoglycemia
Chlorothiazide	contraindication	hypoglycemia
Hydrochlorothiazide	contraindication	hypoglycemia
Acarbose	contraindication	hypoglycemia
Propranolol	contraindication	hypoglycemia
Metoprolol	contraindication	hypoglycemia
Phenelzine	contraindication	hypoglycemia
Sitagliptin	contraindication	hypoglycemia
Saxagliptin	contraindication	hypoglycemia
Paclitaxel	contraindication	hypoglycemia
Glipizide	contraindication	hypoglycemia
Timolol	contraindication	hypoglycemia
Liraglutide	contraindication	hypoglycemia
Tranylcypromine	contraindication	hypoglycemia
Repaglinide	contraindication	hypoglycemia
Quinine	contraindication	hypoglycemia
Dorzolamide	contraindication	hypoglycemia
Nebivolol	contraindication	hypoglycemia
Tolazamide	contraindication	hypoglycemia
Pioglitazone	contraindication	hypoglycemia
Lanreotide	contraindication	hypoglycemia
Nateglinide	contraindication	hypoglycemia
Glyburide	contraindication	hypoglycemia
Pentamidine	contraindication	hypoglycemia
Chlorpropamide	contraindication	injury
Fluvastatin	contraindication	injury
Glimepiride	contraindication	injury
Guaifenesin	contraindication	injury
Mepyramine	contraindication	injury
Pseudoephedrine	contraindication	injury
Guaiacol	contraindication	injury
Amlodipine	contraindication	injury
Pravastatin	contraindication	injury
Warfarin	contraindication	injury
Pentoxyverine	contraindication	injury
Glutethimide	contraindication	injury
Lovastatin	contraindication	injury
Miglitol	contraindication	injury
Sodium citrate	contraindication	injury
Dicoumarol	contraindication	injury
Metformin	contraindication	injury
Tolbutamide	contraindication	injury
Phenylephrine	contraindication	injury
Acarbose	contraindication	injury
Sitagliptin	contraindication	injury
Saxagliptin	contraindication	injury
Ephedrine	contraindication	injury
Glipizide	contraindication	injury
Rosuvastatin	contraindication	injury
Tipranavir	contraindication	injury
Prasugrel	contraindication	injury
Pitavastatin	contraindication	injury
Tirofiban	contraindication	injury
Repaglinide	contraindication	injury
Atorvastatin	contraindication	injury
Dextromethorphan	contraindication	injury
Hydrocodone	contraindication	injury
Tolazamide	contraindication	injury
Clopidogrel	contraindication	injury
Pioglitazone	contraindication	injury
Nateglinide	contraindication	injury
Glyburide	contraindication	injury
Benzocaine	contraindication	appendicitis
Homatropine	contraindication	appendicitis
Cholic Acid	contraindication	appendicitis
Dehydrocholic acid	contraindication	appendicitis
Sodium phosphate, monobasic	contraindication	appendicitis
Magnesium sulfate	contraindication	appendicitis
Potassium chloride	contraindication	appendicitis
Bisacodyl	contraindication	appendicitis
Phenobarbital	contraindication	appendicitis
Lactulose	contraindication	appendicitis
Magnesium citrate	contraindication	appendicitis
Polyethylene glycol	contraindication	appendicitis
Polyethylene glycol 400	contraindication	appendicitis
Polyethylene glycol 300	contraindication	appendicitis
Polyethylene glycol 3500	contraindication	appendicitis
Magnesium hydroxide	contraindication	appendicitis
Dantron	contraindication	appendicitis
Phenol	contraindication	appendicitis
Docusate	contraindication	appendicitis
Benzocaine	contraindication	thyrotoxicosis
Benzocaine	contraindication	hyperthyroidism
Benzocaine	contraindication	Graves disease
Clomifene	contraindication	thyrotoxicosis
Clomifene	contraindication	hyperthyroidism
Clomifene	contraindication	Graves disease
Salmeterol	contraindication	thyrotoxicosis
Salmeterol	contraindication	hyperthyroidism
Salmeterol	contraindication	Graves disease
Racementhol	contraindication	thyrotoxicosis
Racementhol	contraindication	hyperthyroidism
Racementhol	contraindication	Graves disease
Benzatropine	contraindication	thyrotoxicosis
Benzatropine	contraindication	hyperthyroidism
Benzatropine	contraindication	Graves disease
Mometasone furoate	contraindication	thyrotoxicosis
Mometasone furoate	contraindication	hyperthyroidism
Mometasone furoate	contraindication	Graves disease
Fluticasone propionate	contraindication	thyrotoxicosis
Fluticasone propionate	contraindication	hyperthyroidism
Fluticasone propionate	contraindication	Graves disease
Formoterol	contraindication	thyrotoxicosis
Formoterol	contraindication	hyperthyroidism
Formoterol	contraindication	Graves disease
Choline magnesium trisalicylate	contraindication	thyrotoxicosis
Choline magnesium trisalicylate	contraindication	hyperthyroidism
Choline magnesium trisalicylate	contraindication	Graves disease
Salsalate	contraindication	thyrotoxicosis
Salsalate	contraindication	hyperthyroidism
Salsalate	contraindication	Graves disease
Biperiden	contraindication	thyrotoxicosis
Biperiden	contraindication	hyperthyroidism
Biperiden	contraindication	Graves disease
Nylidrin	contraindication	thyrotoxicosis
Nylidrin	contraindication	hyperthyroidism
Nylidrin	contraindication	Graves disease
Midodrine	contraindication	thyrotoxicosis
Midodrine	contraindication	hyperthyroidism
Midodrine	contraindication	Graves disease
Capsaicin	contraindication	thyrotoxicosis
Capsaicin	contraindication	hyperthyroidism
Capsaicin	contraindication	Graves disease
Linezolid	contraindication	thyrotoxicosis
Linezolid	contraindication	hyperthyroidism
Linezolid	contraindication	Graves disease
Trihexyphenidyl	contraindication	thyrotoxicosis
Trihexyphenidyl	contraindication	hyperthyroidism
Trihexyphenidyl	contraindication	Graves disease
Sodium tetradecyl sulfate	contraindication	thyrotoxicosis
Sodium tetradecyl sulfate	contraindication	hyperthyroidism
Sodium tetradecyl sulfate	contraindication	Graves disease
Benzocaine	contraindication	skin disease
Benzocaine	contraindication	actinic keratosis (disease)
Benzocaine	contraindication	seborrheic keratosis
Racementhol	contraindication	skin disease
Racementhol	contraindication	actinic keratosis (disease)
Racementhol	contraindication	seborrheic keratosis
Cysteamine	contraindication	skin disease
Cysteamine	contraindication	actinic keratosis (disease)
Cysteamine	contraindication	seborrheic keratosis
Lindane	contraindication	skin disease
Lindane	contraindication	actinic keratosis (disease)
Lindane	contraindication	seborrheic keratosis
Capsaicin	contraindication	skin disease
Capsaicin	contraindication	actinic keratosis (disease)
Capsaicin	contraindication	seborrheic keratosis
Lidocaine	contraindication	skin disease
Lidocaine	contraindication	actinic keratosis (disease)
Lidocaine	contraindication	seborrheic keratosis
Benzocaine	contraindication	thrombocytopenic purpura
Phenyltoloxamine	contraindication	thrombocytopenic purpura
Racementhol	contraindication	thrombocytopenic purpura
Pheniramine	contraindication	thrombocytopenic purpura
Orphenadrine	contraindication	thrombocytopenic purpura
Pravastatin	contraindication	thrombocytopenic purpura
Citric acid	contraindication	thrombocytopenic purpura
Codeine	contraindication	thrombocytopenic purpura
Sodium phosphate, monobasic	contraindication	thrombocytopenic purpura
Apraclonidine	contraindication	thrombocytopenic purpura
Benzoic acid	contraindication	thrombocytopenic purpura
Salicylamide	contraindication	thrombocytopenic purpura
Choline magnesium trisalicylate	contraindication	thrombocytopenic purpura
Methylene blue	contraindication	thrombocytopenic purpura
Cyclosporine	contraindication	thrombocytopenic purpura
Acyclovir	contraindication	thrombocytopenic purpura
Phenylephrine	contraindication	thrombocytopenic purpura
Dipyridamole	contraindication	thrombocytopenic purpura
Caffeine	contraindication	thrombocytopenic purpura
Meprobamate	contraindication	thrombocytopenic purpura
Salsalate	contraindication	thrombocytopenic purpura
Phenobarbital	contraindication	thrombocytopenic purpura
Capsaicin	contraindication	thrombocytopenic purpura
Calcium gluconate	contraindication	thrombocytopenic purpura
Magnesium salicylate	contraindication	thrombocytopenic purpura
Erlotinib	contraindication	thrombocytopenic purpura
Everolimus	contraindication	thrombocytopenic purpura
Prasugrel	contraindication	thrombocytopenic purpura
Phenylpropanolamine	contraindication	thrombocytopenic purpura
Lidocaine	contraindication	thrombocytopenic purpura
Chlorpheniramine	contraindication	thrombocytopenic purpura
Quinine	contraindication	thrombocytopenic purpura
Hydrocodone	contraindication	thrombocytopenic purpura
Dihydrocodeine	contraindication	thrombocytopenic purpura
Clopidogrel	contraindication	thrombocytopenic purpura
Hyoscyamine	contraindication	thrombocytopenic purpura
Methenamine	contraindication	thrombocytopenic purpura
Benzocaine	contraindication	constipation disorder
Guaifenesin	contraindication	constipation disorder
Mepyramine	contraindication	constipation disorder
Pseudoephedrine	contraindication	constipation disorder
Guaiacol	contraindication	constipation disorder
Brompheniramine	contraindication	constipation disorder
Pheniramine	contraindication	constipation disorder
Phylloquinone	contraindication	constipation disorder
Pravastatin	contraindication	constipation disorder
Homatropine methylbromide	contraindication	constipation disorder
Famotidine	contraindication	constipation disorder
Sodium fluoride	contraindication	constipation disorder
Silicon dioxide	contraindication	constipation disorder
Codeine	contraindication	constipation disorder
Melatonin	contraindication	constipation disorder
Almasilate	contraindication	constipation disorder
Didanosine	contraindication	constipation disorder
Cholecalciferol	contraindication	constipation disorder
Salicylamide	contraindication	constipation disorder
Phenylephrine	contraindication	constipation disorder
Folic acid	contraindication	constipation disorder
Biotin	contraindication	constipation disorder
Caffeine	contraindication	constipation disorder
Glycine	contraindication	constipation disorder
Tyramine	contraindication	constipation disorder
Ascorbic acid	contraindication	constipation disorder
Ergocalciferol	contraindication	constipation disorder
Carbinoxamine	contraindication	constipation disorder
Hydromorphone	contraindication	constipation disorder
Naloxone	contraindication	constipation disorder
Bupivacaine	contraindication	constipation disorder
Ephedrine	contraindication	constipation disorder
Calcium gluconate	contraindication	constipation disorder
Guanfacine	contraindication	constipation disorder
Dexchlorpheniramine	contraindication	constipation disorder
Eribulin	contraindication	constipation disorder
Ibuprofen	contraindication	constipation disorder
Cianidanol	contraindication	constipation disorder
Magnesium trisilicate	contraindication	constipation disorder
Phenylpropanolamine	contraindication	constipation disorder
Ferrous fumarate	contraindication	constipation disorder
Chlorpheniramine	contraindication	constipation disorder
Dexbrompheniramine	contraindication	constipation disorder
Dextromethorphan	contraindication	constipation disorder
Hydrocodone	contraindication	constipation disorder
Dihydrocodeine	contraindication	constipation disorder
Cholestyramine	contraindication	constipation disorder
Risedronic acid	contraindication	constipation disorder
Benzocaine	contraindication	nasal cavity polyp
Phenyltoloxamine	contraindication	nasal cavity polyp
Racementhol	contraindication	nasal cavity polyp
Pheniramine	contraindication	nasal cavity polyp
Orphenadrine	contraindication	nasal cavity polyp
Pravastatin	contraindication	nasal cavity polyp
Citric acid	contraindication	nasal cavity polyp
Codeine	contraindication	nasal cavity polyp
Sodium phosphate, monobasic	contraindication	nasal cavity polyp
Benzoic acid	contraindication	nasal cavity polyp
Salicylamide	contraindication	nasal cavity polyp
Choline magnesium trisalicylate	contraindication	nasal cavity polyp
Methylene blue	contraindication	nasal cavity polyp
Phenylephrine	contraindication	nasal cavity polyp
Dipyridamole	contraindication	nasal cavity polyp
Caffeine	contraindication	nasal cavity polyp
Meprobamate	contraindication	nasal cavity polyp
Salsalate	contraindication	nasal cavity polyp
Phenobarbital	contraindication	nasal cavity polyp
Capsaicin	contraindication	nasal cavity polyp
Calcium gluconate	contraindication	nasal cavity polyp
Magnesium salicylate	contraindication	nasal cavity polyp
Cromoglicic acid	contraindication	nasal cavity polyp
Phenylpropanolamine	contraindication	nasal cavity polyp
Lidocaine	contraindication	nasal cavity polyp
Chlorpheniramine	contraindication	nasal cavity polyp
Hydrocodone	contraindication	nasal cavity polyp
Dihydrocodeine	contraindication	nasal cavity polyp
Hyoscyamine	contraindication	nasal cavity polyp
Methenamine	contraindication	nasal cavity polyp
Benzocaine	contraindication	gastroenteritis
Benzocaine	contraindication	congenital prothrombin deficiency
Cefprozil	contraindication	congenital prothrombin deficiency
Phenyltoloxamine	contraindication	congenital prothrombin deficiency
Racementhol	contraindication	congenital prothrombin deficiency
Cefepime	contraindication	congenital prothrombin deficiency
Pheniramine	contraindication	congenital prothrombin deficiency
Orphenadrine	contraindication	congenital prothrombin deficiency
Pravastatin	contraindication	congenital prothrombin deficiency
Citric acid	contraindication	congenital prothrombin deficiency
Codeine	contraindication	congenital prothrombin deficiency
Sodium phosphate, monobasic	contraindication	congenital prothrombin deficiency
Ceftazidime	contraindication	congenital prothrombin deficiency
Cefotetan	contraindication	congenital prothrombin deficiency
Ceftizoxime	contraindication	congenital prothrombin deficiency
Benzoic acid	contraindication	congenital prothrombin deficiency
Salicylamide	contraindication	congenital prothrombin deficiency
Choline magnesium trisalicylate	contraindication	congenital prothrombin deficiency
Methylene blue	contraindication	congenital prothrombin deficiency
Methimazole	contraindication	congenital prothrombin deficiency
Phenylephrine	contraindication	congenital prothrombin deficiency
Dipyridamole	contraindication	congenital prothrombin deficiency
Caffeine	contraindication	congenital prothrombin deficiency
Meprobamate	contraindication	congenital prothrombin deficiency
Cefuroxime	contraindication	congenital prothrombin deficiency
Salsalate	contraindication	congenital prothrombin deficiency
Phenobarbital	contraindication	congenital prothrombin deficiency
Capsaicin	contraindication	congenital prothrombin deficiency
Cefamandole	contraindication	congenital prothrombin deficiency
Calcium gluconate	contraindication	congenital prothrombin deficiency
Cefazolin	contraindication	congenital prothrombin deficiency
Magnesium salicylate	contraindication	congenital prothrombin deficiency
Phenylpropanolamine	contraindication	congenital prothrombin deficiency
Lidocaine	contraindication	congenital prothrombin deficiency
Chlorpheniramine	contraindication	congenital prothrombin deficiency
Hydrocodone	contraindication	congenital prothrombin deficiency
Dihydrocodeine	contraindication	congenital prothrombin deficiency
Hyoscyamine	contraindication	congenital prothrombin deficiency
Methenamine	contraindication	congenital prothrombin deficiency
Synephrine	contraindication	arteriosclerosis disorder
Synephrine	contraindication	atherosclerosis
Polyvinyl alcohol	contraindication	arteriosclerosis disorder
Polyvinyl alcohol	contraindication	atherosclerosis
Diethylpropion	contraindication	arteriosclerosis disorder
Diethylpropion	contraindication	atherosclerosis
Potassium citrate	contraindication	arteriosclerosis disorder
Potassium citrate	contraindication	atherosclerosis
Potassium Iodide	contraindication	arteriosclerosis disorder
Potassium Iodide	contraindication	atherosclerosis
Potassium chloride	contraindication	arteriosclerosis disorder
Potassium chloride	contraindication	atherosclerosis
Sodium citrate	contraindication	arteriosclerosis disorder
Sodium citrate	contraindication	atherosclerosis
Phendimetrazine	contraindication	arteriosclerosis disorder
Phendimetrazine	contraindication	atherosclerosis
Lisdexamfetamine	contraindication	arteriosclerosis disorder
Lisdexamfetamine	contraindication	atherosclerosis
Testosterone	contraindication	arteriosclerosis disorder
Testosterone	contraindication	atherosclerosis
Caffeine	contraindication	arteriosclerosis disorder
Caffeine	contraindication	atherosclerosis
Metamfetamine	contraindication	arteriosclerosis disorder
Metamfetamine	contraindication	atherosclerosis
Cyclopentolate	contraindication	arteriosclerosis disorder
Cyclopentolate	contraindication	atherosclerosis
Dextroamphetamine	contraindication	arteriosclerosis disorder
Dextroamphetamine	contraindication	atherosclerosis
Oxymetholone	contraindication	arteriosclerosis disorder
Oxymetholone	contraindication	atherosclerosis
Amphetamine	contraindication	arteriosclerosis disorder
Amphetamine	contraindication	atherosclerosis
Benzphetamine	contraindication	arteriosclerosis disorder
Benzphetamine	contraindication	atherosclerosis
Oxymetazoline	contraindication	arteriosclerosis disorder
Oxymetazoline	contraindication	atherosclerosis
Phenylpropanolamine	contraindication	arteriosclerosis disorder
Phenylpropanolamine	contraindication	atherosclerosis
Sulfacetamide	contraindication	arteriosclerosis disorder
Sulfacetamide	contraindication	atherosclerosis
Sodium tetradecyl sulfate	contraindication	arteriosclerosis disorder
Sodium tetradecyl sulfate	contraindication	atherosclerosis
Phenmetrazine	contraindication	arteriosclerosis disorder
Phenmetrazine	contraindication	atherosclerosis
Butabarbital	contraindication	arteriosclerosis disorder
Butabarbital	contraindication	atherosclerosis
Calcium chloride	contraindication	arteriosclerosis disorder
Calcium chloride	contraindication	atherosclerosis
Synephrine	contraindication	ventricular tachycardia
Guaifenesin	contraindication	ventricular tachycardia
Phenyltoloxamine	contraindication	ventricular tachycardia
Mepyramine	contraindication	ventricular tachycardia
Pseudoephedrine	contraindication	ventricular tachycardia
Guaiacol	contraindication	ventricular tachycardia
Trandolapril	contraindication	ventricular tachycardia
Potassium citrate	contraindication	ventricular tachycardia
Brompheniramine	contraindication	ventricular tachycardia
Pheniramine	contraindication	ventricular tachycardia
Chlorcyclizine	contraindication	ventricular tachycardia
Cyclizine	contraindication	ventricular tachycardia
Clarithromycin	contraindication	ventricular tachycardia
Clofedanol	contraindication	ventricular tachycardia
Pentoxyverine	contraindication	ventricular tachycardia
Potassium Iodide	contraindication	ventricular tachycardia
Codeine	contraindication	ventricular tachycardia
Potassium chloride	contraindication	ventricular tachycardia
Sodium citrate	contraindication	ventricular tachycardia
Phenylephrine	contraindication	ventricular tachycardia
Caffeine	contraindication	ventricular tachycardia
Verapamil	contraindication	ventricular tachycardia
Scopolamine	contraindication	ventricular tachycardia
Carbinoxamine	contraindication	ventricular tachycardia
Triprolidine	contraindication	ventricular tachycardia
Doxylamine	contraindication	ventricular tachycardia
Diltiazem	contraindication	ventricular tachycardia
Ephedrine	contraindication	ventricular tachycardia
Amoxicillin	contraindication	ventricular tachycardia
Dexchlorpheniramine	contraindication	ventricular tachycardia
Daunorubicin	contraindication	ventricular tachycardia
Phenylpropanolamine	contraindication	ventricular tachycardia
Methscopolamine	contraindication	ventricular tachycardia
Chlorpheniramine	contraindication	ventricular tachycardia
Dexbrompheniramine	contraindication	ventricular tachycardia
Dextromethorphan	contraindication	ventricular tachycardia
Hydrocodone	contraindication	ventricular tachycardia
Dihydrocodeine	contraindication	ventricular tachycardia
Lansoprazole	contraindication	ventricular tachycardia
Calcium chloride	contraindication	ventricular tachycardia
Desmopressin	contraindication	pharyngitis
Desmopressin	contraindication	common cold
Lopinavir	contraindication	obsolete familial combined hyperlipidemia
Lopinavir	contraindication	hyperlipidemia, familial combined, LPL related
Danazol	contraindication	obsolete familial combined hyperlipidemia
Danazol	contraindication	hyperlipidemia, familial combined, LPL related
Ritonavir	contraindication	obsolete familial combined hyperlipidemia
Ritonavir	contraindication	hyperlipidemia, familial combined, LPL related
Nizatidine	contraindication	gastric cancer
Nizatidine	contraindication	gastric neoplasm
Nizatidine	contraindication	diffuse gastric adenocarcinoma
Nizatidine	contraindication	gastric linitis plastica
Nizatidine	contraindication	gastric carcinoma
Famotidine	contraindication	gastric cancer
Famotidine	contraindication	gastric neoplasm
Famotidine	contraindication	diffuse gastric adenocarcinoma
Famotidine	contraindication	gastric linitis plastica
Famotidine	contraindication	gastric carcinoma
Ranitidine	contraindication	gastric cancer
Ranitidine	contraindication	gastric neoplasm
Ranitidine	contraindication	diffuse gastric adenocarcinoma
Ranitidine	contraindication	gastric linitis plastica
Ranitidine	contraindication	gastric carcinoma
Cimetidine	contraindication	gastric cancer
Cimetidine	contraindication	gastric neoplasm
Cimetidine	contraindication	diffuse gastric adenocarcinoma
Cimetidine	contraindication	gastric linitis plastica
Cimetidine	contraindication	gastric carcinoma
Magnesium hydroxide	contraindication	gastric cancer
Magnesium hydroxide	contraindication	gastric neoplasm
Magnesium hydroxide	contraindication	diffuse gastric adenocarcinoma
Magnesium hydroxide	contraindication	gastric linitis plastica
Magnesium hydroxide	contraindication	gastric carcinoma
Glimepiride	contraindication	pulmonary edema
Guaifenesin	contraindication	pulmonary edema
Pseudoephedrine	contraindication	pulmonary edema
Guaiacol	contraindication	pulmonary edema
Potassium citrate	contraindication	pulmonary edema
Iloprost	contraindication	pulmonary edema
Citric acid	contraindication	pulmonary edema
Potassium Iodide	contraindication	pulmonary edema
Didanosine	contraindication	pulmonary edema
Hydroxyzine	contraindication	pulmonary edema
Sodium citrate	contraindication	pulmonary edema
Metformin	contraindication	pulmonary edema
Phenylephrine	contraindication	pulmonary edema
Theophylline	contraindication	pulmonary edema
Pentostatin	contraindication	pulmonary edema
Phenobarbital	contraindication	pulmonary edema
Epoprostenol	contraindication	pulmonary edema
Ephedrine	contraindication	pulmonary edema
Terbutaline	contraindication	pulmonary edema
Imatinib	contraindication	pulmonary edema
Bosentan	contraindication	pulmonary edema
Cytarabine	contraindication	pulmonary edema
Dextromethorphan	contraindication	pulmonary edema
Ammonium chloride	contraindication	pulmonary edema
Docetaxel	contraindication	pulmonary edema
Glimepiride	contraindication	myocardial ischemia
Guaifenesin	contraindication	myocardial ischemia
Phenyltoloxamine	contraindication	myocardial ischemia
Mepyramine	contraindication	myocardial ischemia
Vinblastine	contraindication	myocardial ischemia
Vinblastine	contraindication	coronary artery disease
Pheniramine	contraindication	myocardial ischemia
Quinapril	contraindication	myocardial ischemia
Quinapril	contraindication	coronary artery disease
Itraconazole	contraindication	myocardial ischemia
Itraconazole	contraindication	coronary artery disease
Perazine	contraindication	myocardial ischemia
Alimemazine	contraindication	myocardial ischemia
Alimemazine	contraindication	coronary artery disease
Orphenadrine	contraindication	myocardial ischemia
Orphenadrine	contraindication	coronary artery disease
Riboflavin	contraindication	myocardial ischemia
Riboflavin	contraindication	coronary artery disease
Ofloxacin	contraindication	myocardial ischemia
Ofloxacin	contraindication	coronary artery disease
Cisapride	contraindication	myocardial ischemia
Cisapride	contraindication	coronary artery disease
Pentoxyverine	contraindication	myocardial ischemia
Potassium Iodide	contraindication	myocardial ischemia
Codeine	contraindication	myocardial ischemia
Isopropamide	contraindication	myocardial ischemia
Norfloxacin	contraindication	myocardial ischemia
Norfloxacin	contraindication	coronary artery disease
Fluphenazine	contraindication	myocardial ischemia
Fluphenazine	contraindication	coronary artery disease
Modafinil	contraindication	myocardial ischemia
Modafinil	contraindication	coronary artery disease
Hydroxyzine	contraindication	myocardial ischemia
Metformin	contraindication	myocardial ischemia
Asenapine	contraindication	myocardial ischemia
Asenapine	contraindication	coronary artery disease
Salicylamide	contraindication	myocardial ischemia
Salicylamide	contraindication	coronary artery disease
Ipratropium	contraindication	myocardial ischemia
Ipratropium	contraindication	coronary artery disease
Phenylephrine	contraindication	myocardial ischemia
Orciprenaline	contraindication	myocardial ischemia
Chlorothiazide	contraindication	myocardial ischemia
Hydrochlorothiazide	contraindication	myocardial ischemia
Theophylline	contraindication	myocardial ischemia
Promazine	contraindication	myocardial ischemia
Promazine	contraindication	coronary artery disease
Perphenazine	contraindication	myocardial ischemia
Perphenazine	contraindication	coronary artery disease
Prochlorperazine	contraindication	myocardial ischemia
Caffeine	contraindication	myocardial ischemia
Fluoxetine	contraindication	myocardial ischemia
Fluoxetine	contraindication	coronary artery disease
Floxuridine	contraindication	myocardial ischemia
Floxuridine	contraindication	coronary artery disease
Chlorpromazine	contraindication	myocardial ischemia
Chlorpromazine	contraindication	coronary artery disease
Amitriptyline	contraindication	myocardial ischemia
Amitriptyline	contraindication	coronary artery disease
Phenobarbital	contraindication	myocardial ischemia
Dyphylline	contraindication	myocardial ischemia
Isotretinoin	contraindication	myocardial ischemia
Isotretinoin	contraindication	coronary artery disease
Clonidine	contraindication	myocardial ischemia
Clonidine	contraindication	coronary artery disease
Ribavirin	contraindication	myocardial ischemia
Amphetamine	contraindication	myocardial ischemia
Ephedrine	contraindication	myocardial ischemia
Calcium gluconate	contraindication	myocardial ischemia
Calcium gluconate	contraindication	coronary artery disease
Sorafenib	contraindication	myocardial ischemia
Acetophenazine	contraindication	myocardial ischemia
Acetophenazine	contraindication	coronary artery disease
Terbutaline	contraindication	myocardial ischemia
Terbutaline	contraindication	coronary artery disease
Naproxen	contraindication	myocardial ischemia
Ixabepilone	contraindication	myocardial ischemia
Ixabepilone	contraindication	coronary artery disease
Lopinavir	contraindication	myocardial ischemia
Lopinavir	contraindication	coronary artery disease
Magnesium salicylate	contraindication	myocardial ischemia
Magnesium salicylate	contraindication	coronary artery disease
Salbutamol	contraindication	myocardial ischemia
Salbutamol	contraindication	coronary artery disease
Erlotinib	contraindication	myocardial ischemia
Erlotinib	contraindication	coronary artery disease
Frovatriptan	contraindication	myocardial ischemia
Ibuprofen	contraindication	myocardial ischemia
Ritonavir	contraindication	myocardial ischemia
Ritonavir	contraindication	coronary artery disease
Almotriptan	contraindication	myocardial ischemia
Moxifloxacin	contraindication	myocardial ischemia
Moxifloxacin	contraindication	coronary artery disease
Tropicamide	contraindication	myocardial ischemia
Tropicamide	contraindication	coronary artery disease
Phenylpropanolamine	contraindication	myocardial ischemia
Ziprasidone	contraindication	myocardial ischemia
Ziprasidone	contraindication	coronary artery disease
Triflupromazine	contraindication	myocardial ischemia
Triflupromazine	contraindication	coronary artery disease
Rizatriptan	contraindication	myocardial ischemia
Rizatriptan	contraindication	coronary artery disease
Eletriptan	contraindication	myocardial ischemia
Zolmitriptan	contraindication	myocardial ischemia
Olanzapine	contraindication	myocardial ischemia
Olanzapine	contraindication	coronary artery disease
Chlorpheniramine	contraindication	myocardial ischemia
Aripiprazole	contraindication	myocardial ischemia
Aripiprazole	contraindication	coronary artery disease
Dihydrocodeine	contraindication	myocardial ischemia
Naratriptan	contraindication	myocardial ischemia
Ammonium chloride	contraindication	myocardial ischemia
Ammonium chloride	contraindication	coronary artery disease
Ergotamine	contraindication	myocardial ischemia
Quetiapine	contraindication	myocardial ischemia
Quetiapine	contraindication	coronary artery disease
Risperidone	contraindication	myocardial ischemia
Risperidone	contraindication	coronary artery disease
Moexipril	contraindication	myocardial ischemia
Moexipril	contraindication	coronary artery disease
Sumatriptan	contraindication	myocardial ischemia
Levofloxacin	contraindication	myocardial ischemia
Levofloxacin	contraindication	coronary artery disease
Buprenorphine	contraindication	substance abuse/dependence
Venlafaxine	contraindication	inappropriate ADH syndrome
Venlafaxine	contraindication	nephrogenic syndrome of inappropriate antidiuresis
Desvenlafaxine	contraindication	inappropriate ADH syndrome
Desvenlafaxine	contraindication	nephrogenic syndrome of inappropriate antidiuresis
Milnacipran	contraindication	inappropriate ADH syndrome
Milnacipran	contraindication	nephrogenic syndrome of inappropriate antidiuresis
Sertraline	contraindication	inappropriate ADH syndrome
Sertraline	contraindication	nephrogenic syndrome of inappropriate antidiuresis
Lisinopril	contraindication	inappropriate ADH syndrome
Lisinopril	contraindication	nephrogenic syndrome of inappropriate antidiuresis
Paroxetine	contraindication	inappropriate ADH syndrome
Paroxetine	contraindication	nephrogenic syndrome of inappropriate antidiuresis
Citalopram	contraindication	inappropriate ADH syndrome
Citalopram	contraindication	nephrogenic syndrome of inappropriate antidiuresis
Chlorothiazide	contraindication	inappropriate ADH syndrome
Chlorothiazide	contraindication	nephrogenic syndrome of inappropriate antidiuresis
Hydrochlorothiazide	contraindication	inappropriate ADH syndrome
Hydrochlorothiazide	contraindication	nephrogenic syndrome of inappropriate antidiuresis
Fluoxetine	contraindication	inappropriate ADH syndrome
Fluoxetine	contraindication	nephrogenic syndrome of inappropriate antidiuresis
Fluvoxamine	contraindication	inappropriate ADH syndrome
Fluvoxamine	contraindication	nephrogenic syndrome of inappropriate antidiuresis
Carbamazepine	contraindication	inappropriate ADH syndrome
Carbamazepine	contraindication	nephrogenic syndrome of inappropriate antidiuresis
Oxcarbazepine	contraindication	inappropriate ADH syndrome
Oxcarbazepine	contraindication	nephrogenic syndrome of inappropriate antidiuresis
Trazodone	contraindication	inappropriate ADH syndrome
Trazodone	contraindication	nephrogenic syndrome of inappropriate antidiuresis
Vilazodone	contraindication	inappropriate ADH syndrome
Vilazodone	contraindication	nephrogenic syndrome of inappropriate antidiuresis
Olanzapine	contraindication	inappropriate ADH syndrome
Olanzapine	contraindication	nephrogenic syndrome of inappropriate antidiuresis
Escitalopram	contraindication	inappropriate ADH syndrome
Escitalopram	contraindication	nephrogenic syndrome of inappropriate antidiuresis
Duloxetine	contraindication	inappropriate ADH syndrome
Duloxetine	contraindication	nephrogenic syndrome of inappropriate antidiuresis
Venlafaxine	contraindication	cerebrovascular disorder
Desvenlafaxine	contraindication	cerebrovascular disorder
Warfarin	contraindication	cerebrovascular disorder
Chlorthalidone	contraindication	cerebrovascular disorder
Dicoumarol	contraindication	cerebrovascular disorder
Brimonidine	contraindication	cerebrovascular disorder
Isocarboxazid	contraindication	cerebrovascular disorder
Apomorphine	contraindication	cerebrovascular disorder
Morphine	contraindication	cerebrovascular disorder
Phenelzine	contraindication	cerebrovascular disorder
Guanabenz	contraindication	cerebrovascular disorder
Clonidine	contraindication	cerebrovascular disorder
Diazoxide	contraindication	cerebrovascular disorder
Estramustine	contraindication	cerebrovascular disorder
Guanfacine	contraindication	cerebrovascular disorder
Timolol	contraindication	cerebrovascular disorder
Tranylcypromine	contraindication	cerebrovascular disorder
Ziprasidone	contraindication	cerebrovascular disorder
Paliperidone	contraindication	cerebrovascular disorder
Aripiprazole	contraindication	cerebrovascular disorder
Quetiapine	contraindication	cerebrovascular disorder
Phenyltoloxamine	contraindication	anxiety disorder
Mepyramine	contraindication	anxiety disorder
Pheniramine	contraindication	anxiety disorder
Orphenadrine	contraindication	anxiety disorder
Riboflavin	contraindication	anxiety disorder
Salicylamide	contraindication	anxiety disorder
Phenylephrine	contraindication	anxiety disorder
Bupropion	contraindication	anxiety disorder
Calcium gluconate	contraindication	anxiety disorder
Magnesium salicylate	contraindication	anxiety disorder
Ibuprofen	contraindication	anxiety disorder
Phenylpropanolamine	contraindication	anxiety disorder
Chlorpheniramine	contraindication	anxiety disorder
Dihydrocodeine	contraindication	anxiety disorder
Ammonium chloride	contraindication	anxiety disorder
Fosphenytoin	contraindication	cyclic hematopoiesis
Fosphenytoin	contraindication	severe congenital neutropenia
Fosphenytoin	contraindication	constitutional neutropenia
Ofloxacin	contraindication	cyclic hematopoiesis
Ofloxacin	contraindication	severe congenital neutropenia
Ofloxacin	contraindication	constitutional neutropenia
Ganciclovir	contraindication	cyclic hematopoiesis
Ganciclovir	contraindication	severe congenital neutropenia
Ganciclovir	contraindication	constitutional neutropenia
Leflunomide	contraindication	cyclic hematopoiesis
Leflunomide	contraindication	severe congenital neutropenia
Leflunomide	contraindication	constitutional neutropenia
Molindone	contraindication	cyclic hematopoiesis
Molindone	contraindication	severe congenital neutropenia
Molindone	contraindication	constitutional neutropenia
Norfloxacin	contraindication	cyclic hematopoiesis
Norfloxacin	contraindication	severe congenital neutropenia
Norfloxacin	contraindication	constitutional neutropenia
Asenapine	contraindication	cyclic hematopoiesis
Asenapine	contraindication	severe congenital neutropenia
Asenapine	contraindication	constitutional neutropenia
Colchicine	contraindication	cyclic hematopoiesis
Colchicine	contraindication	severe congenital neutropenia
Colchicine	contraindication	constitutional neutropenia
Methimazole	contraindication	cyclic hematopoiesis
Methimazole	contraindication	severe congenital neutropenia
Methimazole	contraindication	constitutional neutropenia
Probenecid	contraindication	cyclic hematopoiesis
Probenecid	contraindication	severe congenital neutropenia
Probenecid	contraindication	constitutional neutropenia
Phenytoin	contraindication	cyclic hematopoiesis
Phenytoin	contraindication	severe congenital neutropenia
Phenytoin	contraindication	constitutional neutropenia
Chloramphenicol	contraindication	cyclic hematopoiesis
Chloramphenicol	contraindication	severe congenital neutropenia
Chloramphenicol	contraindication	constitutional neutropenia
Mesoridazine	contraindication	cyclic hematopoiesis
Mesoridazine	contraindication	severe congenital neutropenia
Mesoridazine	contraindication	constitutional neutropenia
Fluoxetine	contraindication	cyclic hematopoiesis
Fluoxetine	contraindication	severe congenital neutropenia
Fluoxetine	contraindication	constitutional neutropenia
Propafenone	contraindication	cyclic hematopoiesis
Propafenone	contraindication	severe congenital neutropenia
Propafenone	contraindication	constitutional neutropenia
Haloperidol	contraindication	cyclic hematopoiesis
Haloperidol	contraindication	severe congenital neutropenia
Haloperidol	contraindication	constitutional neutropenia
Penicillamine	contraindication	cyclic hematopoiesis
Penicillamine	contraindication	severe congenital neutropenia
Penicillamine	contraindication	constitutional neutropenia
Mechlorethamine	contraindication	cyclic hematopoiesis
Mechlorethamine	contraindication	severe congenital neutropenia
Mechlorethamine	contraindication	constitutional neutropenia
Propylthiouracil	contraindication	cyclic hematopoiesis
Propylthiouracil	contraindication	severe congenital neutropenia
Propylthiouracil	contraindication	constitutional neutropenia
Phenobarbital	contraindication	cyclic hematopoiesis
Phenobarbital	contraindication	severe congenital neutropenia
Phenobarbital	contraindication	constitutional neutropenia
Fenofibrate	contraindication	cyclic hematopoiesis
Fenofibrate	contraindication	severe congenital neutropenia
Fenofibrate	contraindication	constitutional neutropenia
Isotretinoin	contraindication	cyclic hematopoiesis
Isotretinoin	contraindication	severe congenital neutropenia
Isotretinoin	contraindication	constitutional neutropenia
Fenofibric acid	contraindication	cyclic hematopoiesis
Fenofibric acid	contraindication	severe congenital neutropenia
Fenofibric acid	contraindication	constitutional neutropenia
Thiothixene	contraindication	cyclic hematopoiesis
Thiothixene	contraindication	severe congenital neutropenia
Thiothixene	contraindication	constitutional neutropenia
Tretinoin	contraindication	cyclic hematopoiesis
Tretinoin	contraindication	severe congenital neutropenia
Tretinoin	contraindication	constitutional neutropenia
Carbamazepine	contraindication	cyclic hematopoiesis
Carbamazepine	contraindication	severe congenital neutropenia
Carbamazepine	contraindication	constitutional neutropenia
Daunorubicin	contraindication	cyclic hematopoiesis
Daunorubicin	contraindication	severe congenital neutropenia
Daunorubicin	contraindication	constitutional neutropenia
Pimozide	contraindication	cyclic hematopoiesis
Pimozide	contraindication	severe congenital neutropenia
Pimozide	contraindication	constitutional neutropenia
Deferasirox	contraindication	cyclic hematopoiesis
Deferasirox	contraindication	severe congenital neutropenia
Deferasirox	contraindication	constitutional neutropenia
Tiopronin	contraindication	cyclic hematopoiesis
Tiopronin	contraindication	severe congenital neutropenia
Tiopronin	contraindication	constitutional neutropenia
Melphalan	contraindication	cyclic hematopoiesis
Melphalan	contraindication	severe congenital neutropenia
Melphalan	contraindication	constitutional neutropenia
Cytarabine	contraindication	cyclic hematopoiesis
Cytarabine	contraindication	severe congenital neutropenia
Cytarabine	contraindication	constitutional neutropenia
Ziprasidone	contraindication	cyclic hematopoiesis
Ziprasidone	contraindication	severe congenital neutropenia
Ziprasidone	contraindication	constitutional neutropenia
Paliperidone	contraindication	cyclic hematopoiesis
Paliperidone	contraindication	severe congenital neutropenia
Paliperidone	contraindication	constitutional neutropenia
Olanzapine	contraindication	cyclic hematopoiesis
Olanzapine	contraindication	severe congenital neutropenia
Olanzapine	contraindication	constitutional neutropenia
Aripiprazole	contraindication	cyclic hematopoiesis
Aripiprazole	contraindication	severe congenital neutropenia
Aripiprazole	contraindication	constitutional neutropenia
Griseofulvin	contraindication	cyclic hematopoiesis
Griseofulvin	contraindication	severe congenital neutropenia
Griseofulvin	contraindication	constitutional neutropenia
Primidone	contraindication	cyclic hematopoiesis
Primidone	contraindication	severe congenital neutropenia
Primidone	contraindication	constitutional neutropenia
Chlorprothixene	contraindication	cyclic hematopoiesis
Chlorprothixene	contraindication	severe congenital neutropenia
Chlorprothixene	contraindication	constitutional neutropenia
Quetiapine	contraindication	cyclic hematopoiesis
Quetiapine	contraindication	severe congenital neutropenia
Quetiapine	contraindication	constitutional neutropenia
Risperidone	contraindication	cyclic hematopoiesis
Risperidone	contraindication	severe congenital neutropenia
Risperidone	contraindication	constitutional neutropenia
Levofloxacin	contraindication	cyclic hematopoiesis
Levofloxacin	contraindication	severe congenital neutropenia
Levofloxacin	contraindication	constitutional neutropenia
Guaifenesin	contraindication	pseudotumor cerebri
Guaifenesin	contraindication	intracranial hypertension
Mepyramine	contraindication	pseudotumor cerebri
Mepyramine	contraindication	intracranial hypertension
Pseudoephedrine	contraindication	pseudotumor cerebri
Pseudoephedrine	contraindication	intracranial hypertension
Guaiacol	contraindication	pseudotumor cerebri
Guaiacol	contraindication	intracranial hypertension
Homatropine	contraindication	pseudotumor cerebri
Homatropine	contraindication	intracranial hypertension
Hydralazine	contraindication	pseudotumor cerebri
Hydralazine	contraindication	intracranial hypertension
Brompheniramine	contraindication	pseudotumor cerebri
Brompheniramine	contraindication	intracranial hypertension
Pheniramine	contraindication	pseudotumor cerebri
Pheniramine	contraindication	intracranial hypertension
Chlorcyclizine	contraindication	pseudotumor cerebri
Chlorcyclizine	contraindication	intracranial hypertension
Cyclizine	contraindication	pseudotumor cerebri
Cyclizine	contraindication	intracranial hypertension
Amyl Nitrite	contraindication	pseudotumor cerebri
Amyl Nitrite	contraindication	intracranial hypertension
Homatropine methylbromide	contraindication	pseudotumor cerebri
Homatropine methylbromide	contraindication	intracranial hypertension
Potassium Iodide	contraindication	pseudotumor cerebri
Potassium Iodide	contraindication	intracranial hypertension
Codeine	contraindication	pseudotumor cerebri
Codeine	contraindication	intracranial hypertension
Salicylamide	contraindication	pseudotumor cerebri
Salicylamide	contraindication	intracranial hypertension
Cysteamine	contraindication	pseudotumor cerebri
Cysteamine	contraindication	intracranial hypertension
Cyclosporine	contraindication	pseudotumor cerebri
Cyclosporine	contraindication	intracranial hypertension
Phenylephrine	contraindication	pseudotumor cerebri
Phenylephrine	contraindication	intracranial hypertension
Chlorothiazide	contraindication	pseudotumor cerebri
Chlorothiazide	contraindication	intracranial hypertension
Hydrochlorothiazide	contraindication	pseudotumor cerebri
Hydrochlorothiazide	contraindication	intracranial hypertension
Caffeine	contraindication	pseudotumor cerebri
Caffeine	contraindication	intracranial hypertension
Morphine	contraindication	pseudotumor cerebri
Morphine	contraindication	intracranial hypertension
Etretinate	contraindication	pseudotumor cerebri
Etretinate	contraindication	intracranial hypertension
Buprenorphine	contraindication	pseudotumor cerebri
Buprenorphine	contraindication	intracranial hypertension
Methadyl acetate	contraindication	pseudotumor cerebri
Methadyl acetate	contraindication	intracranial hypertension
Reserpine	contraindication	pseudotumor cerebri
Reserpine	contraindication	intracranial hypertension
Carbinoxamine	contraindication	pseudotumor cerebri
Carbinoxamine	contraindication	intracranial hypertension
Triprolidine	contraindication	pseudotumor cerebri
Triprolidine	contraindication	intracranial hypertension
Isotretinoin	contraindication	pseudotumor cerebri
Isotretinoin	contraindication	intracranial hypertension
Hydromorphone	contraindication	pseudotumor cerebri
Hydromorphone	contraindication	intracranial hypertension
Naloxone	contraindication	pseudotumor cerebri
Naloxone	contraindication	intracranial hypertension
Bupivacaine	contraindication	pseudotumor cerebri
Bupivacaine	contraindication	intracranial hypertension
Tretinoin	contraindication	pseudotumor cerebri
Tretinoin	contraindication	intracranial hypertension
Ephedrine	contraindication	pseudotumor cerebri
Ephedrine	contraindication	intracranial hypertension
Tramadol	contraindication	pseudotumor cerebri
Tramadol	contraindication	intracranial hypertension
Dexchlorpheniramine	contraindication	pseudotumor cerebri
Dexchlorpheniramine	contraindication	intracranial hypertension
Naltrexone	contraindication	pseudotumor cerebri
Naltrexone	contraindication	intracranial hypertension
Ibuprofen	contraindication	pseudotumor cerebri
Ibuprofen	contraindication	intracranial hypertension
Phenylpropanolamine	contraindication	pseudotumor cerebri
Phenylpropanolamine	contraindication	intracranial hypertension
Chlorpheniramine	contraindication	pseudotumor cerebri
Chlorpheniramine	contraindication	intracranial hypertension
Dexbrompheniramine	contraindication	pseudotumor cerebri
Dexbrompheniramine	contraindication	intracranial hypertension
Dextromethorphan	contraindication	pseudotumor cerebri
Dextromethorphan	contraindication	intracranial hypertension
Hydrocodone	contraindication	pseudotumor cerebri
Hydrocodone	contraindication	intracranial hypertension
Dihydrocodeine	contraindication	pseudotumor cerebri
Dihydrocodeine	contraindication	intracranial hypertension
Bromodiphenhydramine	contraindication	pseudotumor cerebri
Bromodiphenhydramine	contraindication	intracranial hypertension
Minocycline	contraindication	pseudotumor cerebri
Minocycline	contraindication	intracranial hypertension
Orphenadrine	contraindication	gastritis
Pravastatin	contraindication	gastritis
Citric acid	contraindication	gastritis
Dipyridamole	contraindication	gastritis
Meprobamate	contraindication	gastritis
Calcium gluconate	contraindication	gastritis
Phenylpropanolamine	contraindication	gastritis
Hydrocodone	contraindication	gastritis
Dihydrocodeine	contraindication	gastritis
Phenyltoloxamine	contraindication	Reye syndrome
Phenyltoloxamine	contraindication	Alzheimer disease
Phenyltoloxamine	contraindication	Pick disease
Phenyltoloxamine	contraindication	cerebellar degeneration
Pheniramine	contraindication	Reye syndrome
Pheniramine	contraindication	Alzheimer disease
Pheniramine	contraindication	Pick disease
Pheniramine	contraindication	cerebellar degeneration
Orphenadrine	contraindication	Reye syndrome
Orphenadrine	contraindication	Alzheimer disease
Orphenadrine	contraindication	Pick disease
Orphenadrine	contraindication	cerebellar degeneration
Pravastatin	contraindication	Reye syndrome
Pravastatin	contraindication	Alzheimer disease
Pravastatin	contraindication	Pick disease
Pravastatin	contraindication	cerebellar degeneration
Citric acid	contraindication	Reye syndrome
Citric acid	contraindication	Alzheimer disease
Citric acid	contraindication	Pick disease
Citric acid	contraindication	cerebellar degeneration
Codeine	contraindication	Reye syndrome
Codeine	contraindication	Alzheimer disease
Codeine	contraindication	Pick disease
Codeine	contraindication	cerebellar degeneration
Salicylamide	contraindication	Reye syndrome
Salicylamide	contraindication	Alzheimer disease
Salicylamide	contraindication	Pick disease
Salicylamide	contraindication	cerebellar degeneration
Phenylephrine	contraindication	Reye syndrome
Phenylephrine	contraindication	Alzheimer disease
Phenylephrine	contraindication	Pick disease
Phenylephrine	contraindication	cerebellar degeneration
Dipyridamole	contraindication	Reye syndrome
Dipyridamole	contraindication	Alzheimer disease
Dipyridamole	contraindication	Pick disease
Dipyridamole	contraindication	cerebellar degeneration
Caffeine	contraindication	Reye syndrome
Caffeine	contraindication	Alzheimer disease
Caffeine	contraindication	Pick disease
Caffeine	contraindication	cerebellar degeneration
Meprobamate	contraindication	Reye syndrome
Meprobamate	contraindication	Alzheimer disease
Meprobamate	contraindication	Pick disease
Meprobamate	contraindication	cerebellar degeneration
Phenobarbital	contraindication	Reye syndrome
Phenobarbital	contraindication	Alzheimer disease
Phenobarbital	contraindication	Pick disease
Phenobarbital	contraindication	cerebellar degeneration
Calcium gluconate	contraindication	Reye syndrome
Calcium gluconate	contraindication	Alzheimer disease
Calcium gluconate	contraindication	Pick disease
Calcium gluconate	contraindication	cerebellar degeneration
Phenylpropanolamine	contraindication	Reye syndrome
Phenylpropanolamine	contraindication	Alzheimer disease
Phenylpropanolamine	contraindication	Pick disease
Phenylpropanolamine	contraindication	cerebellar degeneration
Chlorpheniramine	contraindication	Reye syndrome
Chlorpheniramine	contraindication	Alzheimer disease
Chlorpheniramine	contraindication	Pick disease
Chlorpheniramine	contraindication	cerebellar degeneration
Hydrocodone	contraindication	Reye syndrome
Hydrocodone	contraindication	Alzheimer disease
Hydrocodone	contraindication	Pick disease
Hydrocodone	contraindication	cerebellar degeneration
Dihydrocodeine	contraindication	Reye syndrome
Dihydrocodeine	contraindication	Alzheimer disease
Dihydrocodeine	contraindication	Pick disease
Dihydrocodeine	contraindication	cerebellar degeneration
Guaifenesin	contraindication	obsessive-compulsive disorder
Phenyltoloxamine	contraindication	obsessive-compulsive disorder
Mepyramine	contraindication	obsessive-compulsive disorder
Pheniramine	contraindication	obsessive-compulsive disorder
Orphenadrine	contraindication	obsessive-compulsive disorder
Riboflavin	contraindication	obsessive-compulsive disorder
Codeine	contraindication	obsessive-compulsive disorder
Salicylamide	contraindication	obsessive-compulsive disorder
Phenylephrine	contraindication	obsessive-compulsive disorder
Caffeine	contraindication	obsessive-compulsive disorder
Phenobarbital	contraindication	obsessive-compulsive disorder
Calcium gluconate	contraindication	obsessive-compulsive disorder
Magnesium salicylate	contraindication	obsessive-compulsive disorder
Ibuprofen	contraindication	obsessive-compulsive disorder
Phenylpropanolamine	contraindication	obsessive-compulsive disorder
Chlorpheniramine	contraindication	obsessive-compulsive disorder
Dihydrocodeine	contraindication	obsessive-compulsive disorder
Ammonium chloride	contraindication	obsessive-compulsive disorder
Ergotamine	contraindication	obsessive-compulsive disorder
Guaifenesin	contraindication	pulmonary emphysema
Mepyramine	contraindication	pulmonary emphysema
Pseudoephedrine	contraindication	pulmonary emphysema
Guaiacol	contraindication	pulmonary emphysema
Homatropine	contraindication	pulmonary emphysema
Brompheniramine	contraindication	pulmonary emphysema
Pheniramine	contraindication	pulmonary emphysema
Ganciclovir	contraindication	pulmonary emphysema
Esmolol	contraindication	pulmonary emphysema
Homatropine methylbromide	contraindication	pulmonary emphysema
Codeine	contraindication	pulmonary emphysema
Bendroflumethiazide	contraindication	pulmonary emphysema
Carvedilol	contraindication	pulmonary emphysema
Bisoprolol	contraindication	pulmonary emphysema
Betaxolol	contraindication	pulmonary emphysema
Brimonidine	contraindication	pulmonary emphysema
Phenylephrine	contraindication	pulmonary emphysema
Chlorothiazide	contraindication	pulmonary emphysema
Hydrochlorothiazide	contraindication	pulmonary emphysema
Adenosine	contraindication	pulmonary emphysema
Caffeine	contraindication	pulmonary emphysema
Quinidine	contraindication	pulmonary emphysema
Propranolol	contraindication	pulmonary emphysema
Carteolol	contraindication	pulmonary emphysema
Carbinoxamine	contraindication	pulmonary emphysema
Levobunolol	contraindication	pulmonary emphysema
Hydromorphone	contraindication	pulmonary emphysema
Naloxone	contraindication	pulmonary emphysema
Nadolol	contraindication	pulmonary emphysema
Bupivacaine	contraindication	pulmonary emphysema
Penbutolol	contraindication	pulmonary emphysema
Acebutolol	contraindication	pulmonary emphysema
Labetalol	contraindication	pulmonary emphysema
Paclitaxel	contraindication	pulmonary emphysema
Ephedrine	contraindication	pulmonary emphysema
Timolol	contraindication	pulmonary emphysema
Dexchlorpheniramine	contraindication	pulmonary emphysema
Metipranolol	contraindication	pulmonary emphysema
Ibuprofen	contraindication	pulmonary emphysema
Phenylpropanolamine	contraindication	pulmonary emphysema
Pindolol	contraindication	pulmonary emphysema
Chlorpheniramine	contraindication	pulmonary emphysema
Dexbrompheniramine	contraindication	pulmonary emphysema
Dextromethorphan	contraindication	pulmonary emphysema
Hydrocodone	contraindication	pulmonary emphysema
Dihydrocodeine	contraindication	pulmonary emphysema
Dorzolamide	contraindication	pulmonary emphysema
Guaifenesin	contraindication	alcohol withdrawal delirium
Mepyramine	contraindication	alcohol withdrawal delirium
Pseudoephedrine	contraindication	alcohol withdrawal delirium
Guaiacol	contraindication	alcohol withdrawal delirium
Homatropine	contraindication	alcohol withdrawal delirium
Brompheniramine	contraindication	alcohol withdrawal delirium
Pheniramine	contraindication	alcohol withdrawal delirium
Homatropine methylbromide	contraindication	alcohol withdrawal delirium
Codeine	contraindication	alcohol withdrawal delirium
Phenylephrine	contraindication	alcohol withdrawal delirium
Caffeine	contraindication	alcohol withdrawal delirium
Morphine	contraindication	alcohol withdrawal delirium
Buprenorphine	contraindication	alcohol withdrawal delirium
Carbinoxamine	contraindication	alcohol withdrawal delirium
Hydromorphone	contraindication	alcohol withdrawal delirium
Naloxone	contraindication	alcohol withdrawal delirium
Bupivacaine	contraindication	alcohol withdrawal delirium
Ephedrine	contraindication	alcohol withdrawal delirium
Dexchlorpheniramine	contraindication	alcohol withdrawal delirium
Naltrexone	contraindication	alcohol withdrawal delirium
Ibuprofen	contraindication	alcohol withdrawal delirium
Phenylpropanolamine	contraindication	alcohol withdrawal delirium
Chlorpheniramine	contraindication	alcohol withdrawal delirium
Dexbrompheniramine	contraindication	alcohol withdrawal delirium
Dextromethorphan	contraindication	alcohol withdrawal delirium
Hydrocodone	contraindication	alcohol withdrawal delirium
Dihydrocodeine	contraindication	alcohol withdrawal delirium
Guaifenesin	contraindication	brain cancer
Guaifenesin	contraindication	brain neoplasm
Mepyramine	contraindication	brain cancer
Mepyramine	contraindication	brain neoplasm
Pseudoephedrine	contraindication	brain cancer
Pseudoephedrine	contraindication	brain neoplasm
Guaiacol	contraindication	brain cancer
Guaiacol	contraindication	brain neoplasm
Homatropine	contraindication	brain cancer
Homatropine	contraindication	brain neoplasm
Brompheniramine	contraindication	brain cancer
Brompheniramine	contraindication	brain neoplasm
Pheniramine	contraindication	brain cancer
Pheniramine	contraindication	brain neoplasm
Homatropine methylbromide	contraindication	brain cancer
Homatropine methylbromide	contraindication	brain neoplasm
Codeine	contraindication	brain cancer
Codeine	contraindication	brain neoplasm
Molindone	contraindication	brain cancer
Molindone	contraindication	brain neoplasm
Phenylephrine	contraindication	brain cancer
Phenylephrine	contraindication	brain neoplasm
Caffeine	contraindication	brain cancer
Caffeine	contraindication	brain neoplasm
Carbinoxamine	contraindication	brain cancer
Carbinoxamine	contraindication	brain neoplasm
Hydromorphone	contraindication	brain cancer
Hydromorphone	contraindication	brain neoplasm
Naloxone	contraindication	brain cancer
Naloxone	contraindication	brain neoplasm
Bupivacaine	contraindication	brain cancer
Bupivacaine	contraindication	brain neoplasm
Ephedrine	contraindication	brain cancer
Ephedrine	contraindication	brain neoplasm
Dexchlorpheniramine	contraindication	brain cancer
Dexchlorpheniramine	contraindication	brain neoplasm
Tipranavir	contraindication	brain cancer
Tipranavir	contraindication	brain neoplasm
Ibuprofen	contraindication	brain cancer
Ibuprofen	contraindication	brain neoplasm
Phenylpropanolamine	contraindication	brain cancer
Phenylpropanolamine	contraindication	brain neoplasm
Tirofiban	contraindication	brain cancer
Tirofiban	contraindication	brain neoplasm
Chlorpheniramine	contraindication	brain cancer
Chlorpheniramine	contraindication	brain neoplasm
Dexbrompheniramine	contraindication	brain cancer
Dexbrompheniramine	contraindication	brain neoplasm
Dextromethorphan	contraindication	brain cancer
Dextromethorphan	contraindication	brain neoplasm
Hydrocodone	contraindication	brain cancer
Hydrocodone	contraindication	brain neoplasm
Dihydrocodeine	contraindication	brain cancer
Dihydrocodeine	contraindication	brain neoplasm
Phenyltoloxamine	contraindication	hereditary von Willebrand disease
Phenyltoloxamine	contraindication	von Willebrand disease (hereditary or acquired)
Phenyltoloxamine	contraindication	von Willebrand disease
Pheniramine	contraindication	hereditary von Willebrand disease
Pheniramine	contraindication	von Willebrand disease (hereditary or acquired)
Pheniramine	contraindication	von Willebrand disease
Orphenadrine	contraindication	hereditary von Willebrand disease
Orphenadrine	contraindication	von Willebrand disease (hereditary or acquired)
Orphenadrine	contraindication	von Willebrand disease
Pravastatin	contraindication	hereditary von Willebrand disease
Pravastatin	contraindication	von Willebrand disease (hereditary or acquired)
Pravastatin	contraindication	von Willebrand disease
Citric acid	contraindication	hereditary von Willebrand disease
Citric acid	contraindication	von Willebrand disease (hereditary or acquired)
Citric acid	contraindication	von Willebrand disease
Codeine	contraindication	hereditary von Willebrand disease
Codeine	contraindication	von Willebrand disease (hereditary or acquired)
Codeine	contraindication	von Willebrand disease
Salicylamide	contraindication	hereditary von Willebrand disease
Salicylamide	contraindication	von Willebrand disease (hereditary or acquired)
Salicylamide	contraindication	von Willebrand disease
Phenylephrine	contraindication	hereditary von Willebrand disease
Phenylephrine	contraindication	von Willebrand disease (hereditary or acquired)
Phenylephrine	contraindication	von Willebrand disease
Dipyridamole	contraindication	hereditary von Willebrand disease
Dipyridamole	contraindication	von Willebrand disease (hereditary or acquired)
Dipyridamole	contraindication	von Willebrand disease
Caffeine	contraindication	hereditary von Willebrand disease
Caffeine	contraindication	von Willebrand disease (hereditary or acquired)
Caffeine	contraindication	von Willebrand disease
Meprobamate	contraindication	hereditary von Willebrand disease
Meprobamate	contraindication	von Willebrand disease (hereditary or acquired)
Meprobamate	contraindication	von Willebrand disease
Phenobarbital	contraindication	hereditary von Willebrand disease
Phenobarbital	contraindication	von Willebrand disease (hereditary or acquired)
Phenobarbital	contraindication	von Willebrand disease
Calcium gluconate	contraindication	hereditary von Willebrand disease
Calcium gluconate	contraindication	von Willebrand disease (hereditary or acquired)
Calcium gluconate	contraindication	von Willebrand disease
Phenylpropanolamine	contraindication	hereditary von Willebrand disease
Phenylpropanolamine	contraindication	von Willebrand disease (hereditary or acquired)
Phenylpropanolamine	contraindication	von Willebrand disease
Chlorpheniramine	contraindication	hereditary von Willebrand disease
Chlorpheniramine	contraindication	von Willebrand disease (hereditary or acquired)
Chlorpheniramine	contraindication	von Willebrand disease
Hydrocodone	contraindication	hereditary von Willebrand disease
Hydrocodone	contraindication	von Willebrand disease (hereditary or acquired)
Hydrocodone	contraindication	von Willebrand disease
Dihydrocodeine	contraindication	hereditary von Willebrand disease
Dihydrocodeine	contraindication	von Willebrand disease (hereditary or acquired)
Dihydrocodeine	contraindication	von Willebrand disease
Guaifenesin	contraindication	cystic fibrosis
Pseudoephedrine	contraindication	cystic fibrosis
Potassium Iodide	contraindication	cystic fibrosis
Hydroxyzine	contraindication	cystic fibrosis
Theophylline	contraindication	cystic fibrosis
Phenobarbital	contraindication	cystic fibrosis
Ephedrine	contraindication	cystic fibrosis
Desmopressin	contraindication	cystic fibrosis
Guaifenesin	contraindication	peptic esophagitis
Guaifenesin	contraindication	esophagitis (disease)
Guaifenesin	contraindication	gastroesophageal reflux disease
Homatropine	contraindication	peptic esophagitis
Homatropine	contraindication	esophagitis (disease)
Homatropine	contraindication	gastroesophageal reflux disease
Brompheniramine	contraindication	peptic esophagitis
Brompheniramine	contraindication	esophagitis (disease)
Brompheniramine	contraindication	gastroesophageal reflux disease
Perazine	contraindication	peptic esophagitis
Perazine	contraindication	esophagitis (disease)
Perazine	contraindication	gastroesophageal reflux disease
Homatropine methylbromide	contraindication	peptic esophagitis
Homatropine methylbromide	contraindication	esophagitis (disease)
Homatropine methylbromide	contraindication	gastroesophageal reflux disease
Procyclidine	contraindication	peptic esophagitis
Procyclidine	contraindication	esophagitis (disease)
Procyclidine	contraindication	gastroesophageal reflux disease
Dicyclomine	contraindication	peptic esophagitis
Dicyclomine	contraindication	esophagitis (disease)
Dicyclomine	contraindication	gastroesophageal reflux disease
Isopropamide	contraindication	peptic esophagitis
Isopropamide	contraindication	esophagitis (disease)
Isopropamide	contraindication	gastroesophageal reflux disease
Potassium chloride	contraindication	peptic esophagitis
Potassium chloride	contraindication	esophagitis (disease)
Potassium chloride	contraindication	gastroesophageal reflux disease
Clidinium	contraindication	peptic esophagitis
Clidinium	contraindication	esophagitis (disease)
Clidinium	contraindication	gastroesophageal reflux disease
Prochlorperazine	contraindication	peptic esophagitis
Prochlorperazine	contraindication	esophagitis (disease)
Prochlorperazine	contraindication	gastroesophageal reflux disease
Chlordiazepoxide	contraindication	peptic esophagitis
Chlordiazepoxide	contraindication	esophagitis (disease)
Chlordiazepoxide	contraindication	gastroesophageal reflux disease
Morphine	contraindication	peptic esophagitis
Morphine	contraindication	esophagitis (disease)
Morphine	contraindication	gastroesophageal reflux disease
Carbinoxamine	contraindication	peptic esophagitis
Carbinoxamine	contraindication	esophagitis (disease)
Carbinoxamine	contraindication	gastroesophageal reflux disease
Propantheline	contraindication	peptic esophagitis
Propantheline	contraindication	esophagitis (disease)
Propantheline	contraindication	gastroesophageal reflux disease
Difenoxin	contraindication	peptic esophagitis
Difenoxin	contraindication	esophagitis (disease)
Difenoxin	contraindication	gastroesophageal reflux disease
Mepenzolate	contraindication	peptic esophagitis
Mepenzolate	contraindication	esophagitis (disease)
Mepenzolate	contraindication	gastroesophageal reflux disease
Dexchlorpheniramine	contraindication	peptic esophagitis
Dexchlorpheniramine	contraindication	esophagitis (disease)
Dexchlorpheniramine	contraindication	gastroesophageal reflux disease
Methscopolamine	contraindication	peptic esophagitis
Methscopolamine	contraindication	esophagitis (disease)
Methscopolamine	contraindication	gastroesophageal reflux disease
Dextromethorphan	contraindication	peptic esophagitis
Dextromethorphan	contraindication	esophagitis (disease)
Dextromethorphan	contraindication	gastroesophageal reflux disease
Hydrocodone	contraindication	peptic esophagitis
Hydrocodone	contraindication	esophagitis (disease)
Hydrocodone	contraindication	gastroesophageal reflux disease
Ergotamine	contraindication	peptic esophagitis
Ergotamine	contraindication	esophagitis (disease)
Ergotamine	contraindication	gastroesophageal reflux disease
Calcium chloride	contraindication	peptic esophagitis
Calcium chloride	contraindication	esophagitis (disease)
Calcium chloride	contraindication	gastroesophageal reflux disease
Salmeterol	contraindication	coronary artery disease
Mometasone furoate	contraindication	coronary artery disease
Fluticasone propionate	contraindication	coronary artery disease
Chlorthalidone	contraindication	coronary artery disease
Formoterol	contraindication	coronary artery disease
Pirbuterol	contraindication	coronary artery disease
Diazoxide	contraindication	coronary artery disease
Levosalbutamol	contraindication	coronary artery disease
Guanfacine	contraindication	coronary artery disease
Desmopressin	contraindication	respiratory tract infectious disease
Penicillamine	contraindication	aphthous stomatitis
Penicillamine	contraindication	canker sore
Pilocarpine	contraindication	keratitis
Pilocarpine	contraindication	keratoconjunctivitis
Physostigmine	contraindication	keratitis
Physostigmine	contraindication	keratoconjunctivitis
Epinephrine	contraindication	keratitis
Epinephrine	contraindication	keratoconjunctivitis
Diclofenac	contraindication	keratitis
Diclofenac	contraindication	keratoconjunctivitis
Pilocarpine	contraindication	iritis (disease)
Echothiophate	contraindication	iritis (disease)
Physostigmine	contraindication	iritis (disease)
Epinephrine	contraindication	iritis (disease)
Travoprost	contraindication	iritis (disease)
Bimatoprost	contraindication	iritis (disease)
Latanoprost	contraindication	iritis (disease)
Pilocarpine	contraindication	bronchial disease
Esmolol	contraindication	bronchial disease
Iloprost	contraindication	bronchial disease
Aztreonam	contraindication	bronchial disease
Bendroflumethiazide	contraindication	bronchial disease
Carvedilol	contraindication	bronchial disease
Betaxolol	contraindication	bronchial disease
Acetylcysteine	contraindication	bronchial disease
Brimonidine	contraindication	bronchial disease
Chlorothiazide	contraindication	bronchial disease
Hydrochlorothiazide	contraindication	bronchial disease
Propafenone	contraindication	bronchial disease
Permethrin	contraindication	bronchial disease
Propranolol	contraindication	bronchial disease
Cysteine	contraindication	bronchial disease
Metoprolol	contraindication	bronchial disease
Piperonyl butoxide	contraindication	bronchial disease
Nadolol	contraindication	bronchial disease
Sotalol	contraindication	bronchial disease
Penbutolol	contraindication	bronchial disease
Labetalol	contraindication	bronchial disease
Paclitaxel	contraindication	bronchial disease
Timolol	contraindication	bronchial disease
Zanamivir	contraindication	bronchial disease
Pindolol	contraindication	bronchial disease
Dorzolamide	contraindication	bronchial disease
Nebivolol	contraindication	bronchial disease
Pilocarpine	contraindication	cholelithiasis
Pilocarpine	contraindication	cholecystolithiasis
Pilocarpine	contraindication	choledocholithiasis
Hydralazine	contraindication	cholelithiasis
Hydralazine	contraindication	cholecystolithiasis
Hydralazine	contraindication	choledocholithiasis
Octreotide	contraindication	cholelithiasis
Octreotide	contraindication	cholecystolithiasis
Octreotide	contraindication	choledocholithiasis
Chlorthalidone	contraindication	cholelithiasis
Chlorthalidone	contraindication	cholecystolithiasis
Chlorthalidone	contraindication	choledocholithiasis
Chlorothiazide	contraindication	cholelithiasis
Chlorothiazide	contraindication	cholecystolithiasis
Chlorothiazide	contraindication	choledocholithiasis
Hydrochlorothiazide	contraindication	cholelithiasis
Hydrochlorothiazide	contraindication	cholecystolithiasis
Hydrochlorothiazide	contraindication	choledocholithiasis
Tyramine	contraindication	cholelithiasis
Tyramine	contraindication	cholecystolithiasis
Tyramine	contraindication	choledocholithiasis
Reserpine	contraindication	cholelithiasis
Reserpine	contraindication	cholecystolithiasis
Reserpine	contraindication	choledocholithiasis
Fenofibrate	contraindication	cholelithiasis
Fenofibrate	contraindication	cholecystolithiasis
Fenofibrate	contraindication	choledocholithiasis
Fenofibric acid	contraindication	cholelithiasis
Fenofibric acid	contraindication	cholecystolithiasis
Fenofibric acid	contraindication	choledocholithiasis
Polythiazide	contraindication	cholelithiasis
Polythiazide	contraindication	cholecystolithiasis
Polythiazide	contraindication	choledocholithiasis
Gemfibrozil	contraindication	cholelithiasis
Gemfibrozil	contraindication	cholecystolithiasis
Gemfibrozil	contraindication	choledocholithiasis
Hydroflumethiazide	contraindication	cholelithiasis
Hydroflumethiazide	contraindication	cholecystolithiasis
Hydroflumethiazide	contraindication	choledocholithiasis
Methyclothiazide	contraindication	cholelithiasis
Methyclothiazide	contraindication	cholecystolithiasis
Methyclothiazide	contraindication	choledocholithiasis
Trichlormethiazide	contraindication	cholelithiasis
Trichlormethiazide	contraindication	cholecystolithiasis
Trichlormethiazide	contraindication	choledocholithiasis
Cholestyramine	contraindication	cholelithiasis
Cholestyramine	contraindication	cholecystolithiasis
Cholestyramine	contraindication	choledocholithiasis
Lanreotide	contraindication	cholelithiasis
Lanreotide	contraindication	cholecystolithiasis
Lanreotide	contraindication	choledocholithiasis
Pilocarpine	contraindication	uveitis
Pilocarpine	contraindication	iridocyclitis (disease)
Physostigmine	contraindication	uveitis
Physostigmine	contraindication	iridocyclitis (disease)
Epinephrine	contraindication	uveitis
Epinephrine	contraindication	iridocyclitis (disease)
Pilocarpine	contraindication	cholecystitis
Pilocarpine	contraindication	low phospholipid associated cholelithiasis
Methadyl acetate	contraindication	cholecystitis
Methadyl acetate	contraindication	low phospholipid associated cholelithiasis
Floxuridine	contraindication	cholecystitis
Floxuridine	contraindication	low phospholipid associated cholelithiasis
Pilocarpine	contraindication	biliary tract disease
Pilocarpine	contraindication	obstructive jaundice
Ardeparin	contraindication	biliary tract disease
Ardeparin	contraindication	obstructive jaundice
Heparin	contraindication	biliary tract disease
Heparin	contraindication	obstructive jaundice
Enoxaparin	contraindication	biliary tract disease
Enoxaparin	contraindication	obstructive jaundice
Adomiparin	contraindication	biliary tract disease
Adomiparin	contraindication	obstructive jaundice
Dalteparin	contraindication	biliary tract disease
Dalteparin	contraindication	obstructive jaundice
Parnaparin	contraindication	biliary tract disease
Parnaparin	contraindication	obstructive jaundice
Heparin, bovine	contraindication	biliary tract disease
Heparin, bovine	contraindication	obstructive jaundice
Caffeine	contraindication	biliary tract disease
Caffeine	contraindication	obstructive jaundice
Morphine	contraindication	biliary tract disease
Morphine	contraindication	obstructive jaundice
Buprenorphine	contraindication	biliary tract disease
Buprenorphine	contraindication	obstructive jaundice
Naloxone	contraindication	biliary tract disease
Naloxone	contraindication	obstructive jaundice
Bupivacaine	contraindication	biliary tract disease
Bupivacaine	contraindication	obstructive jaundice
Naltrexone	contraindication	biliary tract disease
Naltrexone	contraindication	obstructive jaundice
Bexarotene	contraindication	biliary tract disease
Bexarotene	contraindication	obstructive jaundice
Auranofin	contraindication	urticaria (disease)
Auranofin	contraindication	angioedema
Aurothioglucose	contraindication	urticaria (disease)
Aurothioglucose	contraindication	angioedema
Sirolimus	contraindication	cytomegalovirus infection
Phenol	contraindication	cytomegalovirus infection
Diphenoxylate	contraindication	obstructive jaundice
Diphenoxylate	contraindication	biliary tract disease
Levonorgestrel	contraindication	obstructive jaundice
Levonorgestrel	contraindication	biliary tract disease
Mestranol	contraindication	obstructive jaundice
Mestranol	contraindication	biliary tract disease
Norethisterone	contraindication	obstructive jaundice
Norethisterone	contraindication	biliary tract disease
Ethinylestradiol	contraindication	obstructive jaundice
Ethinylestradiol	contraindication	biliary tract disease
Estrone	contraindication	obstructive jaundice
Estrone	contraindication	biliary tract disease
Estradiol	contraindication	obstructive jaundice
Estradiol	contraindication	biliary tract disease
Norgestimate	contraindication	obstructive jaundice
Norgestimate	contraindication	biliary tract disease
Ferrous fumarate	contraindication	obstructive jaundice
Ferrous fumarate	contraindication	biliary tract disease
Tranexamic acid	contraindication	obstructive jaundice
Tranexamic acid	contraindication	biliary tract disease
Diphenoxylate	contraindication	dysentery
Diphenoxylate	contraindication	diarrheal disease
Diphenoxylate	contraindication	infectious diarrheal disease
Diphenoxylate	contraindication	intestinal infectious disease
Benzatropine	contraindication	dysentery
Benzatropine	contraindication	diarrheal disease
Benzatropine	contraindication	infectious diarrheal disease
Benzatropine	contraindication	intestinal infectious disease
Loperamide	contraindication	dysentery
Loperamide	contraindication	diarrheal disease
Loperamide	contraindication	infectious diarrheal disease
Loperamide	contraindication	intestinal infectious disease
Biperiden	contraindication	dysentery
Biperiden	contraindication	diarrheal disease
Biperiden	contraindication	infectious diarrheal disease
Biperiden	contraindication	intestinal infectious disease
Trihexyphenidyl	contraindication	dysentery
Trihexyphenidyl	contraindication	diarrheal disease
Trihexyphenidyl	contraindication	infectious diarrheal disease
Trihexyphenidyl	contraindication	intestinal infectious disease
Diphenoxylate	contraindication	shigellosis
Benzatropine	contraindication	shigellosis
Biperiden	contraindication	shigellosis
Trihexyphenidyl	contraindication	shigellosis
Trimipramine	contraindication	schizophrenia
Melatonin	contraindication	schizophrenia
Pyridoxine	contraindication	schizophrenia
Isocarboxazid	contraindication	schizophrenia
Mefloquine	contraindication	schizophrenia
Phenelzine	contraindication	schizophrenia
Imipramine	contraindication	schizophrenia
Desipramine	contraindication	schizophrenia
Protriptyline	contraindication	schizophrenia
Tranylcypromine	contraindication	schizophrenia
Amoxapine	contraindication	schizophrenia
Teriparatide	contraindication	bone osteosarcoma
Tromethamine	contraindication	dry eye syndrome
Tromethamine	contraindication	xerophthalmia
Chlorthalidone	contraindication	dry eye syndrome
Chlorthalidone	contraindication	xerophthalmia
Ketorolac	contraindication	dry eye syndrome
Ketorolac	contraindication	xerophthalmia
Clonidine	contraindication	dry eye syndrome
Clonidine	contraindication	xerophthalmia
Isotretinoin	contraindication	dry eye syndrome
Isotretinoin	contraindication	Sjogren syndrome
Tretinoin	contraindication	dry eye syndrome
Tretinoin	contraindication	Sjogren syndrome
Ardeparin	contraindication	retinitis
Heparin	contraindication	retinitis
Enoxaparin	contraindication	retinitis
Adomiparin	contraindication	retinitis
Dalteparin	contraindication	retinitis
Parnaparin	contraindication	retinitis
Heparin, bovine	contraindication	retinitis
Perazine	contraindication	retinitis
Didanosine	contraindication	retinitis
Chloroquine	contraindication	retinitis
Ethadione	contraindication	retinitis
Trimethadione	contraindication	retinitis
Hydroxychloroquine	contraindication	retinitis
Trifluoperazine	contraindication	retinitis
Ardeparin	contraindication	endocarditis
Ardeparin	contraindication	subacute bacterial endocarditis
Heparin	contraindication	endocarditis
Heparin	contraindication	subacute bacterial endocarditis
Enoxaparin	contraindication	endocarditis
Enoxaparin	contraindication	subacute bacterial endocarditis
Adomiparin	contraindication	endocarditis
Adomiparin	contraindication	subacute bacterial endocarditis
Dalteparin	contraindication	endocarditis
Dalteparin	contraindication	subacute bacterial endocarditis
Parnaparin	contraindication	endocarditis
Parnaparin	contraindication	subacute bacterial endocarditis
Heparin, bovine	contraindication	endocarditis
Heparin, bovine	contraindication	subacute bacterial endocarditis
Ardeparin	contraindication	diabetic retinopathy
Ardeparin	contraindication	diabetic cataract
Heparin	contraindication	diabetic retinopathy
Heparin	contraindication	diabetic cataract
Enoxaparin	contraindication	diabetic retinopathy
Enoxaparin	contraindication	diabetic cataract
Adomiparin	contraindication	diabetic retinopathy
Adomiparin	contraindication	diabetic cataract
Dalteparin	contraindication	diabetic retinopathy
Dalteparin	contraindication	diabetic cataract
Parnaparin	contraindication	diabetic retinopathy
Parnaparin	contraindication	diabetic cataract
Heparin, bovine	contraindication	diabetic retinopathy
Heparin, bovine	contraindication	diabetic cataract
Ethambutol	contraindication	diabetic retinopathy
Ethambutol	contraindication	diabetic cataract
Fondaparinux	contraindication	diabetic retinopathy
Fondaparinux	contraindication	diabetic cataract
Ardeparin	contraindication	heparin-induced thrombocytopenia (disease)
Heparin	contraindication	heparin-induced thrombocytopenia (disease)
Enoxaparin	contraindication	heparin-induced thrombocytopenia (disease)
Adomiparin	contraindication	heparin-induced thrombocytopenia (disease)
Dalteparin	contraindication	heparin-induced thrombocytopenia (disease)
Parnaparin	contraindication	heparin-induced thrombocytopenia (disease)
Heparin, bovine	contraindication	heparin-induced thrombocytopenia (disease)
Warfarin	contraindication	heparin-induced thrombocytopenia (disease)
Dicoumarol	contraindication	heparin-induced thrombocytopenia (disease)
Pentosan polysulfate	contraindication	heparin-induced thrombocytopenia (disease)
Fondaparinux	contraindication	heparin-induced thrombocytopenia (disease)
Dinoprost	contraindication	disseminated intravascular coagulation
Dinoprost	contraindication	purpura fulminans
Dinoprost	contraindication	acquired purpura fulminans
Dinoprostone	contraindication	disseminated intravascular coagulation
Dinoprostone	contraindication	purpura fulminans
Dinoprostone	contraindication	acquired purpura fulminans
Warfarin	contraindication	endocarditis
Warfarin	contraindication	subacute bacterial endocarditis
Dicoumarol	contraindication	endocarditis
Dicoumarol	contraindication	subacute bacterial endocarditis
Fondaparinux	contraindication	endocarditis
Fondaparinux	contraindication	subacute bacterial endocarditis
Ardeparin	contraindication	Glanzmann thrombasthenia
Heparin	contraindication	Glanzmann thrombasthenia
Enoxaparin	contraindication	Glanzmann thrombasthenia
Adomiparin	contraindication	Glanzmann thrombasthenia
Dalteparin	contraindication	Glanzmann thrombasthenia
Parnaparin	contraindication	Glanzmann thrombasthenia
Heparin, bovine	contraindication	Glanzmann thrombasthenia
Povidone	contraindication	atrioventricular block (disease)
Povidone K30	contraindication	atrioventricular block (disease)
Racementhol	contraindication	atrioventricular block (disease)
Esmolol	contraindication	atrioventricular block (disease)
Prilocaine	contraindication	atrioventricular block (disease)
Betaxolol	contraindication	atrioventricular block (disease)
Epinephrine	contraindication	atrioventricular block (disease)
Hydrocortisone	contraindication	atrioventricular block (disease)
Cortisone acetate	contraindication	atrioventricular block (disease)
Hydrocortisone acetate	contraindication	atrioventricular block (disease)
Capsaicin	contraindication	atrioventricular block (disease)
Paclitaxel	contraindication	atrioventricular block (disease)
Guanfacine	contraindication	atrioventricular block (disease)
Bacitracin	contraindication	atrioventricular block (disease)
Lidocaine	contraindication	atrioventricular block (disease)
Phenol	contraindication	atrioventricular block (disease)
Nevirapine	contraindication	Stevens-Johnson syndrome
Alprostadil	contraindication	Peyronie disease
Alprostadil	contraindication	penile fibromatosis
Alprostadil	contraindication	balanitis xerotica obliterans
Vardenafil	contraindication	Peyronie disease
Vardenafil	contraindication	penile fibromatosis
Vardenafil	contraindication	balanitis xerotica obliterans
Tadalafil	contraindication	Peyronie disease
Tadalafil	contraindication	penile fibromatosis
Tadalafil	contraindication	balanitis xerotica obliterans
Sildenafil	contraindication	Peyronie disease
Sildenafil	contraindication	penile fibromatosis
Sildenafil	contraindication	balanitis xerotica obliterans
Anagrelide	contraindication	eosinophilic pneumonia
Anagrelide	contraindication	pulmonary eosinophilia
Amiodarone	contraindication	eosinophilic pneumonia
Amiodarone	contraindication	pulmonary eosinophilia
Naltrexone	contraindication	eosinophilic pneumonia
Naltrexone	contraindication	pulmonary eosinophilia
Ivermectin	contraindication	loiasis
Ivermectin	contraindication	filariasis
Diethylpropion	contraindication	pulmonary hypertension
Phendimetrazine	contraindication	pulmonary hypertension
Histamine	contraindication	pulmonary hypertension
Chlorphentermine	contraindication	pulmonary hypertension
Fenfluramine	contraindication	pulmonary hypertension
Dexfenfluramine	contraindication	pulmonary hypertension
Bortezomib	contraindication	pulmonary hypertension
Benzphetamine	contraindication	pulmonary hypertension
Phenmetrazine	contraindication	pulmonary hypertension
Phentermine	contraindication	pulmonary hypertension
Tiludronic acid	contraindication	obsolete vitamin D deficiency
Tiludronic acid	contraindication	osteomalacia (disease)
Tiludronic acid	contraindication	rickets (disease)
Alendronic acid	contraindication	obsolete vitamin D deficiency
Alendronic acid	contraindication	osteomalacia (disease)
Alendronic acid	contraindication	rickets (disease)
Etidronic acid	contraindication	obsolete vitamin D deficiency
Etidronic acid	contraindication	osteomalacia (disease)
Etidronic acid	contraindication	rickets (disease)
Ibandronate	contraindication	obsolete vitamin D deficiency
Ibandronate	contraindication	osteomalacia (disease)
Ibandronate	contraindication	rickets (disease)
Teriparatide	contraindication	bone Paget disease
Teriparatide	contraindication	juvenile Paget disease
Tiludronic acid	contraindication	periodontitis
Chlorhexidine	contraindication	periodontitis
Pamidronic acid	contraindication	periodontitis
Ribavirin	contraindication	periodontitis
Etidronic acid	contraindication	periodontitis
Tiludronic acid	contraindication	cancer
Warfarin	contraindication	cancer
Dicoumarol	contraindication	cancer
Cyclosporine	contraindication	cancer
Sirolimus	contraindication	cancer
Etidronic acid	contraindication	cancer
Deferasirox	contraindication	cancer
Lenalidomide	contraindication	cancer
Everolimus	contraindication	cancer
Ibandronate	contraindication	cancer
Phenol	contraindication	cancer
Tacrolimus	contraindication	cancer
Salmeterol	contraindication	oral candidiasis
Salmeterol	contraindication	candidiasis
Fluticasone propionate	contraindication	oral candidiasis
Fluticasone propionate	contraindication	candidiasis
Triamcinolone	contraindication	oral candidiasis
Triamcinolone	contraindication	candidiasis
Mesalazine	contraindication	lipoid nephrosis
Clevidipine	contraindication	lipoid nephrosis
Perazine	contraindication	Alzheimer disease
Alimemazine	contraindication	Alzheimer disease
Isopropamide	contraindication	Alzheimer disease
Molindone	contraindication	Alzheimer disease
Fluphenazine	contraindication	Alzheimer disease
Promazine	contraindication	Alzheimer disease
Perphenazine	contraindication	Alzheimer disease
Prochlorperazine	contraindication	Alzheimer disease
Fluoxetine	contraindication	Alzheimer disease
Haloperidol	contraindication	Alzheimer disease
Chlorpromazine	contraindication	Alzheimer disease
Amitriptyline	contraindication	Alzheimer disease
Thiothixene	contraindication	Alzheimer disease
Acetophenazine	contraindication	Alzheimer disease
Pimozide	contraindication	Alzheimer disease
Loxapine	contraindication	Alzheimer disease
Ziprasidone	contraindication	Alzheimer disease
Triflupromazine	contraindication	Alzheimer disease
Paliperidone	contraindication	Alzheimer disease
Iloperidone	contraindication	Alzheimer disease
Olanzapine	contraindication	Alzheimer disease
Aripiprazole	contraindication	Alzheimer disease
Trifluoperazine	contraindication	Alzheimer disease
Chlorprothixene	contraindication	Alzheimer disease
Quetiapine	contraindication	Alzheimer disease
Risperidone	contraindication	Alzheimer disease
Asenapine	contraindication	Alzheimer disease
Asenapine	contraindication	Alzheimer disease without neurofibrillary tangles
Asenapine	contraindication	cerebellar degeneration
Asenapine	contraindication	Reye syndrome
Asenapine	contraindication	Pick disease
Aripiprazole	contraindication	Alzheimer disease without neurofibrillary tangles
Aripiprazole	contraindication	cerebellar degeneration
Aripiprazole	contraindication	Reye syndrome
Aripiprazole	contraindication	Pick disease
Tromethamine	contraindication	duodenal ulcer (disease)
Ketorolac	contraindication	duodenal ulcer (disease)
Aminosalicylic acid	contraindication	duodenal ulcer (disease)
Levodopa	contraindication	duodenal ulcer (disease)
Indomethacin	contraindication	duodenal ulcer (disease)
Hydrocortisone	contraindication	duodenal ulcer (disease)
Cortisone acetate	contraindication	duodenal ulcer (disease)
Hydrocortisone acetate	contraindication	duodenal ulcer (disease)
Galantamine	contraindication	duodenal ulcer (disease)
Carbidopa	contraindication	duodenal ulcer (disease)
Diclofenac	contraindication	duodenal ulcer (disease)
Entacapone	contraindication	duodenal ulcer (disease)
Carvedilol	contraindication	Prinzmetal angina
Nicotine	contraindication	Prinzmetal angina
Dihydroergotamine	contraindication	Prinzmetal angina
Naproxen	contraindication	Prinzmetal angina
Frovatriptan	contraindication	Prinzmetal angina
Almotriptan	contraindication	Prinzmetal angina
Rizatriptan	contraindication	Prinzmetal angina
Eletriptan	contraindication	Prinzmetal angina
Zolmitriptan	contraindication	Prinzmetal angina
Naratriptan	contraindication	Prinzmetal angina
Ergotamine	contraindication	Prinzmetal angina
Sumatriptan	contraindication	Prinzmetal angina
Cefepime	contraindication	focal hand dystonia
Cefepime	contraindication	blepharospasm
Cefepime	contraindication	early myoclonic encephalopathy
Porfimer sodium	contraindication	esophageal ulcer
Porfimer sodium	contraindication	esophageal disease
Cholecalciferol	contraindication	esophageal ulcer
Cholecalciferol	contraindication	esophageal disease
Alendronic acid	contraindication	esophageal ulcer
Alendronic acid	contraindication	esophageal disease
Ergocalciferol	contraindication	esophageal ulcer
Ergocalciferol	contraindication	esophageal disease
Etidronic acid	contraindication	esophageal ulcer
Etidronic acid	contraindication	esophageal disease
Ibandronate	contraindication	esophageal ulcer
Ibandronate	contraindication	esophageal disease
Trandolapril	contraindication	heart failure
Nitrogen	contraindication	heart failure
Mitoxantrone	contraindication	heart failure
Quinidine	contraindication	heart failure
Sunitinib	contraindication	heart failure
Verapamil	contraindication	heart failure
Dasatinib	contraindication	heart failure
Lapatinib	contraindication	heart failure
Nifedipine	contraindication	heart failure
Imatinib	contraindication	heart failure
Dextromethorphan	contraindication	heart failure
Nitric Oxide	contraindication	heart failure
Trandolapril	contraindication	Duchenne muscular dystrophy
Trandolapril	contraindication	muscular dystrophy
Trandolapril	contraindication	Becker muscular dystrophy
Verapamil	contraindication	Duchenne muscular dystrophy
Verapamil	contraindication	muscular dystrophy
Verapamil	contraindication	Becker muscular dystrophy
Ramipril	contraindication	scleroderma (disease)
Ramipril	contraindication	localized scleroderma
Ramipril	contraindication	systemic sclerosis
Nicotine	contraindication	pharyngitis
Fluorouracil	contraindication	pharyngitis
Floxuridine	contraindication	pharyngitis
Nicardipine	contraindication	cerebral infarction
Nicardipine	contraindication	obsolete susceptibility to ischemic stroke
Nicardipine	contraindication	cerebrovascular disorder
Inositol	contraindication	hypophosphatemia (disease)
Pheniramine	contraindication	hypophosphatemia (disease)
Cisapride	contraindication	hypophosphatemia (disease)
Simvastatin	contraindication	hypophosphatemia (disease)
Silicon dioxide	contraindication	hypophosphatemia (disease)
Lovastatin	contraindication	hypophosphatemia (disease)
Almasilate	contraindication	hypophosphatemia (disease)
Didanosine	contraindication	hypophosphatemia (disease)
Inositol nicotinate	contraindication	hypophosphatemia (disease)
Salicylamide	contraindication	hypophosphatemia (disease)
Nilotinib	contraindication	hypophosphatemia (disease)
Caffeine	contraindication	hypophosphatemia (disease)
Magnesium carbonate	contraindication	hypophosphatemia (disease)
Nicotine	contraindication	hypophosphatemia (disease)
Dimenhydrinate	contraindication	hypophosphatemia (disease)
Rilpivirine	contraindication	hypophosphatemia (disease)
Pamidronic acid	contraindication	hypophosphatemia (disease)
Sorafenib	contraindication	hypophosphatemia (disease)
Tenofovir disoproxil	contraindication	hypophosphatemia (disease)
Efavirenz	contraindication	hypophosphatemia (disease)
Imatinib	contraindication	hypophosphatemia (disease)
Magnesium trisilicate	contraindication	hypophosphatemia (disease)
Tenofovir	contraindication	hypophosphatemia (disease)
Emtricitabine	contraindication	hypophosphatemia (disease)
Magnesium hydroxide	contraindication	hypophosphatemia (disease)
Zoledronic acid	contraindication	hypophosphatemia (disease)
Nitisinone	contraindication	hypophosphatemia (disease)
Oxymetholone	contraindication	hypoalphalipoproteinemia
Echothiophate	contraindication	irritable bowel syndrome
Echothiophate	contraindication	Clostridium difficile colitis
Echothiophate	contraindication	neurocirculatory asthenia
Potassium citrate	contraindication	myotonia congenita
Citric acid	contraindication	myotonia congenita
Sodium phosphate, monobasic	contraindication	myotonia congenita
Magnesium sulfate	contraindication	myotonia congenita
Potassium chloride	contraindication	myotonia congenita
Bisacodyl	contraindication	myotonia congenita
Caffeine	contraindication	myotonia congenita
Aspartic acid	contraindication	myotonia congenita
Ascorbic acid	contraindication	myotonia congenita
Potassium gluconate	contraindication	myotonia congenita
Potassium bicarbonate	contraindication	myotonia congenita
Polyethylene glycol	contraindication	myotonia congenita
Polyethylene glycol 400	contraindication	myotonia congenita
Polyethylene glycol 300	contraindication	myotonia congenita
Polyethylene glycol 3500	contraindication	myotonia congenita
Calcium chloride	contraindication	myotonia congenita
Potassium citrate	contraindication	diabetic ketoacidosis
Potassium citrate	contraindication	diabetes mellitus (disease)
Sodium citrate	contraindication	diabetic ketoacidosis
Sodium citrate	contraindication	diabetes mellitus (disease)
Magnesium citrate	contraindication	diabetic ketoacidosis
Magnesium citrate	contraindication	diabetes mellitus (disease)
Magnesium oxide	contraindication	diabetic ketoacidosis
Magnesium oxide	contraindication	diabetes mellitus (disease)
Potassium citrate	contraindication	gastroparesis (disease)
Citric acid	contraindication	gastroparesis (disease)
Magnesium sulfate	contraindication	gastroparesis (disease)
Potassium chloride	contraindication	gastroparesis (disease)
Sodium citrate	contraindication	gastroparesis (disease)
Pyridoxine	contraindication	gastroparesis (disease)
Caffeine	contraindication	gastroparesis (disease)
Aspartic acid	contraindication	gastroparesis (disease)
Magnesium citrate	contraindication	gastroparesis (disease)
Potassium gluconate	contraindication	gastroparesis (disease)
Polyethylene glycol	contraindication	gastroparesis (disease)
Polyethylene glycol 400	contraindication	gastroparesis (disease)
Polyethylene glycol 300	contraindication	gastroparesis (disease)
Polyethylene glycol 3500	contraindication	gastroparesis (disease)
Magnesium oxide	contraindication	gastroparesis (disease)
Ampicillin	contraindication	acute urate nephropathy
Colchicine	contraindication	acute urate nephropathy
Probenecid	contraindication	acute urate nephropathy
Vincristine	contraindication	acute urate nephropathy
Clomipramine	contraindication	neuroblastoma
Clindamycin	contraindication	vulvovaginal candidiasis
Estramustine	contraindication	erectile dysfunction (disease)
Estramustine	contraindication	psychologic dyspareunia
Estramustine	contraindication	premature ejaculation (disease)
Benzatropine	contraindication	tardive dyskinesia (disease)
Benzatropine	contraindication	lingual-facial-buccal dyskinesia
Perazine	contraindication	tardive dyskinesia (disease)
Perazine	contraindication	lingual-facial-buccal dyskinesia
Alimemazine	contraindication	tardive dyskinesia (disease)
Alimemazine	contraindication	lingual-facial-buccal dyskinesia
Isopropamide	contraindication	tardive dyskinesia (disease)
Isopropamide	contraindication	lingual-facial-buccal dyskinesia
Molindone	contraindication	tardive dyskinesia (disease)
Molindone	contraindication	lingual-facial-buccal dyskinesia
Fluphenazine	contraindication	tardive dyskinesia (disease)
Fluphenazine	contraindication	lingual-facial-buccal dyskinesia
Asenapine	contraindication	tardive dyskinesia (disease)
Asenapine	contraindication	lingual-facial-buccal dyskinesia
Tetrabenazine	contraindication	tardive dyskinesia (disease)
Tetrabenazine	contraindication	lingual-facial-buccal dyskinesia
Promazine	contraindication	tardive dyskinesia (disease)
Promazine	contraindication	lingual-facial-buccal dyskinesia
Perphenazine	contraindication	tardive dyskinesia (disease)
Perphenazine	contraindication	lingual-facial-buccal dyskinesia
Prochlorperazine	contraindication	tardive dyskinesia (disease)
Prochlorperazine	contraindication	lingual-facial-buccal dyskinesia
Mesoridazine	contraindication	tardive dyskinesia (disease)
Mesoridazine	contraindication	lingual-facial-buccal dyskinesia
Fluoxetine	contraindication	tardive dyskinesia (disease)
Fluoxetine	contraindication	lingual-facial-buccal dyskinesia
Haloperidol	contraindication	tardive dyskinesia (disease)
Haloperidol	contraindication	lingual-facial-buccal dyskinesia
Biperiden	contraindication	tardive dyskinesia (disease)
Biperiden	contraindication	lingual-facial-buccal dyskinesia
Chlorpromazine	contraindication	tardive dyskinesia (disease)
Chlorpromazine	contraindication	lingual-facial-buccal dyskinesia
Amitriptyline	contraindication	tardive dyskinesia (disease)
Amitriptyline	contraindication	lingual-facial-buccal dyskinesia
Lurasidone	contraindication	tardive dyskinesia (disease)
Lurasidone	contraindication	lingual-facial-buccal dyskinesia
Metoclopramide	contraindication	tardive dyskinesia (disease)
Metoclopramide	contraindication	lingual-facial-buccal dyskinesia
Thiothixene	contraindication	tardive dyskinesia (disease)
Thiothixene	contraindication	lingual-facial-buccal dyskinesia
Acetophenazine	contraindication	tardive dyskinesia (disease)
Acetophenazine	contraindication	lingual-facial-buccal dyskinesia
Pimozide	contraindication	tardive dyskinesia (disease)
Pimozide	contraindication	lingual-facial-buccal dyskinesia
Loxapine	contraindication	tardive dyskinesia (disease)
Loxapine	contraindication	lingual-facial-buccal dyskinesia
Ziprasidone	contraindication	tardive dyskinesia (disease)
Ziprasidone	contraindication	lingual-facial-buccal dyskinesia
Selegiline	contraindication	tardive dyskinesia (disease)
Selegiline	contraindication	lingual-facial-buccal dyskinesia
Triflupromazine	contraindication	tardive dyskinesia (disease)
Triflupromazine	contraindication	lingual-facial-buccal dyskinesia
Paliperidone	contraindication	tardive dyskinesia (disease)
Paliperidone	contraindication	lingual-facial-buccal dyskinesia
Trihexyphenidyl	contraindication	tardive dyskinesia (disease)
Trihexyphenidyl	contraindication	lingual-facial-buccal dyskinesia
Amoxapine	contraindication	tardive dyskinesia (disease)
Amoxapine	contraindication	lingual-facial-buccal dyskinesia
Tolcapone	contraindication	tardive dyskinesia (disease)
Tolcapone	contraindication	lingual-facial-buccal dyskinesia
Iloperidone	contraindication	tardive dyskinesia (disease)
Iloperidone	contraindication	lingual-facial-buccal dyskinesia
Olanzapine	contraindication	tardive dyskinesia (disease)
Olanzapine	contraindication	lingual-facial-buccal dyskinesia
Aripiprazole	contraindication	tardive dyskinesia (disease)
Aripiprazole	contraindication	lingual-facial-buccal dyskinesia
Trifluoperazine	contraindication	tardive dyskinesia (disease)
Trifluoperazine	contraindication	lingual-facial-buccal dyskinesia
Chlorprothixene	contraindication	tardive dyskinesia (disease)
Chlorprothixene	contraindication	lingual-facial-buccal dyskinesia
Quetiapine	contraindication	tardive dyskinesia (disease)
Quetiapine	contraindication	lingual-facial-buccal dyskinesia
Risperidone	contraindication	tardive dyskinesia (disease)
Risperidone	contraindication	lingual-facial-buccal dyskinesia
Perazine	contraindication	parkinsonian disorder
Perazine	contraindication	Parkinson disease
Alimemazine	contraindication	parkinsonian disorder
Alimemazine	contraindication	Parkinson disease
Ambenonium	contraindication	parkinsonian disorder
Ambenonium	contraindication	Parkinson disease
Isopropamide	contraindication	parkinsonian disorder
Isopropamide	contraindication	Parkinson disease
Molindone	contraindication	parkinsonian disorder
Molindone	contraindication	Parkinson disease
Prilocaine	contraindication	parkinsonian disorder
Prilocaine	contraindication	Parkinson disease
Fusidic acid	contraindication	parkinsonian disorder
Fusidic acid	contraindication	Parkinson disease
Fluphenazine	contraindication	parkinsonian disorder
Fluphenazine	contraindication	Parkinson disease
Echothiophate	contraindication	parkinsonian disorder
Echothiophate	contraindication	Parkinson disease
Metyrosine	contraindication	parkinsonian disorder
Metyrosine	contraindication	Parkinson disease
Kanamycin	contraindication	parkinsonian disorder
Kanamycin	contraindication	Parkinson disease
Chlorothiazide	contraindication	parkinsonian disorder
Chlorothiazide	contraindication	Parkinson disease
Hydrochlorothiazide	contraindication	parkinsonian disorder
Hydrochlorothiazide	contraindication	Parkinson disease
Tetrabenazine	contraindication	parkinsonian disorder
Tetrabenazine	contraindication	Parkinson disease
Promazine	contraindication	parkinsonian disorder
Promazine	contraindication	Parkinson disease
Perphenazine	contraindication	parkinsonian disorder
Perphenazine	contraindication	Parkinson disease
Prochlorperazine	contraindication	parkinsonian disorder
Prochlorperazine	contraindication	Parkinson disease
Streptomycin	contraindication	parkinsonian disorder
Streptomycin	contraindication	Parkinson disease
Physostigmine	contraindication	parkinsonian disorder
Physostigmine	contraindication	Parkinson disease
Methyldopa	contraindication	parkinsonian disorder
Methyldopa	contraindication	Parkinson disease
Indomethacin	contraindication	parkinsonian disorder
Indomethacin	contraindication	Parkinson disease
Haloperidol	contraindication	parkinsonian disorder
Haloperidol	contraindication	Parkinson disease
Epinephrine	contraindication	parkinsonian disorder
Epinephrine	contraindication	Parkinson disease
Chlorpromazine	contraindication	parkinsonian disorder
Chlorpromazine	contraindication	Parkinson disease
Amitriptyline	contraindication	parkinsonian disorder
Amitriptyline	contraindication	Parkinson disease
Bupivacaine	contraindication	parkinsonian disorder
Bupivacaine	contraindication	Parkinson disease
Amikacin	contraindication	parkinsonian disorder
Amikacin	contraindication	Parkinson disease
Metoclopramide	contraindication	parkinsonian disorder
Metoclopramide	contraindication	Parkinson disease
Thiothixene	contraindication	parkinsonian disorder
Thiothixene	contraindication	Parkinson disease
Tobramycin	contraindication	parkinsonian disorder
Tobramycin	contraindication	Parkinson disease
Tacrine	contraindication	parkinsonian disorder
Tacrine	contraindication	Parkinson disease
Acetophenazine	contraindication	parkinsonian disorder
Acetophenazine	contraindication	Parkinson disease
Pimozide	contraindication	parkinsonian disorder
Pimozide	contraindication	Parkinson disease
Triflupromazine	contraindication	parkinsonian disorder
Triflupromazine	contraindication	Parkinson disease
Paliperidone	contraindication	parkinsonian disorder
Paliperidone	contraindication	Parkinson disease
Lidocaine	contraindication	parkinsonian disorder
Lidocaine	contraindication	Parkinson disease
Rivastigmine	contraindication	parkinsonian disorder
Rivastigmine	contraindication	Parkinson disease
Chlorprothixene	contraindication	parkinsonian disorder
Chlorprothixene	contraindication	Parkinson disease
Risperidone	contraindication	parkinsonian disorder
Risperidone	contraindication	Parkinson disease
Temozolomide	contraindication	myelodysplastic syndrome
Eltrombopag	contraindication	myelodysplastic syndrome
Deferasirox	contraindication	myelodysplastic syndrome
Temozolomide	contraindication	idiopathic aplastic anemia
Temozolomide	contraindication	aplastic anemia
Lamotrigine	contraindication	idiopathic aplastic anemia
Lamotrigine	contraindication	aplastic anemia
Ganciclovir	contraindication	idiopathic aplastic anemia
Ganciclovir	contraindication	aplastic anemia
Sulfadiazine	contraindication	idiopathic aplastic anemia
Sulfadiazine	contraindication	aplastic anemia
Colchicine	contraindication	idiopathic aplastic anemia
Colchicine	contraindication	aplastic anemia
Sulfasalazine	contraindication	idiopathic aplastic anemia
Sulfasalazine	contraindication	aplastic anemia
Probenecid	contraindication	idiopathic aplastic anemia
Probenecid	contraindication	aplastic anemia
Phenytoin	contraindication	idiopathic aplastic anemia
Phenytoin	contraindication	aplastic anemia
Chloramphenicol	contraindication	idiopathic aplastic anemia
Chloramphenicol	contraindication	aplastic anemia
Albendazole	contraindication	idiopathic aplastic anemia
Albendazole	contraindication	aplastic anemia
Penicillamine	contraindication	idiopathic aplastic anemia
Penicillamine	contraindication	aplastic anemia
Dactinomycin	contraindication	idiopathic aplastic anemia
Dactinomycin	contraindication	aplastic anemia
Phenobarbital	contraindication	idiopathic aplastic anemia
Phenobarbital	contraindication	aplastic anemia
Carbamazepine	contraindication	idiopathic aplastic anemia
Carbamazepine	contraindication	aplastic anemia
Felbamate	contraindication	idiopathic aplastic anemia
Felbamate	contraindication	aplastic anemia
Tiopronin	contraindication	idiopathic aplastic anemia
Tiopronin	contraindication	aplastic anemia
Rifampicin	contraindication	idiopathic aplastic anemia
Rifampicin	contraindication	aplastic anemia
Sulfisoxazole	contraindication	idiopathic aplastic anemia
Sulfisoxazole	contraindication	aplastic anemia
Primidone	contraindication	idiopathic aplastic anemia
Primidone	contraindication	aplastic anemia
Albiglutide	contraindication	medullary thyroid gland carcinoma
Liraglutide	contraindication	medullary thyroid gland carcinoma
Itraconazole	contraindication	hypertrophic cardiomyopathy
Atomoxetine	contraindication	hypertrophic cardiomyopathy
Sodium phosphate, monobasic	contraindication	hypertrophic cardiomyopathy
Lisdexamfetamine	contraindication	hypertrophic cardiomyopathy
Idarubicin	contraindication	hypertrophic cardiomyopathy
Epirubicin	contraindication	hypertrophic cardiomyopathy
Metamfetamine	contraindication	hypertrophic cardiomyopathy
Dextroamphetamine	contraindication	hypertrophic cardiomyopathy
Dexmethylphenidate	contraindication	hypertrophic cardiomyopathy
Amphetamine	contraindication	hypertrophic cardiomyopathy
Doxorubicin	contraindication	hypertrophic cardiomyopathy
Daunorubicin	contraindication	hypertrophic cardiomyopathy
Lopinavir	contraindication	hypertrophic cardiomyopathy
Ritonavir	contraindication	hypertrophic cardiomyopathy
Cytarabine	contraindication	hypertrophic cardiomyopathy
Voriconazole	contraindication	hypertrophic cardiomyopathy
Butabarbital	contraindication	hypertrophic cardiomyopathy
Methylphenidate	contraindication	hypertrophic cardiomyopathy
Leflunomide	contraindication	aspergillosis
Leflunomide	contraindication	white piedra
Leflunomide	contraindication	black piedra
Leflunomide	contraindication	coccidioidomycosis
Leflunomide	contraindication	sporotrichosis
Leflunomide	contraindication	histoplasmosis
Itraconazole	contraindication	heart failure
Fluoxymesterone	contraindication	heart failure
Testosterone	contraindication	heart failure
Methyltestosterone	contraindication	heart failure
Ethinylestradiol	contraindication	heart failure
Sunitinib	contraindication	congestive heart failure
Fluoxetine	contraindication	congestive heart failure
Fluoxetine	contraindication	heart failure
Indomethacin	contraindication	congestive heart failure
Indomethacin	contraindication	heart failure
Carteolol	contraindication	congestive heart failure
Carteolol	contraindication	heart failure
Estradiol	contraindication	heart failure
Mitomycin	contraindication	congestive heart failure
Mitomycin	contraindication	heart failure
Vandetanib	contraindication	congestive heart failure
Vandetanib	contraindication	heart failure
Etidronic acid	contraindication	congestive heart failure
Etidronic acid	contraindication	heart failure
Doxorubicin	contraindication	congestive heart failure
Doxorubicin	contraindication	heart failure
Clevidipine	contraindication	congestive heart failure
Clevidipine	contraindication	heart failure
Ziprasidone	contraindication	congestive heart failure
Ziprasidone	contraindication	heart failure
Olanzapine	contraindication	congestive heart failure
Olanzapine	contraindication	heart failure
Ozanimod	contraindication	congestive heart failure
Ozanimod	contraindication	heart failure
Sodium phosphate, monobasic	contraindication	alcohol withdrawal
Sodium phosphate, monobasic	contraindication	Wernicke-Korsakoff syndrome
Morphine	contraindication	alcohol withdrawal
Morphine	contraindication	Wernicke-Korsakoff syndrome
Thiothixene	contraindication	alcohol withdrawal
Thiothixene	contraindication	Wernicke-Korsakoff syndrome
Tramadol	contraindication	alcohol withdrawal
Tramadol	contraindication	Wernicke-Korsakoff syndrome
Chlorprothixene	contraindication	alcohol withdrawal
Chlorprothixene	contraindication	Wernicke-Korsakoff syndrome
Isocarboxazid	contraindication	anxiety
Phenylephrine	contraindication	anxiety
Phenelzine	contraindication	anxiety
Montelukast	contraindication	anxiety
Tranylcypromine	contraindication	anxiety
Pramocaine	contraindication	anxiety
Zinc oxide	contraindication	anxiety
Zileuton	contraindication	anxiety
Zafirlukast	contraindication	anxiety
Levetiracetam	contraindication	anxiety
Raloxifene	contraindication	transient ischemic attack (disease)
Asenapine	contraindication	transient ischemic attack (disease)
Vorapaxar	contraindication	transient ischemic attack (disease)
Fluoxetine	contraindication	transient ischemic attack (disease)
Lurasidone	contraindication	transient ischemic attack (disease)
Naproxen	contraindication	transient ischemic attack (disease)
Frovatriptan	contraindication	transient ischemic attack (disease)
Almotriptan	contraindication	transient ischemic attack (disease)
Prasugrel	contraindication	transient ischemic attack (disease)
Eletriptan	contraindication	transient ischemic attack (disease)
Zolmitriptan	contraindication	transient ischemic attack (disease)
Olanzapine	contraindication	transient ischemic attack (disease)
Ozanimod	contraindication	transient ischemic attack (disease)
Naratriptan	contraindication	transient ischemic attack (disease)
Sibutramine	contraindication	transient ischemic attack (disease)
Sumatriptan	contraindication	transient ischemic attack (disease)
Mifepristone	contraindication	erythropoietic protoporphyria
Mifepristone	contraindication	autosomal erythropoietic protoporphyria
Methoxsalen	contraindication	erythropoietic protoporphyria
Methoxsalen	contraindication	autosomal erythropoietic protoporphyria
Mifepristone	contraindication	acute intermittent porphyria
Ethosuximide	contraindication	acute intermittent porphyria
Methsuximide	contraindication	acute intermittent porphyria
Thiopental	contraindication	acute intermittent porphyria
Codeine	contraindication	acute intermittent porphyria
Tridihexethyl	contraindication	acute intermittent porphyria
Meprobamate	contraindication	acute intermittent porphyria
Chloramphenicol	contraindication	acute intermittent porphyria
Chloral hydrate	contraindication	acute intermittent porphyria
Carbamazepine	contraindication	acute intermittent porphyria
Dactinomycin	contraindication	herpes zoster
Pimecrolimus	contraindication	herpes zoster
Phenol	contraindication	herpes zoster
Tacrolimus	contraindication	herpes zoster
Perazine	contraindication	hyperprolactinemia (disease)
Perazine	contraindication	familial hyperprolactinemia
Perazine	contraindication	prolactin producing pituitary gland tumor
Perazine	contraindication	acquired hyperprolactinemia
Alimemazine	contraindication	hyperprolactinemia (disease)
Alimemazine	contraindication	familial hyperprolactinemia
Alimemazine	contraindication	prolactin producing pituitary gland tumor
Alimemazine	contraindication	acquired hyperprolactinemia
Isopropamide	contraindication	hyperprolactinemia (disease)
Isopropamide	contraindication	familial hyperprolactinemia
Isopropamide	contraindication	prolactin producing pituitary gland tumor
Isopropamide	contraindication	acquired hyperprolactinemia
Molindone	contraindication	hyperprolactinemia (disease)
Molindone	contraindication	familial hyperprolactinemia
Molindone	contraindication	prolactin producing pituitary gland tumor
Molindone	contraindication	acquired hyperprolactinemia
Fluphenazine	contraindication	hyperprolactinemia (disease)
Fluphenazine	contraindication	familial hyperprolactinemia
Fluphenazine	contraindication	prolactin producing pituitary gland tumor
Fluphenazine	contraindication	acquired hyperprolactinemia
Asenapine	contraindication	hyperprolactinemia (disease)
Asenapine	contraindication	familial hyperprolactinemia
Asenapine	contraindication	prolactin producing pituitary gland tumor
Asenapine	contraindication	acquired hyperprolactinemia
Tetrabenazine	contraindication	hyperprolactinemia (disease)
Tetrabenazine	contraindication	familial hyperprolactinemia
Tetrabenazine	contraindication	prolactin producing pituitary gland tumor
Tetrabenazine	contraindication	acquired hyperprolactinemia
Promazine	contraindication	hyperprolactinemia (disease)
Promazine	contraindication	familial hyperprolactinemia
Promazine	contraindication	prolactin producing pituitary gland tumor
Promazine	contraindication	acquired hyperprolactinemia
Perphenazine	contraindication	hyperprolactinemia (disease)
Perphenazine	contraindication	familial hyperprolactinemia
Perphenazine	contraindication	prolactin producing pituitary gland tumor
Perphenazine	contraindication	acquired hyperprolactinemia
Prochlorperazine	contraindication	hyperprolactinemia (disease)
Prochlorperazine	contraindication	familial hyperprolactinemia
Prochlorperazine	contraindication	prolactin producing pituitary gland tumor
Prochlorperazine	contraindication	acquired hyperprolactinemia
Fluoxetine	contraindication	hyperprolactinemia (disease)
Fluoxetine	contraindication	familial hyperprolactinemia
Fluoxetine	contraindication	prolactin producing pituitary gland tumor
Fluoxetine	contraindication	acquired hyperprolactinemia
Chlorpromazine	contraindication	hyperprolactinemia (disease)
Chlorpromazine	contraindication	familial hyperprolactinemia
Chlorpromazine	contraindication	prolactin producing pituitary gland tumor
Chlorpromazine	contraindication	acquired hyperprolactinemia
Amitriptyline	contraindication	hyperprolactinemia (disease)
Amitriptyline	contraindication	familial hyperprolactinemia
Amitriptyline	contraindication	prolactin producing pituitary gland tumor
Amitriptyline	contraindication	acquired hyperprolactinemia
Lurasidone	contraindication	hyperprolactinemia (disease)
Lurasidone	contraindication	familial hyperprolactinemia
Lurasidone	contraindication	prolactin producing pituitary gland tumor
Lurasidone	contraindication	acquired hyperprolactinemia
Acetophenazine	contraindication	hyperprolactinemia (disease)
Acetophenazine	contraindication	familial hyperprolactinemia
Acetophenazine	contraindication	prolactin producing pituitary gland tumor
Acetophenazine	contraindication	acquired hyperprolactinemia
Pimozide	contraindication	hyperprolactinemia (disease)
Pimozide	contraindication	familial hyperprolactinemia
Pimozide	contraindication	prolactin producing pituitary gland tumor
Pimozide	contraindication	acquired hyperprolactinemia
Loxapine	contraindication	hyperprolactinemia (disease)
Loxapine	contraindication	familial hyperprolactinemia
Loxapine	contraindication	prolactin producing pituitary gland tumor
Loxapine	contraindication	acquired hyperprolactinemia
Triflupromazine	contraindication	hyperprolactinemia (disease)
Triflupromazine	contraindication	familial hyperprolactinemia
Triflupromazine	contraindication	prolactin producing pituitary gland tumor
Triflupromazine	contraindication	acquired hyperprolactinemia
Paliperidone	contraindication	hyperprolactinemia (disease)
Paliperidone	contraindication	familial hyperprolactinemia
Paliperidone	contraindication	prolactin producing pituitary gland tumor
Paliperidone	contraindication	acquired hyperprolactinemia
Iloperidone	contraindication	hyperprolactinemia (disease)
Iloperidone	contraindication	familial hyperprolactinemia
Iloperidone	contraindication	prolactin producing pituitary gland tumor
Iloperidone	contraindication	acquired hyperprolactinemia
Olanzapine	contraindication	hyperprolactinemia (disease)
Olanzapine	contraindication	familial hyperprolactinemia
Olanzapine	contraindication	prolactin producing pituitary gland tumor
Olanzapine	contraindication	acquired hyperprolactinemia
Quetiapine	contraindication	hyperprolactinemia (disease)
Quetiapine	contraindication	familial hyperprolactinemia
Quetiapine	contraindication	prolactin producing pituitary gland tumor
Quetiapine	contraindication	acquired hyperprolactinemia
Risperidone	contraindication	hyperprolactinemia (disease)
Risperidone	contraindication	familial hyperprolactinemia
Risperidone	contraindication	prolactin producing pituitary gland tumor
Risperidone	contraindication	acquired hyperprolactinemia
Phylloquinone	contraindication	cervical cancer
Phylloquinone	contraindication	cervical carcinosarcoma
Phylloquinone	contraindication	cervical carcinoma
Levonorgestrel	contraindication	cervical cancer
Levonorgestrel	contraindication	cervical carcinosarcoma
Levonorgestrel	contraindication	cervical carcinoma
Mestranol	contraindication	cervical cancer
Mestranol	contraindication	cervical carcinosarcoma
Mestranol	contraindication	cervical carcinoma
Norethisterone	contraindication	cervical cancer
Norethisterone	contraindication	cervical carcinosarcoma
Norethisterone	contraindication	cervical carcinoma
Cholecalciferol	contraindication	cervical cancer
Cholecalciferol	contraindication	cervical carcinosarcoma
Cholecalciferol	contraindication	cervical carcinoma
Ethinylestradiol	contraindication	cervical cancer
Ethinylestradiol	contraindication	cervical carcinosarcoma
Ethinylestradiol	contraindication	cervical carcinoma
Estrone	contraindication	cervical cancer
Estrone	contraindication	cervical carcinosarcoma
Estrone	contraindication	cervical carcinoma
Estradiol	contraindication	cervical cancer
Estradiol	contraindication	cervical carcinosarcoma
Estradiol	contraindication	cervical carcinoma
Ergocalciferol	contraindication	cervical cancer
Ergocalciferol	contraindication	cervical carcinosarcoma
Ergocalciferol	contraindication	cervical carcinoma
Norgestimate	contraindication	cervical cancer
Norgestimate	contraindication	cervical carcinosarcoma
Norgestimate	contraindication	cervical carcinoma
Ferrous fumarate	contraindication	cervical cancer
Ferrous fumarate	contraindication	cervical carcinosarcoma
Ferrous fumarate	contraindication	cervical carcinoma
Tranexamic acid	contraindication	cervical cancer
Tranexamic acid	contraindication	cervical carcinosarcoma
Tranexamic acid	contraindication	cervical carcinoma
Phylloquinone	contraindication	familial isolated deficiency of vitamin E
Cholecalciferol	contraindication	familial isolated deficiency of vitamin E
Ergocalciferol	contraindication	familial isolated deficiency of vitamin E
Phylloquinone	contraindication	endometrial cancer
Phylloquinone	contraindication	endometrium neoplasm
Cholecalciferol	contraindication	endometrial cancer
Cholecalciferol	contraindication	endometrium neoplasm
Ergocalciferol	contraindication	endometrial cancer
Ergocalciferol	contraindication	endometrium neoplasm
Mometasone furoate	contraindication	chickenpox
Formoterol	contraindication	chickenpox
Pimecrolimus	contraindication	chickenpox
Phenytoin	contraindication	osteomalacia (disease)
Phenytoin	contraindication	rickets (disease)
Teriparatide	contraindication	osteomalacia (disease)
Teriparatide	contraindication	rickets (disease)
Rilpivirine	contraindication	osteomalacia (disease)
Rilpivirine	contraindication	rickets (disease)
Phenobarbital	contraindication	osteomalacia (disease)
Phenobarbital	contraindication	rickets (disease)
Isotretinoin	contraindication	osteomalacia (disease)
Isotretinoin	contraindication	rickets (disease)
Tretinoin	contraindication	osteomalacia (disease)
Tretinoin	contraindication	rickets (disease)
Tenofovir disoproxil	contraindication	osteomalacia (disease)
Tenofovir disoproxil	contraindication	rickets (disease)
Efavirenz	contraindication	osteomalacia (disease)
Efavirenz	contraindication	rickets (disease)
Tenofovir	contraindication	osteomalacia (disease)
Tenofovir	contraindication	rickets (disease)
Emtricitabine	contraindication	osteomalacia (disease)
Emtricitabine	contraindication	rickets (disease)
Zoledronic acid	contraindication	hypoparathyroidism
Paliperidone	contraindication	short bowel syndrome
Methylphenidate	contraindication	short bowel syndrome
Octreotide	contraindication	vitamin B12 deficiency
Cycloserine	contraindication	vitamin B12 deficiency
Metformin	contraindication	vitamin B12 deficiency
Aminosalicylic acid	contraindication	vitamin B12 deficiency
Leucovorin	contraindication	vitamin B12 deficiency
Serine	contraindication	vitamin B12 deficiency
Sitagliptin	contraindication	vitamin B12 deficiency
Saxagliptin	contraindication	vitamin B12 deficiency
Glipizide	contraindication	vitamin B12 deficiency
Repaglinide	contraindication	vitamin B12 deficiency
Pioglitazone	contraindication	vitamin B12 deficiency
Glyburide	contraindication	vitamin B12 deficiency
Linezolid	contraindication	carcinoid syndrome
Atomoxetine	contraindication	Raynaud disease
Chlorthalidone	contraindication	Raynaud disease
Bendroflumethiazide	contraindication	Raynaud disease
Bisoprolol	contraindication	Raynaud disease
Betaxolol	contraindication	Raynaud disease
Brimonidine	contraindication	Raynaud disease
Chlorothiazide	contraindication	Raynaud disease
Hydrochlorothiazide	contraindication	Raynaud disease
Caffeine	contraindication	Raynaud disease
Nicotine	contraindication	Raynaud disease
Propranolol	contraindication	Raynaud disease
Metoprolol	contraindication	Raynaud disease
Phenobarbital	contraindication	Raynaud disease
Nadolol	contraindication	Raynaud disease
Clonidine	contraindication	Raynaud disease
Penbutolol	contraindication	Raynaud disease
Acebutolol	contraindication	Raynaud disease
Paclitaxel	contraindication	Raynaud disease
Atenolol	contraindication	Raynaud disease
Timolol	contraindication	Raynaud disease
Frovatriptan	contraindication	Raynaud disease
Almotriptan	contraindication	Raynaud disease
Eletriptan	contraindication	Raynaud disease
Zolmitriptan	contraindication	Raynaud disease
Pindolol	contraindication	Raynaud disease
Ergotamine	contraindication	Raynaud disease
Zolpidem	contraindication	attention deficit-hyperactivity disorder
Zolpidem	contraindication	attention deficit hyperactivity disorder, inattentive type
Riboflavin	contraindication	Leber hereditary optic neuropathy
Salicylamide	contraindication	Leber hereditary optic neuropathy
Pyridoxine	contraindication	Leber hereditary optic neuropathy
Folic acid	contraindication	Leber hereditary optic neuropathy
Caffeine	contraindication	Leber hereditary optic neuropathy
Ascorbic acid	contraindication	Leber hereditary optic neuropathy
Ibuprofen	contraindication	Leber hereditary optic neuropathy
Ferrous fumarate	contraindication	Leber hereditary optic neuropathy
Cobalamin	contraindication	Leber hereditary optic neuropathy
Docusate	contraindication	Leber hereditary optic neuropathy
Esmolol	contraindication	anaphylaxis
Chlorthalidone	contraindication	anaphylaxis
Bendroflumethiazide	contraindication	anaphylaxis
Carvedilol	contraindication	anaphylaxis
Bisoprolol	contraindication	anaphylaxis
Betaxolol	contraindication	anaphylaxis
Brimonidine	contraindication	anaphylaxis
Chlorothiazide	contraindication	anaphylaxis
Hydrochlorothiazide	contraindication	anaphylaxis
Carteolol	contraindication	anaphylaxis
Metoprolol	contraindication	anaphylaxis
Levobunolol	contraindication	anaphylaxis
Nadolol	contraindication	anaphylaxis
Sotalol	contraindication	anaphylaxis
Penbutolol	contraindication	anaphylaxis
Acebutolol	contraindication	anaphylaxis
Paclitaxel	contraindication	anaphylaxis
Atenolol	contraindication	anaphylaxis
Timolol	contraindication	anaphylaxis
Metipranolol	contraindication	anaphylaxis
Pindolol	contraindication	anaphylaxis
Dorzolamide	contraindication	anaphylaxis
Amantadine	contraindication	atopic eczema
Amantadine	contraindication	dermatitis
Fluocinolone acetonide	contraindication	atopic eczema
Fluocinolone acetonide	contraindication	dermatitis
Auranofin	contraindication	atopic eczema
Auranofin	contraindication	dermatitis
Tretinoin	contraindication	dermatitis
Aurothioglucose	contraindication	atopic eczema
Aurothioglucose	contraindication	dermatitis
Pentobarbital	contraindication	pneumonia
Secobarbital	contraindication	pneumonia
Amobarbital	contraindication	pneumonia
Bortezomib	contraindication	pneumonia
Enfuvirtide	contraindication	pneumonia
Loteprednol etabonate	contraindication	herpes simplex virus keratitis
Ganciclovir	contraindication	coronary artery disease
Adenosine	contraindication	coronary artery disease
Cabergoline	contraindication	pulmonary fibrosis
Cabergoline	contraindication	postinflammatory pulmonary fibrosis
Oxaliplatin	contraindication	pulmonary fibrosis
Oxaliplatin	contraindication	postinflammatory pulmonary fibrosis
Methotrexate	contraindication	pulmonary fibrosis
Methotrexate	contraindication	postinflammatory pulmonary fibrosis
Caffeine	contraindication	pulmonary fibrosis
Caffeine	contraindication	postinflammatory pulmonary fibrosis
Phenobarbital	contraindication	pulmonary fibrosis
Phenobarbital	contraindication	postinflammatory pulmonary fibrosis
Auranofin	contraindication	pulmonary fibrosis
Auranofin	contraindication	postinflammatory pulmonary fibrosis
Etoposide	contraindication	pulmonary fibrosis
Etoposide	contraindication	postinflammatory pulmonary fibrosis
Doxapram	contraindication	pulmonary fibrosis
Doxapram	contraindication	postinflammatory pulmonary fibrosis
Chlorambucil	contraindication	pulmonary fibrosis
Chlorambucil	contraindication	postinflammatory pulmonary fibrosis
Gefitinib	contraindication	pulmonary fibrosis
Gefitinib	contraindication	postinflammatory pulmonary fibrosis
Erlotinib	contraindication	pulmonary fibrosis
Erlotinib	contraindication	postinflammatory pulmonary fibrosis
Carmustine	contraindication	pulmonary fibrosis
Carmustine	contraindication	postinflammatory pulmonary fibrosis
Melphalan	contraindication	pulmonary fibrosis
Melphalan	contraindication	postinflammatory pulmonary fibrosis
Lomustine	contraindication	pulmonary fibrosis
Lomustine	contraindication	postinflammatory pulmonary fibrosis
Topotecan	contraindication	pulmonary fibrosis
Topotecan	contraindication	postinflammatory pulmonary fibrosis
Aurothioglucose	contraindication	pulmonary fibrosis
Aurothioglucose	contraindication	postinflammatory pulmonary fibrosis
Ergotamine	contraindication	pulmonary fibrosis
Ergotamine	contraindication	postinflammatory pulmonary fibrosis
Cabergoline	contraindication	severe pre-eclampsia
Cabergoline	contraindication	preeclampsia
Bromocriptine	contraindication	severe pre-eclampsia
Bromocriptine	contraindication	preeclampsia
Calcium lactate	contraindication	digitalis poisoning
Potassium chloride	contraindication	digitalis poisoning
Melatonin	contraindication	digitalis poisoning
Cholecalciferol	contraindication	digitalis poisoning
Calcium acetate	contraindication	digitalis poisoning
Etacrynic acid	contraindication	digitalis poisoning
Dipyridamole	contraindication	digitalis poisoning
Quinidine	contraindication	digitalis poisoning
Serine	contraindication	digitalis poisoning
Glycine	contraindication	digitalis poisoning
Ergocalciferol	contraindication	digitalis poisoning
Calcium gluconate	contraindication	digitalis poisoning
Calcium glucoheptonate	contraindication	digitalis poisoning
Calcium glycerophosphate	contraindication	digitalis poisoning
Cianidanol	contraindication	digitalis poisoning
Calcium chloride	contraindication	digitalis poisoning
Calcium lactate	contraindication	ventricular fibrillation (disease)
Potassium chloride	contraindication	ventricular fibrillation (disease)
Calcium acetate	contraindication	ventricular fibrillation (disease)
Dipyridamole	contraindication	ventricular fibrillation (disease)
Serine	contraindication	ventricular fibrillation (disease)
Glycine	contraindication	ventricular fibrillation (disease)
Calcium gluconate	contraindication	ventricular fibrillation (disease)
Calcium glucoheptonate	contraindication	ventricular fibrillation (disease)
Calcium glycerophosphate	contraindication	ventricular fibrillation (disease)
Digoxin	contraindication	ventricular fibrillation (disease)
Calcium chloride	contraindication	ventricular fibrillation (disease)
Epinephrine	contraindication	thrombotic disease
Norepinephrine	contraindication	thrombotic disease
Piroxicam	contraindication	thrombotic disease
Fenoprofen	contraindication	thrombotic disease
Tranexamic acid	contraindication	thrombotic disease
Cholic Acid	contraindication	sclerosing cholangitis
Chenodeoxycholic acid	contraindication	sclerosing cholangitis
Cholic Acid	contraindication	primary biliary cholangitis
Cholic Acid	contraindication	Reynolds syndrome
Fenofibrate	contraindication	primary biliary cholangitis
Fenofibrate	contraindication	Reynolds syndrome
Chenodeoxycholic acid	contraindication	primary biliary cholangitis
Chenodeoxycholic acid	contraindication	Reynolds syndrome
Fenofibric acid	contraindication	primary biliary cholangitis
Fenofibric acid	contraindication	Reynolds syndrome
Gemfibrozil	contraindication	primary biliary cholangitis
Gemfibrozil	contraindication	Reynolds syndrome
Fluticasone propionate	contraindication	adrenal gland hyperfunction
Fluticasone propionate	contraindication	Cushing syndrome
Desonide	contraindication	adrenal gland hyperfunction
Desonide	contraindication	Cushing syndrome
Budesonide	contraindication	adrenal gland hyperfunction
Budesonide	contraindication	Cushing syndrome
Cortisone acetate	contraindication	adrenal gland hyperfunction
Cortisone acetate	contraindication	Cushing syndrome
Fluticasone furoate	contraindication	adrenal gland hyperfunction
Fluticasone furoate	contraindication	Cushing syndrome
Fluocinonide	contraindication	adrenal gland hyperfunction
Fluocinonide	contraindication	Cushing syndrome
Cycloserine	contraindication	megaloblastic anemia (disease)
Phenytoin	contraindication	megaloblastic anemia (disease)
Serine	contraindication	megaloblastic anemia (disease)
Phenobarbital	contraindication	megaloblastic anemia (disease)
Primidone	contraindication	megaloblastic anemia (disease)
Amprenavir	contraindication	homozygous familial hypercholesterolemia
Levonorgestrel	contraindication	bacterial vaginosis
Levonorgestrel	contraindication	vaginitis (disease)
Levonorgestrel	contraindication	vulvitis
Levonorgestrel	contraindication	vulvovaginitis
Levonorgestrel	contraindication	HIV infectious disease
Levonorgestrel	contraindication	AIDS
Ascorbic acid	contraindication	HIV infectious disease
Ascorbic acid	contraindication	AIDS
Zinc gluconate	contraindication	HIV infectious disease
Zinc gluconate	contraindication	AIDS
Levonorgestrel	contraindication	amenorrhea (disease)
Levonorgestrel	contraindication	liver cancer
Levonorgestrel	contraindication	hepatocellular carcinoma
Testosterone	contraindication	liver cancer
Testosterone	contraindication	hepatocellular carcinoma
Methyltestosterone	contraindication	liver cancer
Methyltestosterone	contraindication	hepatocellular carcinoma
Progesterone	contraindication	liver cancer
Progesterone	contraindication	hepatocellular carcinoma
Mestranol	contraindication	liver cancer
Mestranol	contraindication	hepatocellular carcinoma
Norethisterone	contraindication	liver cancer
Norethisterone	contraindication	hepatocellular carcinoma
Ethinylestradiol	contraindication	liver cancer
Ethinylestradiol	contraindication	hepatocellular carcinoma
Estrone	contraindication	liver cancer
Estrone	contraindication	hepatocellular carcinoma
Estradiol	contraindication	liver cancer
Estradiol	contraindication	hepatocellular carcinoma
Norgestimate	contraindication	liver cancer
Norgestimate	contraindication	hepatocellular carcinoma
Erlotinib	contraindication	liver cancer
Erlotinib	contraindication	hepatocellular carcinoma
Ferrous fumarate	contraindication	liver cancer
Ferrous fumarate	contraindication	hepatocellular carcinoma
Tranexamic acid	contraindication	liver cancer
Tranexamic acid	contraindication	hepatocellular carcinoma
Levonorgestrel	contraindication	breast fibrocystic disease
Mestranol	contraindication	breast fibrocystic disease
Norethisterone	contraindication	breast fibrocystic disease
Ethinylestradiol	contraindication	breast fibrocystic disease
Estrone	contraindication	breast fibrocystic disease
Estradiol	contraindication	breast fibrocystic disease
Norgestimate	contraindication	breast fibrocystic disease
Ferrous fumarate	contraindication	breast fibrocystic disease
Tranexamic acid	contraindication	breast fibrocystic disease
Apraclonidine	contraindication	ascorbic acid deficiency
Apraclonidine	contraindication	scurvy
Idarubicin	contraindication	enterocolitis (disease)
Idarubicin	contraindication	gastroenteritis
Etidronic acid	contraindication	enterocolitis (disease)
Etidronic acid	contraindication	gastroenteritis
Dipyridamole	contraindication	hypertrophic cardiomyopathy
Dipyridamole	contraindication	familial hypertrophic cardiomyopathy
Vardenafil	contraindication	hypertrophic cardiomyopathy
Vardenafil	contraindication	familial hypertrophic cardiomyopathy
Digoxin	contraindication	hypertrophic cardiomyopathy
Digoxin	contraindication	familial hypertrophic cardiomyopathy
Tadalafil	contraindication	hypertrophic cardiomyopathy
Tadalafil	contraindication	familial hypertrophic cardiomyopathy
Sildenafil	contraindication	hypertrophic cardiomyopathy
Sildenafil	contraindication	familial hypertrophic cardiomyopathy
Erlotinib	contraindication	corneal ulcer
Diclofenac	contraindication	corneal ulcer
Lidocaine	contraindication	corneal ulcer
Albiglutide	contraindication	multiple endocrine neoplasia
Liraglutide	contraindication	multiple endocrine neoplasia
Serine	contraindication	phenylketonuria
Serine	contraindication	disorder of phenylalanine metabolism
Glycine	contraindication	phenylketonuria
Glycine	contraindication	disorder of phenylalanine metabolism
Cysteine	contraindication	phenylketonuria
Cysteine	contraindication	disorder of phenylalanine metabolism
Tyramine	contraindication	phenylketonuria
Tyramine	contraindication	disorder of phenylalanine metabolism
Cholestyramine	contraindication	phenylketonuria
Cholestyramine	contraindication	disorder of phenylalanine metabolism
Silicon dioxide	contraindication	hemorrhoid
Almasilate	contraindication	hemorrhoid
Didanosine	contraindication	hemorrhoid
Salicylamide	contraindication	hemorrhoid
Caffeine	contraindication	hemorrhoid
Magnesium carbonate	contraindication	hemorrhoid
Indomethacin	contraindication	hemorrhoid
Tyramine	contraindication	hemorrhoid
Magnesium trisilicate	contraindication	hemorrhoid
Magnesium hydroxide	contraindication	hemorrhoid
Cholestyramine	contraindication	hemorrhoid
Azelaic acid	contraindication	Wilson disease
Azelaic acid	contraindication	iron metabolism disease
Azelaic acid	contraindication	hereditary hemochromatosis
Ferrous sulfate anhydrous	contraindication	gastroenteritis
Iron	contraindication	gastroenteritis
Vitamin A	contraindication	gastroenteritis
Pyridoxine	contraindication	gastroenteritis
Folic acid	contraindication	gastroenteritis
Ascorbic acid	contraindication	gastroenteritis
Ferrous gluconate	contraindication	gastroenteritis
Hematin	contraindication	gastroenteritis
Ferrous fumarate	contraindication	gastroenteritis
Succinic acid	contraindication	gastroenteritis
Docusate	contraindication	gastroenteritis
Ferric oxide	contraindication	hemosiderosis
Potassium chloride	contraindication	Clostridium difficile colitis
Bisacodyl	contraindication	Clostridium difficile colitis
Ascorbic acid	contraindication	Clostridium difficile colitis
Polyethylene glycol	contraindication	Clostridium difficile colitis
Polyethylene glycol 400	contraindication	Clostridium difficile colitis
Polyethylene glycol 300	contraindication	Clostridium difficile colitis
Polyethylene glycol 3500	contraindication	Clostridium difficile colitis
Penicillamine	contraindication	iron deficiency anemia
Penicillamine	contraindication	hypochromic anemia
Penicillamine	contraindication	deficiency anemia
Penicillamine	contraindication	microcytic anemia
Triethylenetetramine	contraindication	iron deficiency anemia
Triethylenetetramine	contraindication	hypochromic anemia
Triethylenetetramine	contraindication	deficiency anemia
Triethylenetetramine	contraindication	microcytic anemia
Chlorthalidone	contraindication	atrioventricular block (disease)
Dipyridamole	contraindication	atrioventricular block (disease)
Propafenone	contraindication	atrioventricular block (disease)
Mefloquine	contraindication	atrioventricular block (disease)
Clonidine	contraindication	atrioventricular block (disease)
Galantamine	contraindication	atrioventricular block (disease)
Doxorubicin	contraindication	atrioventricular block (disease)
Digoxin	contraindication	atrioventricular block (disease)
Atazanavir	contraindication	atrioventricular block (disease)
Pregabalin	contraindication	atrioventricular block (disease)
Rivastigmine	contraindication	atrioventricular block (disease)
Donepezil	contraindication	atrioventricular block (disease)
Fluocinolone acetonide	contraindication	mycotic corneal ulcer
Caffeine	contraindication	brain ischemia
Caffeine	contraindication	transient ischemic attack (disease)
Phenobarbital	contraindication	brain ischemia
Phenobarbital	contraindication	transient ischemic attack (disease)
Vandetanib	contraindication	brain ischemia
Vandetanib	contraindication	transient ischemic attack (disease)
Naproxen	contraindication	brain ischemia
Almotriptan	contraindication	brain ischemia
Eletriptan	contraindication	brain ischemia
Zolmitriptan	contraindication	brain ischemia
Ergotamine	contraindication	brain ischemia
Ergotamine	contraindication	transient ischemic attack (disease)
Sumatriptan	contraindication	brain ischemia
Thiopental	contraindication	myxedema
Thiopental	contraindication	hypothyroidism
Thiopental	contraindication	congenital hypothyroidism
Dipyridamole	contraindication	myxedema
Dipyridamole	contraindication	hypothyroidism
Dipyridamole	contraindication	congenital hypothyroidism
Digoxin	contraindication	myxedema
Digoxin	contraindication	hypothyroidism
Digoxin	contraindication	congenital hypothyroidism
Codeine	contraindication	central nervous system disease
Codeine	contraindication	narcolepsy-cataplexy syndrome
Codeine	contraindication	Balo concentric sclerosis
Codeine	contraindication	X-linked adrenoleukodystrophy
Phenylephrine	contraindication	central nervous system disease
Phenylephrine	contraindication	narcolepsy-cataplexy syndrome
Phenylephrine	contraindication	Balo concentric sclerosis
Phenylephrine	contraindication	X-linked adrenoleukodystrophy
Dextromethorphan	contraindication	central nervous system disease
Dextromethorphan	contraindication	narcolepsy-cataplexy syndrome
Dextromethorphan	contraindication	Balo concentric sclerosis
Dextromethorphan	contraindication	X-linked adrenoleukodystrophy
Megestrol acetate	contraindication	hypogonadism, male
Megestrol acetate	contraindication	eunuchism
Megestrol acetate	contraindication	premature menopause
Megestrol acetate	contraindication	androgen insensitivity syndrome
Amiodarone	contraindication	extrinsic allergic alveolitis
Amiodarone	contraindication	hypersensitivity pneumonitis
Amiodarone	contraindication	farmer's lung disease
Fondaparinux	contraindication	autoimmune thrombocytopenic
Fondaparinux	contraindication	thrombocytopenia due to immune destruction
Liothyronine	contraindication	thyroid crisis (disease)
Haloperidol	contraindication	thyroid crisis (disease)
Levothyroxine	contraindication	thyroid crisis (disease)
Phendimetrazine	contraindication	preeclampsia
Phendimetrazine	contraindication	mild pre-eclampsia
Progesterone	contraindication	preeclampsia
Progesterone	contraindication	mild pre-eclampsia
Histamine	contraindication	preeclampsia
Histamine	contraindication	mild pre-eclampsia
Chlorphentermine	contraindication	preeclampsia
Chlorphentermine	contraindication	mild pre-eclampsia
Bromocriptine	contraindication	mild pre-eclampsia
Phentermine	contraindication	preeclampsia
Phentermine	contraindication	mild pre-eclampsia
Alprostadil	contraindication	urethritis (disease)
Alprostadil	contraindication	polycythemia (disease)
Alprostadil	contraindication	acute lymphoblastic leukemia (disease)
Alprostadil	contraindication	myeloid leukemia
Alprostadil	contraindication	sickle cell disease and related diseases
Alprostadil	contraindication	hemoglobinopathy
Potassium chloride	contraindication	epiglottitis
Brimonidine	contraindication	thromboangiitis obliterans
Nicotine	contraindication	thromboangiitis obliterans
Timolol	contraindication	thromboangiitis obliterans
Sodium tetradecyl sulfate	contraindication	thromboangiitis obliterans
Doxazosin	contraindication	intestinal obstruction
Nifedipine	contraindication	intestinal obstruction
Paliperidone	contraindication	intestinal obstruction
Bendroflumethiazide	contraindication	heart failure
Bendroflumethiazide	contraindication	congestive heart failure
Chlorothiazide	contraindication	heart failure
Chlorothiazide	contraindication	congestive heart failure
Hydrochlorothiazide	contraindication	heart failure
Hydrochlorothiazide	contraindication	congestive heart failure
Nadolol	contraindication	heart failure
Nadolol	contraindication	congestive heart failure
Penbutolol	contraindication	heart failure
Penbutolol	contraindication	congestive heart failure
Timolol	contraindication	heart failure
Timolol	contraindication	congestive heart failure
Pindolol	contraindication	heart failure
Pindolol	contraindication	congestive heart failure
Lisdexamfetamine	contraindication	Tourette syndrome
Metamfetamine	contraindication	Tourette syndrome
Dextroamphetamine	contraindication	Tourette syndrome
Dexmethylphenidate	contraindication	Tourette syndrome
Amphetamine	contraindication	Tourette syndrome
Butabarbital	contraindication	Tourette syndrome
Methylphenidate	contraindication	Tourette syndrome
Indomethacin	contraindication	malignant colon neoplasm
Indomethacin	contraindication	colorectal cancer
Indomethacin	contraindication	colonic neoplasm
Indomethacin	contraindication	squamous cell carcinoma of colon
Nicardipine	contraindication	hypertension
Didanosine	contraindication	pancreatitis
Linagliptin	contraindication	pancreatitis
Nilotinib	contraindication	pancreatitis
Sunitinib	contraindication	pancreatitis
Furosemide	contraindication	pancreatitis
Pazopanib	contraindication	pancreatitis
Ribavirin	contraindication	pancreatitis
Sorafenib	contraindication	pancreatitis
Tigecycline	contraindication	pancreatitis
Liraglutide	contraindication	pancreatitis
Clevidipine	contraindication	pancreatitis
Triethylenetetramine	contraindication	pancreatitis
Mannitol	contraindication	pulmonary edema
Zoledronic acid	contraindication	pulmonary edema
Auranofin	contraindication	Sjogren syndrome
Auranofin	contraindication	dry eye syndrome
Aurothioglucose	contraindication	Sjogren syndrome
Aurothioglucose	contraindication	dry eye syndrome
Polythiazide	contraindication	narcolepsy
Polythiazide	contraindication	narcolepsy-cataplexy syndrome
Polythiazide	contraindication	central nervous system disease
Polythiazide	contraindication	Balo concentric sclerosis
Polythiazide	contraindication	X-linked adrenoleukodystrophy
Prazosin	contraindication	narcolepsy
Prazosin	contraindication	narcolepsy-cataplexy syndrome
Prazosin	contraindication	central nervous system disease
Prazosin	contraindication	Balo concentric sclerosis
Prazosin	contraindication	X-linked adrenoleukodystrophy
Lemborexant	contraindication	narcolepsy
Lemborexant	contraindication	narcolepsy-cataplexy syndrome
Lemborexant	contraindication	central nervous system disease
Lemborexant	contraindication	Balo concentric sclerosis
Lemborexant	contraindication	X-linked adrenoleukodystrophy
Pramipexole	contraindication	narcolepsy
Pramipexole	contraindication	narcolepsy-cataplexy syndrome
Pramipexole	contraindication	central nervous system disease
Pramipexole	contraindication	Balo concentric sclerosis
Pramipexole	contraindication	X-linked adrenoleukodystrophy
Suvorexant	contraindication	narcolepsy
Suvorexant	contraindication	narcolepsy-cataplexy syndrome
Suvorexant	contraindication	central nervous system disease
Suvorexant	contraindication	Balo concentric sclerosis
Suvorexant	contraindication	X-linked adrenoleukodystrophy
Modafinil	contraindication	postural orthostatic tachycardia syndrome
Armodafinil	contraindication	postural orthostatic tachycardia syndrome
Carmustine	contraindication	infectious meningitis
Carmustine	contraindication	meningitis (disease)
Carmustine	contraindication	arachnoiditis
Carmustine	contraindication	IgG4-related pachymeningitis
Beclomethasone dipropionate	contraindication	leprosy
Leucovorin	contraindication	pernicious anemia
Pantoprazole	contraindication	pernicious anemia
Sirolimus	contraindication	brain cancer
Sirolimus	contraindication	embryonal carcinoma
Sirolimus	contraindication	pituicytoma
Sirolimus	contraindication	giant cell glioblastoma
Sirolimus	contraindication	anaplastic astrocytoma
Sirolimus	contraindication	diffuse astrocytoma
Sirolimus	contraindication	protoplasmic astrocytoma
Sirolimus	contraindication	fibrillary astrocytoma
Sirolimus	contraindication	gemistocytic astrocytoma
Sirolimus	contraindication	pleomorphic xanthoastrocytoma
Sirolimus	contraindication	juvenile pilocytic astrocytoma
Sirolimus	contraindication	pilomyxoid astrocytoma
Sirolimus	contraindication	oligodendroglial tumor
Sirolimus	contraindication	anaplastic oligodendroglioma
Sirolimus	contraindication	anaplastic ependymoma
Sirolimus	contraindication	oligoastrocytoma
Sirolimus	contraindication	anaplastic oligoastrocytoma
Sirolimus	contraindication	angiocentric glioma
Sirolimus	contraindication	chordoid glioma of the third ventricle
Sirolimus	contraindication	astroblastoma
Sirolimus	contraindication	ependymoblastoma
Sirolimus	contraindication	neuroepithelial neoplasm
Sirolimus	contraindication	glioblastoma (disease)
Sirolimus	contraindication	peripheral primitive neuroectodermal tumor
Sirolimus	contraindication	embryonal carcinoma of the central nervous system
Temsirolimus	contraindication	brain cancer
Temsirolimus	contraindication	embryonal carcinoma
Temsirolimus	contraindication	pituicytoma
Temsirolimus	contraindication	giant cell glioblastoma
Temsirolimus	contraindication	anaplastic astrocytoma
Temsirolimus	contraindication	diffuse astrocytoma
Temsirolimus	contraindication	protoplasmic astrocytoma
Temsirolimus	contraindication	fibrillary astrocytoma
Temsirolimus	contraindication	gemistocytic astrocytoma
Temsirolimus	contraindication	pleomorphic xanthoastrocytoma
Temsirolimus	contraindication	juvenile pilocytic astrocytoma
Temsirolimus	contraindication	pilomyxoid astrocytoma
Temsirolimus	contraindication	oligodendroglial tumor
Temsirolimus	contraindication	anaplastic oligodendroglioma
Temsirolimus	contraindication	anaplastic ependymoma
Temsirolimus	contraindication	oligoastrocytoma
Temsirolimus	contraindication	anaplastic oligoastrocytoma
Temsirolimus	contraindication	angiocentric glioma
Temsirolimus	contraindication	chordoid glioma of the third ventricle
Temsirolimus	contraindication	astroblastoma
Temsirolimus	contraindication	ependymoblastoma
Temsirolimus	contraindication	neuroepithelial neoplasm
Temsirolimus	contraindication	glioblastoma (disease)
Temsirolimus	contraindication	peripheral primitive neuroectodermal tumor
Temsirolimus	contraindication	embryonal carcinoma of the central nervous system
Teriparatide	contraindication	renal osteodystrophy
Cholecalciferol	contraindication	esophagitis (disease)
Cholecalciferol	contraindication	peptic esophagitis
Cholecalciferol	contraindication	gastroesophageal reflux disease
Alendronic acid	contraindication	esophagitis (disease)
Alendronic acid	contraindication	peptic esophagitis
Alendronic acid	contraindication	gastroesophageal reflux disease
Nicotine	contraindication	esophagitis (disease)
Nicotine	contraindication	peptic esophagitis
Nicotine	contraindication	gastroesophageal reflux disease
Floxuridine	contraindication	esophagitis (disease)
Floxuridine	contraindication	peptic esophagitis
Floxuridine	contraindication	gastroesophageal reflux disease
Hydrocortisone	contraindication	esophagitis (disease)
Hydrocortisone	contraindication	peptic esophagitis
Hydrocortisone	contraindication	gastroesophageal reflux disease
Ergocalciferol	contraindication	esophagitis (disease)
Ergocalciferol	contraindication	peptic esophagitis
Ergocalciferol	contraindication	gastroesophageal reflux disease
Cortisone acetate	contraindication	esophagitis (disease)
Cortisone acetate	contraindication	peptic esophagitis
Cortisone acetate	contraindication	gastroesophageal reflux disease
Hydrocortisone acetate	contraindication	esophagitis (disease)
Hydrocortisone acetate	contraindication	peptic esophagitis
Hydrocortisone acetate	contraindication	gastroesophageal reflux disease
Chloral hydrate	contraindication	esophagitis (disease)
Chloral hydrate	contraindication	peptic esophagitis
Chloral hydrate	contraindication	gastroesophageal reflux disease
Etidronic acid	contraindication	esophagitis (disease)
Etidronic acid	contraindication	peptic esophagitis
Etidronic acid	contraindication	gastroesophageal reflux disease
Ibandronate	contraindication	esophagitis (disease)
Ibandronate	contraindication	peptic esophagitis
Ibandronate	contraindication	gastroesophageal reflux disease
Etacrynic acid	contraindication	hypoparathyroidism
Sibutramine	contraindication	peripheral arterial disease
Tranexamic acid	contraindication	subarachnoid hemorrhage (disease)
Tranexamic acid	contraindication	acquired aneurysmal subarachnoid hemorrhage
Ethadione	contraindication	Lambert-Eaton myasthenic syndrome
Trimethadione	contraindication	Lambert-Eaton myasthenic syndrome
Adenosine phosphate	contraindication	bronchiectasis
Adenosine phosphate	contraindication	idiopathic bronchiectasis
Mechlorethamine	contraindication	amyloidosis (disease)
Mechlorethamine	contraindication	AH amyloidosis
Mechlorethamine	contraindication	AL amyloidosis
Sodium tetradecyl sulfate	contraindication	cancer
Cyclosporine	contraindication	lymphoma
Cyclosporine	contraindication	primary central nervous system lymphoma
Cyclosporine	contraindication	lymphosarcoma
Sirolimus	contraindication	lymphoma
Sirolimus	contraindication	primary central nervous system lymphoma
Sirolimus	contraindication	lymphosarcoma
Azathioprine	contraindication	lymphoma
Azathioprine	contraindication	primary central nervous system lymphoma
Azathioprine	contraindication	lymphosarcoma
Everolimus	contraindication	lymphoma
Everolimus	contraindication	primary central nervous system lymphoma
Everolimus	contraindication	lymphosarcoma
Phenol	contraindication	lymphoma
Phenol	contraindication	primary central nervous system lymphoma
Phenol	contraindication	lymphosarcoma
Tacrolimus	contraindication	lymphoma
Tacrolimus	contraindication	primary central nervous system lymphoma
Tacrolimus	contraindication	lymphosarcoma
Dinoprost	contraindication	genital herpes
Dinoprostone	contraindication	genital herpes
Indomethacin	contraindication	proctitis
Chloral hydrate	contraindication	proctitis
Lactulose	contraindication	galactosemia
Lactulose	contraindication	glycogen storage disease
Lactulose	contraindication	G6PD deficiency
Lactulose	contraindication	cystinuria
Montelukast	contraindication	hypereosinophilic syndrome
Vincristine	contraindication	neuromuscular junction disease
Phenytoin	contraindication	thyroid gland disease
Phenytoin	contraindication	goiter (disease)
Liraglutide	contraindication	thyroid gland disease
Liraglutide	contraindication	goiter (disease)
Valrubicin	contraindication	overactive bladder (disease)
Chloramphenicol	contraindication	paroxysmal nocturnal hemoglobinuria
Betamethasone	contraindication	psoriasis
Betamethasone	contraindication	parapsoriasis
Triethylenetetramine	contraindication	psoriasis
Triethylenetetramine	contraindication	parapsoriasis
Betamethasone	contraindication	pustular psoriasis
Triethylenetetramine	contraindication	pustular psoriasis
Estradiol	contraindication	streptococcal toxic-shock syndrome
Sirolimus	contraindication	lymphedema
Sirolimus	contraindication	elephantiasis
Bupropion	contraindication	opiate dependence
Bupropion	contraindication	morphine dependence
Naltrexone	contraindication	opiate dependence
Naltrexone	contraindication	morphine dependence
Teriparatide	contraindication	osteitis fibrosa
Teriparatide	contraindication	hyperparathyroidism
Carmustine	contraindication	intracranial abscess
Methadyl acetate	contraindication	gastroenteritis
Methadyl acetate	contraindication	proctitis
Fenofibrate	contraindication	dermatomyositis
Fenofibrate	contraindication	myositis
Fenofibric acid	contraindication	dermatomyositis
Fenofibric acid	contraindication	myositis
Telbivudine	contraindication	dermatomyositis
Telbivudine	contraindication	myositis
Zidovudine	contraindication	dermatomyositis
Zidovudine	contraindication	myositis
Abacavir	contraindication	dermatomyositis
Abacavir	contraindication	myositis
Lamivudine	contraindication	dermatomyositis
Lamivudine	contraindication	myositis
Tretinoin	contraindication	vitiligo
Minoxidil	contraindication	scalp dermatosis
Ribavirin	contraindication	inherited aplastic anemia
Ribavirin	contraindication	idiopathic aplastic anemia
Ribavirin	contraindication	Diamond-Blackfan anemia
Ribavirin	contraindication	aplastic anemia
Primidone	contraindication	inherited aplastic anemia
Primidone	contraindication	Diamond-Blackfan anemia
Phenol	contraindication	inherited aplastic anemia
Phenol	contraindication	idiopathic aplastic anemia
Phenol	contraindication	Diamond-Blackfan anemia
Phenol	contraindication	aplastic anemia
Tacrolimus	contraindication	inherited aplastic anemia
Tacrolimus	contraindication	idiopathic aplastic anemia
Tacrolimus	contraindication	Diamond-Blackfan anemia
Tacrolimus	contraindication	aplastic anemia
Esketamine	contraindication	vascular disease
Tretinoin	contraindication	thrombophilia
Methoxsalen	contraindication	squamous cell carcinoma
Methoxsalen	contraindication	glycogen storage disease
Methoxsalen	contraindication	G6PD deficiency
Methoxsalen	contraindication	cystinuria
Methoxsalen	contraindication	galactosemia
Fosamprenavir	contraindication	hemophilia
Fosamprenavir	contraindication	symptomatic form of hemophilia in female carriers
Darunavir	contraindication	hemophilia
Darunavir	contraindication	symptomatic form of hemophilia in female carriers
Lopinavir	contraindication	hemophilia
Lopinavir	contraindication	symptomatic form of hemophilia in female carriers
Tipranavir	contraindication	hemophilia
Tipranavir	contraindication	symptomatic form of hemophilia in female carriers
Amprenavir	contraindication	hemophilia
Amprenavir	contraindication	symptomatic form of hemophilia in female carriers
Ritonavir	contraindication	hemophilia
Ritonavir	contraindication	symptomatic form of hemophilia in female carriers
Saquinavir	contraindication	hemophilia
Saquinavir	contraindication	symptomatic form of hemophilia in female carriers
Sodium tetradecyl sulfate	contraindication	venous insufficiency (disease)
Fosamprenavir	contraindication	lipodystrophy (disease)
Fosamprenavir	contraindication	lipodystrophy
Amprenavir	contraindication	lipodystrophy (disease)
Amprenavir	contraindication	lipodystrophy
Zoledronic acid	contraindication	fibromyalgia
Zoledronic acid	contraindication	myositis
Ibandronate	contraindication	fibromyalgia
Ibandronate	contraindication	myositis
Risedronic acid	contraindication	fibromyalgia
Risedronic acid	contraindication	myositis
Erlotinib	contraindication	acute respiratory distress syndrome
Erlotinib	contraindication	newborn respiratory distress syndrome
Bortezomib	contraindication	acute respiratory distress syndrome
Bortezomib	contraindication	newborn respiratory distress syndrome
Cytarabine	contraindication	acute respiratory distress syndrome
Cytarabine	contraindication	newborn respiratory distress syndrome
Ravulizumab	contraindication	meningococcal infection
Ambrisentan	contraindication	pulmonary venoocclusive disease
Bosentan	contraindication	pulmonary venoocclusive disease
Sildenafil	contraindication	pulmonary venoocclusive disease
Desmopressin	contraindication	von Willebrand disease
Latanoprost	contraindication	acute contagious conjunctivitis
Latanoprost	contraindication	conjunctivitis
Nitisinone	contraindication	tyrosinemia
